DROP TABLE IF EXISTS `battles`;
CREATE TABLE `battles` (
  `id` int(10) unsigned NOT NULL,
  `dungeon` int(10) unsigned NOT NULL,
  `name` varchar(45) NOT NULL,
  `stamina` smallint(5) unsigned NOT NULL,
  `times_run` int(10) unsigned NOT NULL DEFAULT '0',
  PRIMARY KEY (`id`),
  UNIQUE KEY `id_UNIQUE` (`id`),
  KEY `FK_Battle_Dungeon_idx` (`dungeon`),
  CONSTRAINT `FK_battle_dungeon` FOREIGN KEY (`dungeon`) REFERENCES `dungeons` (`id`) ON DELETE NO ACTION ON UPDATE NO ACTION
) ENGINE=InnoDB DEFAULT CHARSET=utf8;

LOCK TABLES `battles` WRITE;
/*!40000 ALTER TABLE `battles` DISABLE KEYS */;
INSERT INTO `battles` VALUES (301001,201001,'Chaos Shrine - Entrance',6,0),(301002,201001,'Chaos Shrine - Great Hall',6,0),(301003,201001,'Chaos Shrine - Central Chamber',7,0),(301004,201002,'Marsh Cave - 1st Level',6,0),(301005,201002,'Marsh Cave - 2nd Level',6,0),(301006,201002,'Marsh Cave - 3rd Level',6,0),(301007,201002,'Western Keep - Throne Room',7,0),(302001,202001,'Semitt Falls Cavern - 1st Level',6,0),(302002,202001,'Semitt Falls Cavern - 2nd Level',6,0),(302003,202001,'Semitt Falls Cavern - 3rd Level',6,0),(302004,202001,'Semitt Falls Cavern - 4th Level',6,0),(302005,202001,'Semitt Falls Cavern - 5th Level',7,0),(302006,202002,'Snow Cavern - 1st Level',6,0),(302007,202002,'Snow Cavern - 2nd Level',6,0),(302008,202002,'Snow Cavern - 3rd Level',6,0),(302009,202002,'Snow Cavern - 4th Level',6,0),(302010,202002,'Snow Cavern - 5th Level',6,0),(302011,202002,'Snow Cavern - 6th Level',7,0),(302012,202003,'Snow Cavern (Return) - 5th Level',6,0),(302013,202003,'Snow Cavern (Return) - 4th Level',6,0),(302014,202003,'Snow Cavern (Return) - 3rd Level',6,0),(302015,202003,'Snow Cavern (Return) - 2nd Level',6,0),(302016,202003,'Snow Cavern (Return) - 1st Level',7,0),(304001,204001,'Mist Cave - Entrance',2,0),(304002,204001,'Mist Cave - Waypoint',2,0),(304003,204001,'Mist Cave - Exit',3,0),(304004,204002,'Underground Waterway - South',2,0),(304005,204002,'Underground Waterway - North',2,0),(304006,204002,'Underground Waterway - Levelan Lake',3,0),(304007,204003,'Antlion\'s Den - 1st Level',3,0),(304008,204003,'Antlion\'s Den - 2nd Level',3,0),(304009,204003,'Antlion\'s Den - 3rd Level',3,0),(304010,204003,'Antlion\'s Den - Central Chamber',4,0),(304011,204004,'Mount Hobs - 3rd Station',4,0),(304012,204004,'Mount Hobs - 5th Station',4,0),(304013,204004,'Mount Hobs - 7th Station',4,0),(304014,204004,'Mount Hobs - Summit',5,0),(304015,204005,'Fabul Castle - 1st Battle',1,0),(304016,204005,'Fabul Castle - 2nd Battle',1,0),(304017,204005,'Fabul Castle - 3rd Battle',1,0),(304018,204005,'Fabul Castle - 4th Battle',1,0),(304019,204005,'Fabul Castle - 5th Battle',1,0),(304020,204005,'Fabul Castle - 6th Battle',1,0),(304021,204005,'Fabul Castle - Final Battle',2,0),(304030,204007,'Ancient Waterway - 3rd Level',4,0),(304031,204007,'Ancient Waterway - 2nd Level',4,0),(304032,204007,'Ancient Waterway - 1st Level',4,0),(304033,204007,'Baron Castle - 1st Floor',5,0),(304034,204007,'Baron Castle - Throne Room',5,0),(304035,204008,'Lodestone Cavern - 1st Level',7,0),(304036,204008,'Lodestone Cavern - 2nd Level',7,0),(304037,204008,'Lodestone Cavern - 3rd Level',7,0),(304038,204008,'Lodestone Cavern - 4th Level',7,0),(304039,204008,'Lodestone Cavern - Crystal Chamber',8,0),(304040,204009,'Tower of Zot - 1st Floor',7,0),(304041,204009,'Tower of Zot - 2nd Floor',7,0),(304042,204009,'Tower of Zot - 3rd Floor',7,0),(304043,204009,'Tower of Zot - 4th Floor',7,0),(304044,204009,'Tower of Zot - 5th Floor',8,0),(304045,204010,'Tower of Zot Pinnacle - 6th Floor',7,0),(304046,204010,'Tower of Zot Pinnacle - Top Floor',8,0),(304047,204011,'Dwarven Castle - Exterior',7,0),(304048,204011,'Dwarven Castle - 1st Floor',7,0),(304049,204011,'Dwarven Castle - Throne Room',7,0),(304050,204011,'Dwarven Castle - Crystal Chamber Entrance',8,0),(304051,204011,'Dwarven Castle - Crystal Chamber',8,0),(304052,204012,'Tower of Babil - 13th Level',5,0),(304053,204012,'Tower of Babil - 12th Level',5,0),(304054,204012,'Tower of Babil - 11th Level',5,0),(304055,204012,'Tower of Babil - 10th Level',5,0),(304056,204012,'Tower of Babil - 9th Level',5,0),(304057,204012,'Tower of Babil - 8th Level',5,0),(304058,204012,'Tower of Babil - 7th Level',6,0),(304059,204012,'Tower of Babil - 6th Level',6,0),(304060,204013,'Cave of Eblan - Entrance',7,0),(304061,204013,'Cave of Eblan - Town Passage',7,0),(304062,204013,'Cave of Eblan - Escape Route',7,0),(304063,204013,'Cave of Eblan - Exit',8,0),(304064,204014,'Tower of Babil - 1st Level',5,0),(304065,204014,'Tower of Babil - 2nd Level',5,0),(304066,204014,'Tower of Babil - 3rd Level',5,0),(304067,204014,'Tower of Babil - 4th Level',5,0),(304068,204014,'Tower of Babil - 5th Level',5,0),(304069,204014,'Tower of Babil - 6th Level',6,0),(304070,204014,'Tower of Babil - 7th Level',5,0),(304071,204014,'Tower of Babil - 8th Level',6,0),(304072,204015,'Passage of the Eidolons - 1st Level',7,0),(304073,204015,'Passage of the Eidolons - 2nd Level',7,0),(304074,204015,'Passage of the Eidolons - 3rd Level',7,0),(304075,204015,'Feymarch Throneroom - Queen\'s Trial',8,0),(304076,204015,'Feymarch Throneroom - King\'s Trial',8,0),(305001,205001,'Wind Shrine - 1st Floor',4,0),(305002,205001,'Wind Shrine - 2nd Floor',4,0),(305003,205001,'Wind Shrine - 3rd Floor',4,0),(305004,205001,'Wind Shrine - 4th Floor',4,0),(305005,205001,'Wind Shrine - Crystal Antechamber',5,0),(305006,205002,'Torna Canal - Gate',4,0),(305007,205002,'Torna Canal - Entrance',4,0),(305008,205002,'Torna Canal - Midway',4,0),(305009,205002,'Torna Canal - Bottleneck',5,0),(305010,205003,'Ship Graveyard - Shipwreck Deck',4,0),(305011,205003,'Ship Graveyard - Shipwreck Cabin',4,0),(305012,205003,'Ship Graveyard - Shipwreck Bow',4,0),(305013,205003,'Ship Graveyard - Exterior',5,0),(305014,205004,'North Mountain - Cavern',4,0),(305015,205004,'North Mountain - Pathway',4,0),(305016,205004,'North Mountain - Mountainside Cave',4,0),(305017,205004,'North Mountain - 5th Station',4,0),(305018,205004,'North Mountain - 8th Station',5,0),(306001,206001,'Narshe',5,0),(306002,206001,'North Mines - Entrance',5,0),(306003,206001,'North Mines - Midway',5,0),(306004,206001,'North Mines - Inner Mines',6,0),(306005,206002,'Abandoned Mineshaft - 1st Battle',5,0),(306006,206002,'Abandoned Mineshaft - 2nd Battle',5,0),(306007,206002,'Abandoned Mineshaft - 3rd Battle',5,0),(306008,206002,'Abandoned Mineshaft - Final Battle',6,0),(306009,206003,'Figaro Castle - 1st Floor',5,0),(306010,206003,'Figaro Castle - 2nd Floor',5,0),(306011,206003,'Figaro Castle - 3rd Floor',5,0),(306012,206003,'Figaro Castle - Throne Room',5,0),(306013,206003,'Figaro Castle - Exterior',6,0),(306014,206004,'Mt. Kolts - Path',5,0),(306015,206004,'Mt. Kolts - Suspension Bridge',5,0),(306016,206004,'Mt. Kolts - Passage',5,0),(306017,206004,'Mt. Kolts - Hidden Passage',5,0),(306018,206004,'Mt. Kolts - Sky Vault',5,0),(306019,206004,'Mt. Kolts - Descent',6,0),(306025,206006,'Imperial Camp - Entrance',5,0),(306026,206006,'Imperial Camp - Northeast',5,0),(306027,206006,'Imperial Camp - North',5,0),(306028,206006,'Imperial Camp - Center',5,0),(306029,206006,'Imperial Camp - West',5,0),(306030,206006,'Imperial Camp - Exit',6,0),(306031,206007,'South Figaro Cave - South Entrance',5,0),(306032,206007,'South Figaro Cave - Narrow Pathway',5,0),(306033,206007,'South Figaro Cave - Stone Vault',5,0),(306034,206007,'South Figaro Cave - Wide Pathway',6,0),(306035,206008,'2nd Class - Carriage 4',3,0),(306036,206008,'2nd Class - Carriage 3',3,0),(306037,206008,'2nd Class - Carriage 2',3,0),(306038,206008,'2nd Class - Carriage 1',3,0),(306039,206008,'1st Class - Carriage 2',3,0),(306040,206008,'1st Class - Carriage 1',3,0),(306041,206008,'Locomotive',4,0),(306042,206009,'Esper Vale - 1st Battle',6,0),(306043,206009,'Esper Vale - 2nd Battle',6,0),(306044,206009,'Esper Vale - Last Stand',7,0),(306045,206010,'Zozo Tower - Lower Levels',6,0),(306046,206010,'Zozo Tower - Mid Levels',6,0),(306047,206010,'Zozo Tower - Upper Levels',6,0),(306048,206010,'Zozo Tower - Highest Level',7,0),(306049,206011,'Opera House - Right Stair',6,0),(306050,206011,'Opera House - Left Stair',6,0),(306051,206011,'Opera House - Catwalk',6,0),(306052,206011,'Opera House - Stage',7,0),(306053,206012,'Magitek Factory - Entrance',6,0),(306054,206012,'Magitek Factory - Center',6,0),(306055,206012,'Magitek Factory - Hidden Passage',6,0),(306056,206012,'Magitek Factory - Garbage Chute',7,0),(306057,206013,'Vector - Escape Route',6,0),(306058,206013,'Vector - Streets',6,0),(306059,206013,'Airship - Interception',7,0),(306060,206014,'Thamasa - House Entrance',6,0),(306061,206014,'Thamasa - House Passage',6,0),(306062,206014,'Thamasa - House Back Room',7,0),(306063,206015,'Esper Caves - Entrance',6,0),(306064,206015,'Esper Caves - Mountain Path',6,0),(306065,206015,'Esper Caves - Center',6,0),(306066,206015,'Esper Caves - Depths',7,0),(306067,206016,'Airship - 1st Encounter',6,0),(306068,206016,'Airship - 2nd Encounter',6,0),(306069,206016,'Airship - 3rd Counter',6,0),(306070,206016,'Airship - Above the Floating Continent',7,0),(306071,206016,'Airship - Descent',7,0),(306072,206017,'Floating Continent - West',6,0),(306073,206017,'Floating Continent - South',6,0),(306074,206017,'Floating Continent - East',6,0),(306075,206017,'Floating Continent - Central Hill',7,0),(306076,206018,'Floating Continent - Escape Route West',6,0),(306077,206018,'Floating Continent - Escape Route Center',6,0),(306078,206018,'Floating Continent - Escape Route East',6,0),(306079,206018,'Floating Continent - Airship',7,0),(306080,206019,'Solitary Island - Escape',7,0),(306081,206019,'Solitary Island - North Cliff',7,0),(306082,206019,'Solitary Island - Cabin Cellar',8,0),(306083,206020,'Mobliz Village - Eaves',8,0),(306084,206021,'South Figaro Cave - Entrance',7,0),(306085,206021,'South Figaro Cave - Passage',7,0),(306086,206021,'South Figaro Cave - Hidden Passage',7,0),(306087,206021,'Figaro Castle - Dungeon 2nd Floor',7,0),(306088,206021,'Figaro Castle - Inner Room',8,0),(306089,206022,'Darill\'s Tomb - 1st Level',7,0),(306090,206022,'Darill\'s Tomb - 2nd Level',7,0),(306091,206022,'Darill\'s Tomb - 2nd Level - Gravesite',7,0),(306092,206022,'Darill\'s Tomb - 2nd Level - Inner Chamber',8,0),(306093,206022,'Darill\'s Tomb - Undercroft',8,0),(307001,207001,'Mako Reactor No. 1',3,0),(307004,207002,'Winding Tunnel',2,0),(307005,207002,'Sector 4 Plate - Substructure',2,0),(307006,207002,'Mako Reactor No. 5',3,0),(310001,210001,'Stadium',2,0),(310002,210001,'Overpass',2,0),(310003,210001,'Ruined Overpass',3,0),(310004,210002,'Village Slope',2,0),(310005,210002,'Promontory',2,0),(310006,210002,'Ancient Road',3,0),(310007,210003,'Deck - Aft',3,0),(310008,210003,'Deck - Amidships',3,0),(310009,210003,'Deck - Fore',4,0),(501001,401001,'Chaos Shrine - Entrance',12,0),(501002,401001,'Chaos Shrine - Great Hall',12,0),(501003,401001,'Chaos Shrine - Central Chamber',13,0),(501004,401002,'Marsh Cave - 1st Level',12,0),(501005,401002,'Marsh Cave - 2nd Level',12,0),(501006,401002,'Marsh Cave - 3rd Level',12,0),(501007,401002,'Western Keep - Throne Room',13,0),(502001,402001,'Semitt Falls Cavern - 1st Level',13,0),(502002,402001,'Semitt Falls Cavern - 2nd Level',13,0),(502003,402001,'Semitt Falls Cavern - 3rd Level',13,0),(502004,402001,'Semitt Falls Cavern - 4th Level',13,0),(502005,402001,'Semitt Falls Cavern - 5th Level',14,0),(502006,402002,'Snow Cavern - 1st Level',13,0),(502007,402002,'Snow Cavern - 2nd Level',13,0),(502008,402002,'Snow Cavern - 3rd Level',13,0),(502009,402002,'Snow Cavern - 4th Level',13,0),(502010,402002,'Snow Cavern - 5th Level',13,0),(502011,402002,'Snow Cavern - 6th Level',14,0),(502012,402003,'Snow Cavern (Return) - 5th Level',13,0),(502013,402003,'Snow Cavern (Return) - 4th Level',13,0),(502014,402003,'Snow Cavern (Return) - 3rd Level',13,0),(502015,402003,'Snow Cavern (Return) - 2nd Level',13,0),(502016,402003,'Snow Cavern (Return) - 1st Level',14,0),(504001,404001,'Mist Cave - Entrance',12,0),(504002,404001,'Mist Cave - Waypoint',12,0),(504003,404001,'Mist Cave - Exit',13,0),(504004,404002,'Underground Waterway - South',13,0),(504005,404002,'Underground Waterway - North',13,0),(504006,404002,'Underground Waterway - Levelan Lake',14,0),(504007,404003,'Antlion\'s Den - 1st Level',13,0),(504008,404003,'Antlion\'s Den - 2nd Level',13,0),(504009,404003,'Antlion\'s Den - 3rd Level',13,0),(504010,404003,'Antlion\'s Den - Central Chamber',14,0),(504011,404004,'Mount Hobs - 3rd Station',14,0),(504012,404004,'Mount Hobs - 5th Station',14,0),(504013,404004,'Mount Hobs - 7th Station',14,0),(504014,404004,'Mount Hobs - Summit',15,0),(504015,404005,'Fabul Castle - 1st Battle',4,0),(504016,404005,'Fabul Castle - 2nd Battle',4,0),(504017,404005,'Fabul Castle - 3rd Battle',4,0),(504018,404005,'Fabul Castle - 4th Battle',4,0),(504019,404005,'Fabul Castle - 5th Battle',4,0),(504020,404005,'Fabul Castle - 6th Battle',4,0),(504021,404005,'Fabul Castle - Final Battle',5,0),(504030,404007,'Ancient Waterway - 3rd Level',14,0),(504031,404007,'Ancient Waterway - 2nd Level',14,0),(504032,404007,'Ancient Waterway - 1st Level',14,0),(504033,404007,'Baron Castle - 1st Floor',15,0),(504034,404007,'Baron Castle - Throne Room',15,0),(504035,404008,'Lodestone Cavern - 1st Level',14,0),(504036,404008,'Lodestone Cavern - 2nd Level',14,0),(504037,404008,'Lodestone Cavern - 3rd Level',14,0),(504038,404008,'Lodestone Cavern - 4th Level',14,0),(504039,404008,'Lodestone Cavern - Crystal Chamber',15,0),(504040,404009,'Tower of Zot - 1st Floor',14,0),(504041,404009,'Tower of Zot - 2nd Floor',14,0),(504042,404009,'Tower of Zot - 3rd Floor',14,0),(504043,404009,'Tower of Zot - 4th Floor',14,0),(504044,404009,'Tower of Zot - 5th Floor',15,0),(504045,404010,'Tower of Zot Pinnacle - 6th Floor',14,0),(504046,404010,'Tower of Zot Pinnacle - Top Floor',15,0),(504047,404011,'Dwarven Castle - Exterior',14,0),(504048,404011,'Dwarven Castle - 1st Floor',14,0),(504049,404011,'Dwarven Castle - Throne Room',14,0),(504050,404011,'Dwarven Castle - Crystal Chamber Entrance',15,0),(504051,404011,'Dwarven Castle - Crystal Chamber',15,0),(504052,404012,'Tower of Babil - 13th Level',9,0),(504053,404012,'Tower of Babil - 12th Level',9,0),(504054,404012,'Tower of Babil - 11th Level',9,0),(504055,404012,'Tower of Babil - 10th Level',9,0),(504056,404012,'Tower of Babil - 9th Level',9,0),(504057,404012,'Tower of Babil - 8th Level',9,0),(504058,404012,'Tower of Babil - 7th Level',10,0),(504059,404012,'Tower of Babil - 6th Level',10,0),(504060,404013,'Cave of Eblan - Entrance',14,0),(504061,404013,'Cave of Eblan - Town Passage',14,0),(504062,404013,'Cave of Eblan - Escape Route',14,0),(504063,404013,'Cave of Eblan - Exit',15,0),(504064,404014,'Tower of Babil - 1st Level',9,0),(504065,404014,'Tower of Babil - 2nd Level',9,0),(504066,404014,'Tower of Babil - 3rd Level',9,0),(504067,404014,'Tower of Babil - 4th Level',9,0),(504068,404014,'Tower of Babil - 5th Level',9,0),(504069,404014,'Tower of Babil - 6th Level',10,0),(504070,404014,'Tower of Babil - 7th Level',9,0),(504071,404014,'Tower of Babil - 8th Level',10,0),(504072,404015,'Passage of the Eidolons - 1st Level',14,0),(504073,404015,'Passage of the Eidolons - 2nd Level',14,0),(504074,404015,'Passage of the Eidolons - 3rd Level',14,0),(504075,404015,'Feymarch Throneroom - Queen\'s Trial',15,0),(504076,404015,'Feymarch Throneroom - King\'s Trial',15,0),(505001,405001,'Wind Shrine - 1st Floor',14,0),(505002,405001,'Wind Shrine - 2nd Floor',14,0),(505003,405001,'Wind Shrine - 3rd Floor',14,0),(505004,405001,'Wind Shrine - 4th Floor',14,0),(505005,405001,'Wind Shrine - Crystal Antechamber',15,0),(505006,405002,'Torna Canal - Gate',14,0),(505007,405002,'Torna Canal - Entrance',14,0),(505008,405002,'Torna Canal - Midway',14,0),(505009,405002,'Torna Canal - Bottleneck',15,0),(505010,405003,'Ship Graveyard - Shipwreck Deck',14,0),(505011,405003,'Ship Graveyard - Shipwreck Cabin',14,0),(505012,405003,'Ship Graveyard - Shipwreck Bow',14,0),(505013,405003,'Ship Graveyard - Exterior',15,0),(505014,405004,'North Mountain - Cavern',14,0),(505015,405004,'North Mountain - Pathway',14,0),(505016,405004,'North Mountain - Mountainside Cave',14,0),(505017,405004,'North Mountain - 5th Station',14,0),(505018,405004,'North Mountain - 8th Station',15,0),(506001,406001,'Narshe',15,0),(506002,406001,'North Mines - Entrance',15,0),(506003,406001,'North Mines - Midway',15,0),(506004,406001,'North Mines - Inner Mines',16,0),(506005,406002,'Abandoned Mineshaft - 1st Battle',15,0),(506006,406002,'Abandoned Mineshaft - 2nd Battle',15,0),(506007,406002,'Abandoned Mineshaft - 3rd Battle',15,0),(506008,406002,'Abandoned Mineshaft - Final Battle',16,0),(506009,406003,'Figaro Castle - 1st Floor',15,0),(506010,406003,'Figaro Castle - 2nd Floor',15,0),(506011,406003,'Figaro Castle - 3rd Floor',15,0),(506012,406003,'Figaro Castle - Throne Room',15,0),(506013,406003,'Figaro Castle - Exterior',16,0),(506014,406004,'Mt. Kolts - Path',15,0),(506015,406004,'Mt. Kolts - Suspension Bridge',15,0),(506016,406004,'Mt. Kolts - Passage',15,0),(506017,406004,'Mt. Kolts - Hidden Passage',15,0),(506018,406004,'Mt. Kolts - Sky Vault',15,0),(506019,406004,'Mt. Kolts - Descent',16,0),(506025,406006,'Imperial Camp - Entrance',15,0),(506026,406006,'Imperial Camp - Northeast',15,0),(506027,406006,'Imperial Camp - North',15,0),(506028,406006,'Imperial Camp - Center',15,0),(506029,406006,'Imperial Camp - West',15,0),(506030,406006,'Imperial Camp - Exit',16,0),(506031,406007,'South Figaro Cave - South Entrance',15,0),(506032,406007,'South Figaro Cave - Narrow Pathway',15,0),(506033,406007,'South Figaro Cave - Stone Vault',15,0),(506034,406007,'South Figaro Cave - Wide Pathway',16,0),(506035,406008,'2nd Class - Carriage 4',4,0),(506036,406008,'2nd Class - Carriage 3',4,0),(506037,406008,'2nd Class - Carriage 2',4,0),(506038,406008,'2nd Class - Carriage 1',4,0),(506039,406008,'1st Class - Carriage 2',4,0),(506040,406008,'1st Class - Carriage 1',4,0),(506041,406008,'Locomotive',5,0),(506042,406009,'Esper Vale - 1st Battle',12,0),(506043,406009,'Esper Vale - 2nd Battle',12,0),(506044,406009,'Esper Vale - Last Stand',13,0),(506045,406010,'Zozo Tower - Lower Levels',13,0),(506046,406010,'Zozo Tower - Mid Levels',13,0),(506047,406010,'Zozo Tower - Upper Levels',13,0),(506048,406010,'Zozo Tower - Highest Level',14,0),(506049,406011,'Opera House - Right Stair',13,0),(506050,406011,'Opera House - Left Stair',13,0),(506051,406011,'Opera House - Catwalk',13,0),(506052,406011,'Opera House - Stage',14,0),(506053,406012,'Magitek Factory - Entrance',13,0),(506054,406012,'Magitek Factory - Center',13,0),(506055,406012,'Magitek Factory - Hidden Passage',13,0),(506056,406012,'Magitek Factory - Garbage Chute',14,0),(506057,406013,'Vector - Escape Route',13,0),(506058,406013,'Vector - Streets',13,0),(506059,406013,'Airship - Interception',14,0),(506060,406014,'Thamasa - House Entrance',13,0),(506061,406014,'Thamasa - House Passage',13,0),(506062,406014,'Thamasa - House Back Room',14,0),(506063,406015,'Esper Caves - Entrance',13,0),(506064,406015,'Esper Caves - Mountain Path',13,0),(506065,406015,'Esper Caves - Center',13,0),(506066,406015,'Esper Caves - Depths',14,0),(506067,406016,'Airship - 1st Encounter',13,0),(506068,406016,'Airship - 2nd Encounter',13,0),(506069,406016,'Airship - 3rd Counter',13,0),(506070,406016,'Airship - Above the Floating Continent',14,0),(506071,406016,'Airship - Descent',14,0),(506072,406017,'Floating Continent - West',13,0),(506073,406017,'Floating Continent - South',13,0),(506074,406017,'Floating Continent - East',13,0),(506075,406017,'Floating Continent - Central Hill',14,0),(506076,406018,'Floating Continent - Escape Route West',13,0),(506077,406018,'Floating Continent - Escape Route Center',13,0),(506078,406018,'Floating Continent - Escape Route East',13,0),(506079,406018,'Floating Continent - Airship',14,0),(506080,406019,'Solitary Island - Escape',15,0),(506081,406019,'Solitary Island - North Cliff',15,0),(506082,406019,'Solitary Island - Cabin Cellar',16,0),(506083,406020,'Mobliz Village - Eaves',16,0),(506084,406021,'South Figaro Cave - Entrance',15,0),(506085,406021,'South Figaro Cave - Passage',15,0),(506086,406021,'South Figaro Cave - Hidden Passage',15,0),(506087,406021,'Figaro Castle - Dungeon 2nd Floor',15,0),(506088,406021,'Figaro Castle - Inner Room',16,0),(506089,406022,'Darill\'s Tomb - 1st Level',15,0),(506090,406022,'Darill\'s Tomb - 2nd Level',15,0),(506091,406022,'Darill\'s Tomb - 2nd Level - Gravesite',15,0),(506092,406022,'Darill\'s Tomb - 2nd Level - Inner Chamber',16,0),(506093,406022,'Darill\'s Tomb - Undercroft',16,0),(507001,407001,'Mako Reactor No. 1',13,0),(507004,407002,'Winding Tunnel',12,0),(507005,407002,'Sector 4 Plate - Substructure',12,0),(507006,407002,'Mako Reactor No. 5',13,0),(510001,410001,'Stadium',12,0),(510002,410001,'Overpass',12,0),(510003,410001,'Ruined Overpass',13,0),(510004,410002,'Village Slope',12,0),(510005,410002,'Promontory',12,0),(510006,410002,'Ancient Road',13,0),(510007,410003,'Deck - Aft',13,0),(510008,410003,'Deck - Amidships',13,0),(510009,410003,'Deck - Fore',14,0);
/*!40000 ALTER TABLE `battles` ENABLE KEYS */;
UNLOCK TABLES;

DROP TABLE IF EXISTS `drops`;
CREATE TABLE `drops` (
  `battleid` int(10) unsigned NOT NULL,
  `itemid` int(10) unsigned NOT NULL,
  `count` int(10) unsigned NOT NULL DEFAULT '0',
  PRIMARY KEY (`battleid`,`itemid`),
  CONSTRAINT `FK_drop_battle` FOREIGN KEY (`battleid`) REFERENCES `battles` (`id`) ON DELETE NO ACTION ON UPDATE NO ACTION
) ENGINE=InnoDB DEFAULT CHARSET=utf8;

LOCK TABLES `drops` WRITE;
UNLOCK TABLES;

--
-- Temporary view structure for view `dungeon_drops`
--

DROP TABLE IF EXISTS `dungeon_drops`;
/*!50001 DROP VIEW IF EXISTS `dungeon_drops`*/;
SET @saved_cs_client     = @@character_set_client;
SET character_set_client = utf8;
/*!50001 CREATE VIEW `dungeon_drops` AS SELECT 
 1 AS `battleid`,
 1 AS `itemid`,
 1 AS `dungeon_name`,
 1 AS `dungeon_type`,
 1 AS `battle_name`,
 1 AS `times_run`,
 1 AS `item_name`,
 1 AS `item_rarity`,
 1 AS `item_realm`,
 1 AS `item_type`,
 1 AS `item_subtype`,
 1 AS `drop_count`*/;
SET character_set_client = @saved_cs_client;

DROP TABLE IF EXISTS `dungeons`;
CREATE TABLE `dungeons` (
  `id` int(10) unsigned NOT NULL,
  `world` int(10) unsigned DEFAULT NULL,
  `name` varchar(45) NOT NULL,
  `type` tinyint(3) unsigned NOT NULL COMMENT '0 - classic\n1 - elite\n2 - event',
  `difficulty` smallint(5) unsigned NOT NULL,
  `synergy` tinyint(3) unsigned NOT NULL DEFAULT '0',
  PRIMARY KEY (`id`),
  UNIQUE KEY `id_UNIQUE` (`id`),
  KEY `world_INDEX` (`world`)
) ENGINE=InnoDB DEFAULT CHARSET=utf8;

--
-- Dumping data for table `dungeons`
--

LOCK TABLES `dungeons` WRITE;
/*!40000 ALTER TABLE `dungeons` DISABLE KEYS */;
INSERT INTO `dungeons` VALUES (201001,101001,'Chaos Shrine',0,15,1),(201002,101001,'Western Keep',0,16,1),(202001,102001,'Semitt Falls Cavern',0,17,2),(202002,102001,'Snow Cavern',0,17,2),(202003,102001,'Snow Cavern (Return)',0,18,2),(204001,104001,'Mist Cave',0,3,4),(204002,104001,'Underground Waterway',0,4,4),(204003,104001,'Antlion\'s Den',0,6,4),(204004,104001,'Mount Hobs',0,7,4),(204005,104001,'Fabul Castle',0,8,4),(204007,104001,'Baron Castle',0,10,4),(204008,104001,'Lodestone Cavern',0,23,4),(204009,104001,'Tower of Zot',0,24,4),(204010,104001,'Tower of Zot - Spire',0,26,4),(204011,104001,'Dwarven Castle',0,26,4),(204012,104001,'Tower of Babil - Depths',0,25,4),(204013,104001,'Cave of Eblan',0,27,4),(204014,104001,'Tower of Babil - Heights',0,27,4),(204015,104001,'The Feymarch',0,29,4),(205001,105001,'Wind Shrine',0,6,5),(205002,105001,'Torna Canal',0,7,5),(205003,105001,'Ship Graveyard',0,8,5),(205004,105001,'North Mountain',0,9,5),(206001,106001,'North Mines',0,9,6),(206002,106001,'Abandoned Mineshaft',0,10,6),(206003,106001,'Figaro Castle',0,11,6),(206004,106001,'Mt. Kolts',0,12,6),(206005,106001,'???',0,13,6),(206006,106001,'Imperial Camp',0,13,6),(206007,106001,'South Figaro Cave',0,15,6),(206008,106001,'Phantom Train',0,16,6),(206009,106001,'Esper Valley',0,16,6),(206010,106001,'Zozo',0,17,6),(206011,106001,'Opera House',0,18,6),(206012,106001,'Magitek Factory',0,18,6),(206013,106001,'Vector',0,19,6),(206014,106001,'Thamasa',0,20,6),(206015,106001,'Esper Caves',0,21,6),(206016,106001,'Airship',0,21,6),(206017,106001,'Floating Continent 1',0,23,6),(206018,106001,'Floating Continent 2',0,23,6),(206019,106001,'Solitary Island',0,28,6),(206020,106001,'Mobliz',0,29,6),(206021,106001,'Figaro Castle 2',0,30,6),(206022,106001,'Darill\'s Tomb',0,32,6),(207001,107001,'Mako Reactor No. 1',0,1,7),(207002,107001,'Mako Reactor No. 5',0,1,7),(210001,110001,'Zanarkand',0,2,10),(210002,110001,'Besaid',0,3,10),(210003,110001,'S.S. Liki',0,5,10),(401001,101001,'Chaos Shrine',1,24,1),(401002,101001,'Western Keep',1,25,1),(402001,102001,'Semitt Falls Cavern',1,27,2),(402002,102001,'Snow Cavern',1,29,2),(402003,102001,'Snow Cavern (Return)',1,31,2),(404001,104001,'Mist Cave',1,20,4),(404002,104001,'Underground Waterway',1,23,4),(404003,104001,'Antlion\'s Den',1,28,4),(404004,104001,'Mount Hobs',1,32,4),(404005,104001,'Fabul Castle',1,34,4),(404006,104001,'???',1,41,4),(404007,104001,'Baron Castle',1,43,4),(404008,104001,'Lodestone Cavern',1,45,4),(404009,104001,'Tower of Zot',1,48,4),(404010,104001,'Tower of Zot - Spire',1,50,4),(404011,104001,'Dwarven Castle',1,50,4),(404012,104001,'Tower of Babil - Depths',1,53,4),(404013,104001,'Cave of Eblan',1,55,4),(404014,104001,'Tower of Babil - Heights',1,55,4),(404015,104001,'The Feymarch',1,58,4),(405001,105001,'Wind Shrine',1,29,5),(405002,105001,'Torna Canal',1,35,5),(405003,105001,'Ship Graveyard',1,37,5),(405004,105001,'North Mountain',1,42,5),(406001,106001,'North Mines',1,43,6),(406002,106001,'Abandoned Mineshaft',1,46,6),(406003,106001,'Figaro Castle',1,48,6),(406004,106001,'Mt. Kolts',1,51,6),(406006,106001,'Imperial Camp',1,54,6),(406007,106001,'South Figaro Cave',1,58,6),(406008,106001,'Phantom Train',1,23,6),(406009,106001,'Esper Valley',1,25,6),(406010,106001,'Zozo',1,26,6),(406011,106001,'Opera House',1,28,6),(406012,106001,'Magitek Factory',1,30,6),(406013,106001,'Vector',1,32,6),(406014,106001,'Thamasa',1,34,6),(406015,106001,'Esper Caves',1,37,6),(406016,106001,'Airship',1,38,6),(406017,106001,'Floating Continent 1',1,40,6),(406018,106001,'Floating Continent 2',1,41,6),(406019,106001,'Solitary Island',1,58,6),(406020,106001,'Mobliz',1,60,6),(406021,106001,'Figaro Castle 2',1,63,6),(406022,106001,'Darill\'s Tomb',1,67,6),(407001,107001,'Mako Reactor No. 1',1,14,7),(407002,107001,'Mako Reactor No. 5',1,15,7),(410001,110001,'Zanarkand',1,17,10),(410002,110001,'Besaid',1,21,10),(410003,110001,'S.S. Liki',1,26,10);
/*!40000 ALTER TABLE `dungeons` ENABLE KEYS */;
UNLOCK TABLES;

--
-- Table structure for table `items`
--

DROP TABLE IF EXISTS `items`;
CREATE TABLE `items` (
  `id` int(10) unsigned NOT NULL,
  `name` varchar(45) NOT NULL,
  `rarity` tinyint(3) unsigned NOT NULL,
  `realm` tinyint(3) unsigned DEFAULT NULL,
  `type` tinyint(3) unsigned NOT NULL COMMENT 'equipment,item,orb',
  `subtype` tinyint(4) unsigned DEFAULT NULL COMMENT 'type: 1 (equipment), 2 (item), 3 (orb)\ntype 1, subtype:\n1 Dagger\n2 Sword\n3 Spear\n4 Bow\n5 Ball\n6 Axe\n7 Thrown\n8 Katana\n9 Book\n10 Whip\n11 Fist\n12 Staff\n13 Rod\n14 Shield\n15 Helm\n16 Hat\n17 Robe\n18 Light Armor\n19 Armor\n20 Bracer\n21 Accessory\n22 Instrument\n23 Hammer\n\ntype 3, subtype\n1 power\n2 white\n3 black\n4 non-elem\n5 fire\n6 ice\n7 lightning\n8 earth\n9 wind\n10 holy\n11 dark\n12 blue\n13 summon',
  PRIMARY KEY (`id`),
  UNIQUE KEY `id_UNIQUE` (`id`),
  KEY `realm_INDEX` (`realm`),
  KEY `rarity_INDEX` (`rarity`)
) ENGINE=InnoDB DEFAULT CHARSET=utf8;

--
-- Dumping data for table `items`
--

LOCK TABLES `items` WRITE;
/*!40000 ALTER TABLE `items` DISABLE KEYS */;
INSERT INTO `items` VALUES (21001001,'Knife',1,2,1,1),(21001002,'Mythril Knife',2,2,1,1),(21001003,'Dagger',1,9,1,1),(21001004,'Kunai',1,4,1,8),(21001005,'Kodachi',2,5,1,8),(21001006,'Chopper',2,12,1,6),(21001007,'Cat Claws',4,2,1,11),(21001008,'Mythril Dagger',2,9,1,1),(21001009,'Orichalcum Dirk',3,5,1,1),(21001010,'Dancing Dagger',3,5,1,1),(21001011,'Avenger',3,12,1,1),(21001012,'Ripper',3,2,1,1),(21001013,'Main Gauche',3,6,1,1),(21001014,'Air Knife',3,6,1,1),(21001015,'Mage Masher',3,4,1,1),(21001016,'Platinum Dagger',4,12,1,1),(21001017,'Gladius',4,9,1,1),(21001019,'Maneater',4,6,1,1),(21001020,'Swordbreaker',4,6,1,2),(21001021,'Danjuro',5,12,1,1),(21002001,'Broadsword',1,5,1,2),(21002002,'Iron Sword',2,12,1,2),(21002003,'Longsword',1,12,1,2),(21002004,'Mythril Sword',2,4,1,2),(21002005,'Coral Sword',2,5,1,2),(21002006,'Mythril Blade',2,12,1,2),(21002007,'Greatsword',2,6,1,2),(21002008,'Rune Blade',3,5,1,2),(21002009,'Enhancer',3,5,1,2),(21002010,'Ancient Sword',3,12,1,2),(21002012,'Platinum Sword',3,12,1,2),(21002013,'Flametongue',3,6,1,2),(21002015,'Falchion',3,6,1,2),(21002016,'Bastard Sword',3,6,1,2),(21002018,'Sleep Blade',3,4,1,2),(21002019,'Icebrand',3,4,1,2),(21002020,'Defender',3,4,1,2),(21002021,'Stoneblade',3,6,1,2),(21002022,'Crystal Sword',4,6,1,2),(21002023,'Buster Sword',5,7,1,2),(21002026,'Dark Sword',5,4,1,2),(21002030,'Diamond Sword',4,12,1,2),(21002031,'Claymore',3,12,1,2),(21002033,'Zantetsuken',5,6,1,2),(21002039,'Enhancer',5,6,1,2),(21003005,'Masamune',5,7,1,8),(21004001,'Battle Axe',1,5,1,6),(21004002,'Handaxe',1,12,1,6),(21004003,'Broadaxe',1,12,1,6),(21004004,'Slasher',2,12,1,6),(21004006,'Death Sickle',3,5,1,6),(21004007,'Rune Axe',4,5,1,6),(21004008,'Poison Axe',3,4,1,6),(21004009,'Giant\'s Axe',4,5,1,6),(21005001,'Hammer',1,4,1,23),(21005002,'Mythril Hammer',2,4,1,23),(21005003,'War Hammer',2,5,1,23),(21005004,'Gaia Hammer',3,5,1,23),(21005005,'Sledgehammer',4,12,1,23),(21006001,'Spear',1,12,1,3),(21006002,'Wind Spear',1,5,1,3),(21006003,'Partisan',2,12,1,3),(21006004,'Heavy Lance',2,12,1,3),(21006005,'Mythril Spear',2,6,1,3),(21006006,'Javelin',3,5,1,3),(21006007,'Storm Spear',3,12,1,3),(21006008,'Obelisk',3,12,1,3),(21006009,'Halberd',3,12,1,3),(21006010,'Trident',4,12,1,3),(21006011,'Blood Lance',5,4,1,3),(21007001,'Leather Glove',1,7,1,11),(21007002,'Cat Claws',1,3,1,11),(21007003,'Metal Knuckles',2,6,1,11),(21007004,'Sonic Knuckles',2,3,1,11),(21007005,'Bronze Knuckles',1,3,1,11),(21007006,'Mythril Claws',2,6,1,11),(21007007,'Diamond Knuckle',3,7,1,11),(21007008,'Wyvern Claws',3,3,1,11),(21007009,'Tiger Claws',3,3,1,11),(21007010,'Venom Claws',3,6,1,11),(21007013,'Grand Glove',5,7,1,11),(21008001,'Mythril Rod',2,6,1,13),(21008002,'Rod',1,4,1,13),(21008003,'Serpent Rod',2,12,1,13),(21008004,'Healing Rod',2,12,1,13),(21008005,'Flame Rod',3,5,1,13),(21008006,'Thunder Rod',3,5,1,13),(21008007,'Gaia Rod',3,12,1,13),(21008008,'Power Rod',3,12,1,13),(21008009,'Poison Rod',3,6,1,13),(21008010,'Punisher',3,6,1,12),(21008011,'Lilith Rod',3,4,1,13),(21008012,'Guard Stick',5,7,1,12),(21008013,'Light Rod',4,3,1,13),(21008014,'Empyrean Rod',4,12,1,13),(21008017,'Ice Rod',3,4,1,13),(21008018,'Gravity Rod',4,6,1,13),(21008019,'Mace',1,12,1,13),(21008020,'Bronze Mace',3,12,1,13),(21009001,'Cherry Staff',1,12,1,12),(21009002,'Oak Staff',1,12,1,12),(21009003,'Staff',1,4,1,12),(21009004,'Mage\'s Staff',2,2,1,12),(21009005,'Mythril Staff',2,4,1,12),(21009006,'Power Staff',2,4,1,12),(21009007,'Golem Staff',3,3,1,12),(21009008,'Diamond Mace',3,2,1,13),(21009009,'Wizard\'s Staff',3,12,1,12),(21009010,'Golden Staff',3,12,1,12),(21009011,'Storm Staff',3,12,1,12),(21009012,'Glacial Staff',3,12,1,12),(21009013,'Flame Staff',3,12,1,12),(21009015,'Aura Staff',3,4,1,12),(21009016,'Rune Staff',3,4,1,12),(21009017,'Light Staff',4,3,1,12),(21009018,'Sage\'s Staff',4,4,1,12),(21009019,'Judgment Staff',5,5,1,12),(21009020,'Oaken Pole',2,12,1,12),(21009021,'Cypress Pole',3,12,1,12),(21010001,'Silver Bow',1,5,1,4),(21010002,'Shortbow',1,12,1,4),(21010003,'Longbow',1,12,1,4),(21010004,'Flame Bow',2,5,1,4),(21010005,'Frost Bow',2,5,1,4),(21010006,'Thunder Bow',2,5,1,4),(21010007,'Dark Bow',3,5,1,4),(21010008,'Elven Bow',3,5,1,4),(21010009,'Aevis Killer',3,12,1,4),(21010010,'Killer Bow',4,5,1,4),(21010011,'Hayate Bow',4,5,1,4),(21010012,'Bowgun',2,12,1,4),(21011001,'Silver Harp',3,5,1,22),(21012001,'Whip',2,4,1,10),(21012002,'Blitz Whip',3,4,1,10),(21012003,'Ice Whip',5,4,1,10),(21013001,'Moonring Blade',4,6,1,7),(21013002,'Boomerang',1,6,1,7),(21013003,'Chakram',2,3,1,7),(21013004,'Shuriken',3,3,1,7),(21014001,'Healing Grimoire',5,0,1,9),(21030001,'Official Ball',5,10,1,5),(22050001,'Leather Shield',1,5,1,14),(22050002,'Bronze Shield',1,5,1,14),(22050003,'Round Shield',1,12,1,14),(22050004,'Buckler',1,12,1,14),(22050005,'Iron Shield',2,4,1,14),(22050006,'Mythril Shield',2,4,1,14),(22050007,'Golden Shield',3,5,1,14),(22050008,'Diamond Shield',3,5,1,14),(22050009,'Shell Shield',3,12,1,14),(22050010,'Flame Shield',3,4,1,14),(22050011,'Ice Shield',3,4,1,14),(22050012,'Aegis Shield',3,4,1,14),(22050013,'Crystal Shield',4,6,1,14),(22050014,'Genji Shield',5,4,1,14),(22050015,'Lustrous Shield',5,4,1,14),(22050016,'Heavy Shield',2,6,1,14),(22051001,'Plumed Hat',1,5,1,16),(22051002,'Twist Headband',1,5,1,16),(22051003,'Leather Cap',1,6,1,16),(22051004,'Hairband',1,6,1,16),(22051006,'Gold Hairpin',3,5,1,16),(22051007,'Lamia\'s Tiara',3,5,1,16),(22051008,'Circlet',3,5,1,16),(22051009,'Red Cap',3,6,1,16),(22051010,'Hypno Crown',4,5,1,16),(22051011,'Royal Crown',4,6,1,16),(22051013,'Wizard\'s Hat',1,4,1,16),(22051014,'Green Beret',2,4,1,16),(22051015,'Black Cowl',3,4,1,16),(22051016,'Sage\'s Miter',2,4,1,16),(22051017,'Beret',2,6,1,16),(22052001,'Bronze Helm',1,5,1,15),(22052002,'Bronze Helm',1,2,1,15),(22052003,'Iron Helm',2,4,1,15),(22052004,'Shell Helm',2,3,1,15),(22052005,'Flame Helm',2,2,1,15),(22052006,'Giant\'s Helm',2,2,1,15),(22052007,'Mythril Helm',2,4,1,15),(22052008,'Dragon Helm',3,3,1,15),(22052009,'Viking Helm',3,3,1,15),(22052010,'Ice Helm',3,3,1,15),(22052011,'Golden Helm',3,6,1,15),(22052012,'Diamond Helm',4,6,1,15),(22052013,'Genji Helm',5,5,1,15),(22052014,'Thornlet',4,5,1,16),(22052015,'Crystal Helm',4,6,1,15),(22053001,'Copper Cuirass',1,5,1,19),(22053002,'Vest',1,3,1,18),(22053003,'Leather Clothing',1,4,1,18),(22053007,'Kenpo Gi',2,4,1,18),(22053008,'Power Sash',2,4,1,18),(22053009,'Mirage Vest',3,5,1,18),(22053010,'Black Belt Gi',3,3,1,18),(22053013,'Diamond Vest',3,6,1,18),(22053014,'Black Garb',4,4,1,18),(22053015,'Red Jacket',4,6,1,18),(22054001,'Bronze Armor',1,5,1,19),(22054002,'Leather Armor',1,3,1,19),(22054003,'Leather Armor',1,6,1,19),(22054004,'Iron Armor',2,4,1,19),(22054005,'Bone Mail',2,5,1,18),(22054007,'Mythril Armor',2,4,1,19),(22054008,'Knight Armor',3,3,1,19),(22054009,'Demon Mail',3,3,1,18),(22054010,'Golden Armor',3,6,1,19),(22054012,'Flame Mail',3,4,1,18),(22054013,'Ice Armor',3,4,1,19),(22054014,'Crystal Armor',4,5,1,19),(22054015,'Genji Armor',5,5,1,19),(22054016,'Diamond Armor',4,6,1,19),(22054017,'Mythril Vest',3,6,1,18),(22054018,'Mythril Mail',3,6,1,18),(22055001,'Mage Robe',1,3,1,17),(22055002,'Cotton Robe',1,6,1,17),(22055003,'Silk Robe',1,6,1,17),(22055004,'Scholar Robe',2,3,1,17),(22055005,'Bard\'s Tunic',2,4,1,18),(22055006,'Gaia Gear',2,4,1,18),(22055007,'Luminous Robe',3,5,1,17),(22055008,'White Dress',3,6,1,17),(22055009,'Magus Robe',3,6,1,17),(22055011,'Sage\'s Surplice',3,4,1,17),(22055012,'Black Robe',4,4,1,17),(22055013,'White Robe',4,4,1,17),(22055014,'Regal Gown',5,6,1,17),(22056001,'Bronze Bangle',1,7,1,20),(22056002,'Iron Bangle',1,7,1,20),(22056003,'Mythril Armlet',2,7,1,20),(22056004,'Carbon Bangle',2,7,1,20),(22056005,'Silver Armlet',3,7,1,20),(22056006,'Diamond Bangle',3,7,1,20),(22056007,'Crystal Bangle',4,7,1,20),(22056008,'Rune Armlet',3,7,1,20),(23080001,'Power Wrist',1,7,1,20),(23080002,'Earring',0,7,1,21),(23080003,'Talisman',0,7,1,21),(23080009,'Choco Feather',2,7,1,21),(23080010,'Star Pendant',0,7,1,21),(23080011,'Silver Glasses',0,7,1,21),(23080012,'Protect Ring',2,7,1,21),(23080019,'Hyper Wrist',0,6,1,21),(23080020,'Hero\'s Ring',0,6,1,21),(24098001,'Tiny Scarletite',1,NULL,2,1),(24098002,'Small Scarletite',2,NULL,2,1),(24098003,'Scarletite',3,NULL,2,1),(24098004,'Large Scarletite',4,NULL,2,1),(24099001,'Tiny Adamantite',1,NULL,2,2),(24099002,'Small Adamantite',2,NULL,2,2),(24099003,'Adamantite',3,NULL,2,2),(24099004,'Large Adamantite',4,NULL,2,2),(40000001,'Minor Power Orb',1,NULL,3,1),(40000002,'Lesser Power Orb',2,NULL,3,1),(40000003,'Power Orb',5,NULL,3,1),(40000004,'Greater Power Orb',4,NULL,3,1),(40000005,'Major Power Orb',5,NULL,3,1),(40000006,'Minor White Orb',1,NULL,3,2),(40000007,'Lesser White Orb',2,NULL,3,2),(40000008,'White Orb',5,NULL,3,2),(40000009,'Greater White Orb',4,NULL,3,2),(40000010,'Major White Orb',5,NULL,3,2),(40000011,'Minor Black Orb',1,NULL,3,3),(40000012,'Lesser Black Orb',2,NULL,3,3),(40000013,'Black Orb',5,NULL,3,3),(40000014,'Greater Black Orb',4,NULL,3,3),(40000015,'Major Black Orb',5,NULL,3,3),(40000016,'Minor Blue Orb',1,NULL,3,12),(40000017,'Lesser Blue Orb',2,NULL,3,12),(40000018,'Blue Orb',5,NULL,3,12),(40000019,'Greater Blue Orb',4,NULL,3,12),(40000020,'Major Blue Orb',5,NULL,3,12),(40000021,'Minor Summon Orb',1,NULL,3,13),(40000022,'Lesser Summon Orb',2,NULL,3,13),(40000023,'Summon Orb',5,NULL,3,13),(40000024,'Greater Summon Orb',4,NULL,3,13),(40000025,'Major Summon Orb',5,NULL,3,13),(40000026,'Minor Non-Elemental Orb',1,NULL,3,4),(40000027,'Lesser Non-Elemental Orb',2,NULL,3,4),(40000028,'Non-Elemental Orb',5,NULL,3,4),(40000029,'Greater Non-Elemental Orb',4,NULL,3,4),(40000030,'Major Non-Elemental Orb',5,NULL,3,4),(40000031,'Minor Fire Orb',1,NULL,3,5),(40000032,'Lesser Fire Orb',2,NULL,3,5),(40000033,'Fire Orb',5,NULL,3,5),(40000034,'Greater Fire Orb',4,NULL,3,5),(40000035,'Major Fire Orb',5,NULL,3,5),(40000036,'Minor Ice Orb',1,NULL,3,6),(40000037,'Lesser Ice Orb',2,NULL,3,6),(40000038,'Ice Orb',5,NULL,3,6),(40000039,'Greater Ice Orb',4,NULL,3,6),(40000040,'Major Ice Orb',5,NULL,3,6),(40000041,'Minor Lightning Orb',1,NULL,3,7),(40000042,'Lesser Lightning Orb',2,NULL,3,7),(40000043,'Lightning Orb',5,NULL,3,7),(40000044,'Greater Lightning Orb',4,NULL,3,7),(40000045,'Major Lightning Orb',5,NULL,3,7),(40000046,'Minor Earth Orb',1,NULL,3,8),(40000047,'Lesser Earth Orb',2,NULL,3,8),(40000048,'Earth Orb',5,NULL,3,8),(40000049,'Greater Earth Orb',4,NULL,3,8),(40000050,'Major Earth Orb',5,NULL,3,8),(40000051,'Minor Wind Orb',1,NULL,3,9),(40000052,'Lesser Wind Orb',2,NULL,3,9),(40000053,'Wind Orb',5,NULL,3,9),(40000054,'Greater Wind Orb',4,NULL,3,9),(40000055,'Major Wind Orb',5,NULL,3,9),(40000056,'Minor Holy Orb',1,NULL,3,10),(40000057,'Lesser Holy Orb',2,NULL,3,10),(40000058,'Holy Orb',5,NULL,3,10),(40000059,'Greater Holy Orb',4,NULL,3,10),(40000060,'Major Holy Orb',5,NULL,3,10),(40000061,'Minor Dark Orb',1,NULL,3,11),(40000062,'Lesser Dark Orb',2,NULL,3,11),(40000063,'Dark Orb',5,NULL,3,11),(40000064,'Greater Dark Orb',4,NULL,3,11),(40000065,'Major Dark Orb',5,NULL,3,11);
/*!40000 ALTER TABLE `items` ENABLE KEYS */;
UNLOCK TABLES;

--
-- Table structure for table `schema`
--

DROP TABLE IF EXISTS `schema`;
CREATE TABLE `schema` (
  `version` int(10) unsigned NOT NULL AUTO_INCREMENT,
  PRIMARY KEY (`version`)
) ENGINE=InnoDB AUTO_INCREMENT=2 DEFAULT CHARSET=utf8;

--
-- Dumping data for table `schema`
--

LOCK TABLES `schema` WRITE;
/*!40000 ALTER TABLE `schema` DISABLE KEYS */;
INSERT INTO `schema` VALUES (1);
/*!40000 ALTER TABLE `schema` ENABLE KEYS */;
UNLOCK TABLES;

--
-- Table structure for table `worlds`
--

DROP TABLE IF EXISTS `worlds`;
CREATE TABLE `worlds` (
  `id` int(10) unsigned NOT NULL,
  `realm` tinyint(3) unsigned NOT NULL,
  PRIMARY KEY (`id`),
  UNIQUE KEY `id_UNIQUE` (`id`)
) ENGINE=InnoDB DEFAULT CHARSET=utf8;

--
-- Dumping data for table `worlds`
--

LOCK TABLES `worlds` WRITE;
/*!40000 ALTER TABLE `worlds` DISABLE KEYS */;
INSERT INTO `worlds` VALUES (101001,1),(102001,2),(103001,3),(104001,4),(105001,5),(106001,6),(107001,7),(108001,8),(109001,9),(110001,10),(111001,11),(112001,12),(113001,13);
/*!40000 ALTER TABLE `worlds` ENABLE KEYS */;
UNLOCK TABLES;

--
-- Dumping events for database 'ffrk'
--

--
-- Dumping routines for database 'ffrk'
--
/*!50003 DROP PROCEDURE IF EXISTS `record_battle_encounter` */;
DELIMITER ;;
CREATE PROCEDURE `record_battle_encounter`(
	IN bid INT,
    IN did INT,
    IN bname VARCHAR(45),
    IN stam SMALLINT)
BEGIN
	# If it fails, it's probably due to a foreign key violation (There is no record
    # of this dungeon).  Ignore the error as well as this entire operation.
	INSERT IGNORE INTO battles (id, dungeon, name, stamina, times_run) VALUES (bid, did, bname, stam, 1)
		ON DUPLICATE KEY UPDATE times_run = times_run+1;
END ;;
DELIMITER ;

/*!50003 DROP PROCEDURE IF EXISTS `record_drop_event` */;
DELIMITER ;;
CREATE PROCEDURE `record_drop_event`(
	IN battle_id INT,
    IN item_id INT,
    IN item_count INT)
BEGIN
	# If it fails, it's probably due to a foreign key violation (There is no record
    # of this battle).  Ignore the error as well as this entire operation.
	INSERT IGNORE INTO drops (battleid,itemid,count) VALUES (battle_id, item_id, item_count)
		ON DUPLICATE KEY UPDATE count=count+item_count;
END ;;
DELIMITER ;

/*!50003 DROP PROCEDURE IF EXISTS `record_dungeon_entry` */;
DELIMITER ;;
CREATE PROCEDURE `record_dungeon_entry`(
	IN did INT,
    IN world_id INT,
    IN dname VARCHAR(45),
    IN dtype TINYINT,
    IN ddiff SMALLINT)
BEGIN
	# If it fails, it's because there is already an entry with this dungeon id.
    # Ignore the insertion, as well as this entire operation.
	INSERT IGNORE INTO dungeons VALUES (did, world_id, dname, dtype, ddiff);
END ;;
DELIMITER ;

--
-- Final view structure for view `dungeon_drops`
--

/*!50001 DROP VIEW IF EXISTS `dungeon_drops`*/;
/*!50001 CREATE ALGORITHM=UNDEFINED */
/*!50001 VIEW `dungeon_drops` AS select `battles`.`id` AS `battleid`,`items`.`id` AS `itemid`,`dungeons`.`name` AS `dungeon_name`,`dungeons`.`type` AS `dungeon_type`,`battles`.`name` AS `battle_name`,`battles`.`times_run` AS `times_run`,`items`.`name` AS `item_name`,`items`.`rarity` AS `item_rarity`,`items`.`realm` AS `item_realm`,`items`.`type` AS `item_type`,`items`.`subtype` AS `item_subtype`,`drops`.`count` AS `drop_count` from (((`dungeons` join `battles`) join `items`) join `drops`) where ((`items`.`id` = `drops`.`itemid`) and (`battles`.`id` = `drops`.`battleid`) and (`dungeons`.`id` = `battles`.`dungeon`)) */;
