-- MySQL dump 10.13  Distrib 5.6.23, for Win64 (x86_64)
--
-- Host: ffrk-test.ckamoyrtavob.us-west-2.rds.amazonaws.com    Database: ffrki-alpha2
-- ------------------------------------------------------
-- Server version	5.6.22-log

/*!40101 SET @OLD_CHARACTER_SET_CLIENT=@@CHARACTER_SET_CLIENT */;
/*!40101 SET @OLD_CHARACTER_SET_RESULTS=@@CHARACTER_SET_RESULTS */;
/*!40101 SET @OLD_COLLATION_CONNECTION=@@COLLATION_CONNECTION */;
/*!40101 SET NAMES utf8 */;
/*!40103 SET @OLD_TIME_ZONE=@@TIME_ZONE */;
/*!40103 SET TIME_ZONE='+00:00' */;
/*!40014 SET @OLD_UNIQUE_CHECKS=@@UNIQUE_CHECKS, UNIQUE_CHECKS=0 */;
/*!40014 SET @OLD_FOREIGN_KEY_CHECKS=@@FOREIGN_KEY_CHECKS, FOREIGN_KEY_CHECKS=0 */;
/*!40101 SET @OLD_SQL_MODE=@@SQL_MODE, SQL_MODE='NO_AUTO_VALUE_ON_ZERO' */;
/*!40111 SET @OLD_SQL_NOTES=@@SQL_NOTES, SQL_NOTES=0 */;

--
-- Table structure for table `battles`
--

DROP TABLE IF EXISTS `battles`;
/*!40101 SET @saved_cs_client     = @@character_set_client */;
/*!40101 SET character_set_client = utf8 */;
CREATE TABLE `battles` (
  `id` int(10) unsigned NOT NULL,
  `dungeon` int(10) unsigned NOT NULL,
  `name` varchar(100) NOT NULL,
  `stamina` smallint(5) unsigned NOT NULL,
  `times_run` int(10) unsigned NOT NULL DEFAULT '0',
  `stdev_times_run` int(10) unsigned NOT NULL DEFAULT '0',
  PRIMARY KEY (`id`),
  UNIQUE KEY `id_UNIQUE` (`id`),
  KEY `FK_Battle_Dungeon_idx` (`dungeon`),
  CONSTRAINT `FK_battle_dungeon` FOREIGN KEY (`dungeon`) REFERENCES `dungeons` (`id`) ON DELETE NO ACTION ON UPDATE NO ACTION
) ENGINE=InnoDB DEFAULT CHARSET=utf8;
/*!40101 SET character_set_client = @saved_cs_client */;

--
-- Dumping data for table `battles`
--

LOCK TABLES `battles` WRITE;
/*!40000 ALTER TABLE `battles` DISABLE KEYS */;
INSERT INTO `battles` VALUES (301001,201001,'Chaos Shrine - Entrance',6,1,0),(301002,201001,'Chaos Shrine - Great Hall',6,0,0),(301003,201001,'Chaos Shrine - Central Chamber',7,0,0),(301008,201003,'Cavern of Earth - 1st Level',9,7,0),(301009,201003,'Cavern of Earth - 2nd Level',9,8,0),(301010,201003,'Cavern of Earth - 3rd Level',9,8,0),(301011,201003,'Cavern of Earth - Stone Tablet',10,9,0),(301012,201004,'Cavern of Earth - Stone Tablet',9,9,0),(301013,201004,'Cavern of Earth - 4th Level',9,9,0),(301014,201004,'Cavern of Earth - 5th Level',9,9,0),(301015,201004,'Cavern of Earth - 6th Level',9,11,0),(301016,201004,'Cavern of Earth - Crystal Sanctum',10,9,0),(301017,201005,'Mount Gulg - 1st Level',9,8,0),(301018,201005,'Mount Gulg - 2nd Level',9,6,0),(301019,201005,'Mount Gulg - 3rd Level',9,8,0),(301020,201005,'Mount Gulg - 4th Level',9,8,0),(301021,201005,'Mount Gulg - Crystal Sanctum',10,7,0),(302017,202004,'Dreadnought - Hold',9,9,0),(302018,202004,'Dreadnought - Gun Deck',9,9,0),(302019,202004,'Dreadnought - Ammunition Storage',9,8,0),(302020,202004,'Dreadnought - Mess Hall',9,8,0),(302021,202004,'Dreadnought - Engine Room',10,9,0),(303001,203001,'Altar Cave - Bottom of the Pit',9,10,0),(303002,203001,'Altar Cave - Hidden Passage Entrance',9,9,0),(303003,203001,'Altar Cave - Forked Path',9,8,0),(303004,203001,'Altar Cave - Crystal Sanctum',10,9,0),(303005,203002,'Castle Sasune - West Tower 1st Floor',9,7,0),(303006,203002,'Castle Sasune - West Tower 2nd Floor',9,8,0),(303007,203002,'Castle Sasune - West Tower 3rd Floor',9,10,0),(303008,203002,'Castle Sasune - West Tower Top Floor',10,8,0),(303009,203003,'Sealed Cave - Entrance',9,8,0),(303010,203003,'Sealed Cave - 1st Level',9,8,0),(303011,203003,'Sealed Cave - 2nd Level',9,8,0),(303012,203003,'Sealed Cave - 3rd Level',9,8,0),(303013,203003,'Sealed Cave - Deepest Reaches',10,8,0),(303014,203004,'Nepto Temple - Entrance',10,9,0),(303015,203004,'Nepto Temple - Into the Dragon',10,9,0),(303016,203004,'Nepto Temple - Fork in the Passage',10,9,0),(303017,203004,'Nepto Temple - Rat\'s Nest',11,9,0),(304001,204001,'Mist Cave - Entrance',2,1,0),(304002,204001,'Mist Cave - Waypoint',2,1,0),(304003,204001,'Mist Cave - Exit',3,1,0),(304015,204005,'Fabul Castle - 1st Battle',1,3,3),(304016,204005,'Fabul Castle - 2nd Battle',1,0,0),(304017,204005,'Fabul Castle - 3rd Battle',1,0,0),(304018,204005,'Fabul Castle - 4th Battle',1,0,0),(304019,204005,'Fabul Castle - 5th Battle',1,0,0),(304020,204005,'Fabul Castle - 6th Battle',1,0,0),(304021,204005,'Fabul Castle - Final Battle',2,0,0),(304030,204007,'Ancient Waterway - 3rd Level',4,0,0),(304031,204007,'Ancient Waterway - 2nd Level',4,0,0),(304032,204007,'Ancient Waterway - 1st Level',4,0,0),(304033,204007,'Baron Castle - 1st Floor',5,1,1),(304034,204007,'Baron Castle - Throne Room',5,1,1),(305001,205001,'Wind Shrine - 1st Floor',4,1,1),(305002,205001,'Wind Shrine - 2nd Floor',4,1,1),(305003,205001,'Wind Shrine - 3rd Floor',4,1,1),(305004,205001,'Wind Shrine - 4th Floor',4,1,1),(305005,205001,'Wind Shrine - Crystal Antechamber',5,1,1),(305006,205002,'Torna Canal - Gate',4,1,1),(305007,205002,'Torna Canal - Entrance',4,1,1),(305008,205002,'Torna Canal - Midway',4,1,1),(305009,205002,'Torna Canal - Bottleneck',5,1,1),(305010,205003,'Ship Graveyard - Shipwreck Deck',4,1,1),(305011,205003,'Ship Graveyard - Shipwreck Cabin',4,1,1),(305012,205003,'Ship Graveyard - Shipwreck Bow',4,1,1),(305013,205003,'Ship Graveyard - Exterior',5,1,1),(305014,205004,'North Mountain - Cavern',4,1,1),(305015,205004,'North Mountain - Pathway',4,1,1),(305016,205004,'North Mountain - Mountainside Cave',4,1,1),(305017,205004,'North Mountain - 5th Station',4,1,1),(305018,205004,'North Mountain - 8th Station',5,1,1),(305019,205005,'Walse Storm Tower - 1st Floor',10,7,0),(305020,205005,'Walse Storm Tower - 2nd Floor',10,7,0),(305021,205005,'Walse Storm Tower - 3rd Floor',10,7,0),(305022,205005,'Walse Storm Tower - 4th Floor',10,6,0),(305023,205005,'Walse Storm Tower - Chamber of the Seal',11,5,0),(305024,205006,'Walse Tower - 1st Floor',10,7,1),(305025,205006,'Walse Tower - 5th Floor',10,7,1),(305026,205006,'Walse Tower - 9th Floor',10,6,1),(305027,205006,'Walse Tower - Crystal Chamber',11,7,1),(305028,205007,'Karnak Castle - Crystal Chamber',10,6,1),(305029,205007,'Karnak Castle - Dungeon 4th Level',10,6,1),(305030,205007,'Karnak Castle - 1st Floor',10,6,1),(305031,205007,'Karnak Castle - Exterior',11,6,1),(305032,205008,'Library of the Ancients - 1st Floor',10,7,1),(305033,205008,'Library of the Ancients - Basement Archive',10,7,1),(305034,205008,'Library of the Ancients - Basement Hallway',10,6,1),(305035,205008,'Library of the Ancients - Basement Repository',11,5,1),(305036,205008,'Library of the Ancients - Deepest Archive',11,5,1),(306001,206001,'Narshe',5,1,1),(306002,206001,'North Mines - Entrance',5,1,1),(306003,206001,'North Mines - Midway',5,1,1),(306004,206001,'North Mines - Inner Mines',6,0,0),(306005,206002,'Abandoned Mineshaft - 1st Battle',5,1,1),(306006,206002,'Abandoned Mineshaft - 2nd Battle',5,1,1),(306007,206002,'Abandoned Mineshaft - 3rd Battle',5,1,1),(306008,206002,'Abandoned Mineshaft - Final Battle',6,1,1),(306009,206003,'Figaro Castle - 1st Floor',5,5,2),(306010,206003,'Figaro Castle - 2nd Floor',5,11,1),(306011,206003,'Figaro Castle - 3rd Floor',5,1,1),(306012,206003,'Figaro Castle - Throne Room',5,1,1),(306013,206003,'Figaro Castle - Exterior',6,1,1),(306014,206004,'Mt. Kolts - Path',5,1,1),(306015,206004,'Mt. Kolts - Suspension Bridge',5,1,1),(306016,206004,'Mt. Kolts - Passage',5,1,1),(306017,206004,'Mt. Kolts - Hidden Passage',5,1,1),(306018,206004,'Mt. Kolts - Sky Vault',5,1,1),(306019,206004,'Mt. Kolts - Descent',6,1,1),(306057,206013,'Vector - Escape Route',6,0,0),(306058,206013,'Vector - Streets',6,24,24),(306059,206013,'Airship - Interception',7,0,0),(306063,206015,'Esper Caves - Entrance',6,1,0),(306064,206015,'Esper Caves - Mountain Path',6,1,0),(306065,206015,'Esper Caves - Center',6,1,0),(306066,206015,'Esper Caves - Depths',7,19,0),(307001,207001,'Mako Reactor No. 1',3,9,0),(307004,207002,'Winding Tunnel',2,1,0),(307005,207002,'Sector 4 Plate - Substructure',2,1,0),(307006,207002,'Mako Reactor No. 5',3,1,0),(308001,208001,'Fire Cavern - Entrance',8,4,0),(308002,208001,'Fire Cavern - Forked Path',8,6,0),(308003,208001,'Fire Cavern - Caldera Path',8,7,0),(308004,208001,'Fire Cavern - Caldera',9,7,0),(308005,208002,'SeeD Field Exam - Com Tower Entrance',8,8,1),(308006,208002,'SeeD Field Exam - Com Tower Passage',8,8,0),(308007,208002,'SeeD Field Exam - Elevator',8,9,0),(308008,208002,'SeeD Field Exam - Upper Com Tower',9,8,0),(308009,208002,'SeeD Field Exam - Com Tower Top',9,7,0),(308010,208003,'Dollet - Mountain Range',9,7,0),(308011,208003,'Dollet - Town Square',9,6,0),(308012,208003,'Dollet - Streets',9,6,0),(308013,208003,'Dollet - Beach',9,6,0),(308014,208004,'Balamb Garden - 1st Floor Hall',8,8,0),(308015,208004,'Balamb Garden - 1st Floor Corridor',8,8,0),(308016,208004,'Balamb Garden - Training Center Entrance',8,8,0),(308017,208004,'Balamb Garden - Training Center',8,9,0),(308018,208004,'Balamb Garden - Secret Area',9,7,0),(308019,208005,'Balamb Garden - 1st Floor Hall',8,6,0),(308020,208005,'Balamb Garden - 1st Floor Corridor',8,5,0),(308021,208005,'Balamb Garden - Card Reader',8,6,0),(308022,208005,'Balamb Garden - Road to the Front Gate',8,6,0),(308023,208005,'Balamb Garden - Front Gate',9,6,0),(308024,208006,'Presidential Train - Rear Car',8,4,0),(308025,208006,'Presidential Train - Rear Coupling',8,5,0),(308026,208006,'Presidential Train - Front Coupling',8,7,0),(308027,208006,'Presidential Train - President\'s Car',9,7,0),(308028,208007,'Centra Excavation Site - Entrance',8,7,0),(308029,208007,'Centra Excavation Site - Passage',8,8,0),(308030,208007,'Centra Excavation Site - Three Hatches',8,8,0),(308031,208007,'Centra Excavation Site - Rugged Boulder',8,8,0),(308032,208007,'Centra Excavation Site - Path to the Precipice',8,9,0),(308033,208008,'Unknown King\'s Tomb - Entrance',8,10,0),(308034,208008,'Unknown King\'s Tomb - Lost Blade Crossing',8,11,0),(308035,208008,'Unknown King\'s Tomb - Drawbridge',8,11,0),(308036,208008,'Unknown King\'s Tomb - Sarcophagus',9,10,0),(310001,210001,'Stadium',2,2,0),(310002,210001,'Overpass',2,1,0),(310003,210001,'Ruined Overpass',3,1,0),(310004,210002,'Village Slope',2,2,1),(310005,210002,'Promontory',2,2,1),(310006,210002,'Ancient Road',3,1,1),(310007,210003,'Deck - Aft',3,1,1),(310008,210003,'Deck - Amidships',3,1,1),(310009,210003,'Deck - Fore',4,1,1),(310010,210004,'Kilika - Pier',10,9,0),(310011,210004,'Kilika - Ruined House',10,9,0),(310012,210004,'Kilika Woods - Entrance',10,9,0),(310013,210004,'Kilika Woods - Forest Crossroads',11,9,0),(310014,210004,'Kilika - Pilgrimage Road',11,9,0),(310018,210005,'Luca Port',10,6,0),(310019,210005,'Luca Port - Dock 1',10,7,0),(310020,210005,'Luca Port - Dock 2',10,8,0),(310021,210005,'Luca Port - Dock 3',11,7,0),(310022,210006,'Mi\'ihen Highroad - Chocobo Stable',10,6,0),(310023,210006,'Mi\'ihen Highroad - South End',10,7,0),(310024,210006,'Mi\'ihen Highroad - Central',10,7,0),(310025,210006,'Mi\'ihen Highroad - Agency Front',11,7,0),(313001,213001,'The Hanging Edge - Aerorail Trussway 13-E',8,4,2),(313002,213001,'The Hanging Edge - Aerorail Trussway 12-E',8,4,1),(313003,213001,'The Hanging Edge - Aerorail Trussway 11-E',8,4,1),(313004,213001,'The Hanging Edge - Skybridge No. 369',9,3,0),(313005,213002,'Lake Bresha - The Waters Stilled',8,4,0),(313006,213002,'Lake Bresha - The Frozen Falls',8,3,0),(313007,213002,'Lake Bresha - A City No Longer',8,3,0),(313008,213002,'Lake Bresha - Echoes of the Past',9,4,0),(313009,213003,'Lake Bresha - A Silent Maelstrom, Part 1',8,5,1),(313010,213003,'Lake Bresha - A Silent Maelstrom, Part 2',8,9,4),(313011,213003,'Lake Bresha - A Silent Maelstrom, Part 3',8,4,0),(313012,213003,'Lake Bresha - A Silent Maelstrom, Part 4',9,5,0),(313013,213004,'The Vile Peaks - Dismal Dunescape',8,5,0),(313014,213004,'The Vile Peaks - Another Man\'s Treasure',8,5,0),(313015,213004,'The Vile Peaks - Devastated Dreams, Part 1',8,4,0),(313016,213004,'The Vile Peaks - Devastated Dreams, Part 2',9,5,0),(313017,213005,'The Vile Peaks - Mounds of Naught',8,5,0),(313018,213005,'The Vile Peaks - Scavenger\'s Trail, Part 1',8,5,0),(313019,213005,'The Vile Peaks - Scavenger\'s Trail, Part 2',8,5,0),(313020,213005,'The Vile Peaks - Scavenger\'s Trail, Part 3',9,5,0),(501008,401003,'Cavern of Earth - 1st Level',13,6,0),(501009,401003,'Cavern of Earth - 2nd Level',13,6,0),(501010,401003,'Cavern of Earth - 3rd Level',13,5,0),(501011,401003,'Cavern of Earth - Stone Tablet',14,4,0),(501012,401004,'Cavern of Earth - Stone Tablet',13,4,0),(501013,401004,'Cavern of Earth - 4th Level',13,4,0),(501014,401004,'Cavern of Earth - 5th Level',13,2,0),(501015,401004,'Cavern of Earth - 6th Level',13,2,0),(501016,401004,'Cavern of Earth - Crystal Sanctum',14,3,0),(501017,401005,'Mount Gulg - 1st Level',13,5,0),(501018,401005,'Mount Gulg - 2nd Level',13,4,0),(501019,401005,'Mount Gulg - 3rd Level',13,4,0),(501020,401005,'Mount Gulg - 4th Level',13,5,0),(501021,401005,'Mount Gulg - Crystal Sanctum',14,5,0),(502001,402001,'Semitt Falls Cavern - 1st Level',13,0,0),(502002,402001,'Semitt Falls Cavern - 2nd Level',13,0,0),(502003,402001,'Semitt Falls Cavern - 3rd Level',13,0,0),(502004,402001,'Semitt Falls Cavern - 4th Level',13,0,0),(502005,402001,'Semitt Falls Cavern - 5th Level',14,0,0),(502017,402004,'Dreadnought - Hold',14,4,0),(502018,402004,'Dreadnought - Gun Deck',14,4,0),(502019,402004,'Dreadnought - Ammunition Storage',14,5,0),(502020,402004,'Dreadnought - Mess Hall',14,4,0),(502021,402004,'Dreadnought - Engine Room',15,4,0),(503001,403001,'Altar Cave - Bottom of the Pit',14,4,0),(503002,403001,'Altar Cave - Hidden Passage Entrance',14,4,0),(503003,403001,'Altar Cave - Forked Path',14,4,0),(503004,403001,'Altar Cave - Crystal Sanctum',15,3,0),(503005,403002,'Castle Sasune - West Tower 1st Floor',14,3,0),(503006,403002,'Castle Sasune - West Tower 2nd Floor',14,3,0),(503007,403002,'Castle Sasune - West Tower 3rd Floor',14,2,0),(503008,403002,'Castle Sasune - West Tower Top Floor',15,2,0),(503009,403003,'Sealed Cave - Entrance',14,4,0),(503010,403003,'Sealed Cave - 1st Level',14,4,0),(503011,403003,'Sealed Cave - 2nd Level',14,4,0),(503012,403003,'Sealed Cave - 3rd Level',14,3,0),(503013,403003,'Sealed Cave - Deepest Reaches',15,2,0),(503014,403004,'Nepto Temple - Entrance',15,2,0),(503015,403004,'Nepto Temple - Into the Dragon',15,2,0),(503016,403004,'Nepto Temple - Fork in the Passage',15,3,0),(503017,403004,'Nepto Temple - Rat\'s Nest',16,3,0),(504001,404001,'Mist Cave - Entrance',12,11,0),(504002,404001,'Mist Cave - Waypoint',12,10,0),(504003,404001,'Mist Cave - Exit',13,53,0),(504004,404002,'Underground Waterway - South',13,5,0),(504005,404002,'Underground Waterway - North',13,1,0),(504006,404002,'Underground Waterway - Levelan Lake',14,1,0),(504015,404005,'Fabul Castle - 1st Battle',4,1,0),(504016,404005,'Fabul Castle - 2nd Battle',4,1,0),(504017,404005,'Fabul Castle - 3rd Battle',4,1,0),(504018,404005,'Fabul Castle - 4th Battle',4,1,0),(504019,404005,'Fabul Castle - 5th Battle',4,1,0),(504020,404005,'Fabul Castle - 6th Battle',4,1,0),(504021,404005,'Fabul Castle - Final Battle',5,1,0),(504040,404009,'Tower of Zot - 1st Floor',14,1,1),(504041,404009,'Tower of Zot - 2nd Floor',14,1,1),(504042,404009,'Tower of Zot - 3rd Floor',14,1,1),(504043,404009,'Tower of Zot - 4th Floor',14,1,1),(504044,404009,'Tower of Zot - 5th Floor',15,1,1),(505001,405001,'Wind Shrine - 1st Floor',14,36,23),(505002,405001,'Wind Shrine - 2nd Floor',14,0,0),(505003,405001,'Wind Shrine - 3rd Floor',14,0,0),(505004,405001,'Wind Shrine - 4th Floor',14,0,0),(505005,405001,'Wind Shrine - Crystal Antechamber',15,0,0),(505028,405007,'Karnak Castle - Crystal Chamber',15,0,0),(505029,405007,'Karnak Castle - Dungeon 4th Level',15,0,0),(505030,405007,'Karnak Castle - 1st Floor',15,0,0),(505031,405007,'Karnak Castle - Exterior',16,0,0),(506001,406001,'Narshe',15,0,0),(506002,406001,'North Mines - Entrance',15,0,0),(506003,406001,'North Mines - Midway',15,0,0),(506004,406001,'North Mines - Inner Mines',16,0,0),(506005,406002,'Abandoned Mineshaft - 1st Battle',15,0,0),(506006,406002,'Abandoned Mineshaft - 2nd Battle',15,0,0),(506007,406002,'Abandoned Mineshaft - 3rd Battle',15,0,0),(506008,406002,'Abandoned Mineshaft - Final Battle',16,0,0),(506035,406008,'2nd Class - Carriage 4',4,14,0),(506036,406008,'2nd Class - Carriage 3',4,14,0),(506037,406008,'2nd Class - Carriage 2',4,14,0),(506038,406008,'2nd Class - Carriage 1',4,14,0),(506039,406008,'1st Class - Carriage 2',4,14,0),(506040,406008,'1st Class - Carriage 1',4,14,0),(506041,406008,'Locomotive',5,34,0),(506076,406018,'Floating Continent - Escape Route West',13,1,0),(506077,406018,'Floating Continent - Escape Route Center',13,1,0),(506078,406018,'Floating Continent - Escape Route East',13,1,0),(506079,406018,'Floating Continent - Airship',14,1,0),(506083,406020,'Mobliz Village - Eaves',16,24,14),(506089,406022,'Darill\'s Tomb - 1st Level',15,2,1),(506090,406022,'Darill\'s Tomb - 2nd Level',15,2,1),(506091,406022,'Darill\'s Tomb - 2nd Level - Gravesite',15,2,1),(506092,406022,'Darill\'s Tomb - 2nd Level - Inner Chamber',16,41,39),(506093,406022,'Darill\'s Tomb - Undercroft',16,0,0),(508001,408001,'Fire Cavern - Entrance',13,7,0),(508002,408001,'Fire Cavern - Forked Path',13,7,0),(508003,408001,'Fire Cavern - Caldera Path',13,7,0),(508004,408001,'Fire Cavern - Caldera',14,6,0),(508005,408002,'SeeD Field Exam - Com Tower Entrance',13,6,0),(508006,408002,'SeeD Field Exam - Com Tower Passage',13,7,0),(508007,408002,'SeeD Field Exam - Elevator',13,7,0),(508008,408002,'SeeD Field Exam - Upper Com Tower',14,6,0),(508009,408002,'SeeD Field Exam - Com Tower Top',14,5,0),(508010,408003,'Dollet - Mountain Range',13,8,0),(508011,408003,'Dollet - Town Square',13,7,0),(508012,408003,'Dollet - Streets',13,6,0),(508013,408003,'Dollet - Beach',14,7,0),(508014,408004,'Balamb Garden - 1st Floor Hall',13,3,0),(508015,408004,'Balamb Garden - 1st Floor Corridor',13,3,0),(508016,408004,'Balamb Garden - Training Center Entrance',13,3,0),(508017,408004,'Balamb Garden - Training Center',14,3,0),(508018,408004,'Balamb Garden - Secret Area',14,3,0),(508019,408005,'Balamb Garden - 1st Floor Hall',13,3,0),(508020,408005,'Balamb Garden - 1st Floor Corridor',13,3,0),(508021,408005,'Balamb Garden - Card Reader',13,3,0),(508022,408005,'Balamb Garden - Road to the Front Gate',13,3,0),(508023,408005,'Balamb Garden - Front Gate',14,3,0),(508024,408006,'Presidential Train - Rear Car',13,3,0),(508025,408006,'Presidential Train - Rear Coupling',13,3,0),(508026,408006,'Presidential Train - Front Coupling',13,3,0),(508027,408006,'Presidential Train - President\'s Car',14,2,0),(508028,408007,'Centra Excavation Site - Entrance',13,2,0),(508029,408007,'Centra Excavation Site - Passage',13,3,0),(508030,408007,'Centra Excavation Site - Three Hatches',13,3,0),(508031,408007,'Centra Excavation Site - Rugged Boulder',13,1,0),(508032,408007,'Centra Excavation Site - Path to the Precipice',13,2,0),(508033,408008,'Unknown King\'s Tomb - Entrance',13,1,0),(508034,408008,'Unknown King\'s Tomb - Lost Blade Crossing',13,1,0),(508035,408008,'Unknown King\'s Tomb - Drawbridge',13,1,0),(508036,408008,'Unknown King\'s Tomb - Sarcophagus',14,1,0),(510010,410004,'Kilika - Pier',15,5,2),(510011,410004,'Kilika - Ruined House',15,4,1),(510012,410004,'Kilika Woods - Entrance',15,4,1),(510013,410004,'Kilika Woods - Forest Crossroads',16,4,1),(510014,410004,'Kilika - Pilgrimage Road',16,4,1),(510022,410006,'Mi\'ihen Highroad - Chocobo Stable',15,1,1),(510023,410006,'Mi\'ihen Highroad - South End',15,1,1),(510024,410006,'Mi\'ihen Highroad - Central',15,1,1),(510025,410006,'Mi\'ihen Highroad - Agency Front',16,1,1),(513001,413001,'The Hanging Edge - Aerorail Trussway 13-E',13,0,0),(513002,413001,'The Hanging Edge - Aerorail Trussway 12-E',13,0,0),(513003,413001,'The Hanging Edge - Aerorail Trussway 11-E',13,1,0),(513004,413001,'The Hanging Edge - Skybridge No. 369',14,0,0),(513005,413002,'Lake Bresha - The Waters Stilled',13,1,0),(513006,413002,'Lake Bresha - The Frozen Falls',13,1,0),(513007,413002,'Lake Bresha - A City No Longer',13,1,0),(513008,413002,'Lake Bresha - Echoes of the Past',14,1,0),(513009,413003,'Lake Bresha - A Silent Maelstrom, Part 1',13,2,1),(513010,413003,'Lake Bresha - A Silent Maelstrom, Part 2',13,4,3),(513011,413003,'Lake Bresha - A Silent Maelstrom, Part 3',13,1,0),(513012,413003,'Lake Bresha - A Silent Maelstrom, Part 4',14,0,0),(513013,413004,'The Vile Peaks - Dismal Dunescape',13,1,0),(513014,413004,'The Vile Peaks - Another Man\'s Treasure',13,1,0),(513015,413004,'The Vile Peaks - Devastated Dreams, Part 1',13,1,0),(513016,413004,'The Vile Peaks - Devastated Dreams, Part 2',14,1,0),(513017,413005,'The Vile Peaks - Mounds of Naught',13,1,0),(513018,413005,'The Vile Peaks - Scavenger\'s Trail, Part 1',13,1,0),(513019,413005,'The Vile Peaks - Scavenger\'s Trail, Part 2',13,1,0),(513020,413005,'The Vile Peaks - Scavenger\'s Trail, Part 3',14,2,0),(708001,608001,'Caraway Mansion, Part 1',3,1,1),(708002,608001,'Caraway Mansion, Part 2',3,1,1),(708003,608001,'Caraway Mansion, Part 3',3,1,1),(708036,608011,'Caraway Mansion, Part 1 (Elite)',10,2,0),(708037,608011,'Caraway Mansion, Part 2 (Elite)',10,1,0),(708038,608011,'Caraway Mansion, Part 3 (Elite)',10,2,0),(708039,608012,'Deling City Sewers - Entrance, Part 1 (Elite)',11,2,0),(708040,608012,'Deling City Sewers - Entrance, Part 2 (Elite)',11,2,0),(708041,608012,'Deling City Sewers - Entrance, Part 3 (Elite)',11,1,0),(708042,608013,'Deling City Sewers - Junction, Part 1 (Elite)',12,2,2),(708043,608013,'Deling City Sewers - Junction, Part 2 (Elite)',12,3,2),(708044,608013,'Deling City Sewers - Junction, Part 3 (Elite)',12,3,2),(708045,608014,'Sorceress\'s Chamber, Part 1 (Elite)',12,2,2),(708046,608014,'Sorceress\'s Chamber, Part 2 (Elite)',12,2,2),(708047,608014,'Sorceress\'s Chamber, Part 3 (Elite)',13,2,2),(708048,608015,'Clocktower, Part 1 (Elite)',14,6,4),(708049,608015,'Clocktower, Part 2 (Elite)',14,6,4),(708050,608015,'Clocktower, Part 3 (Elite)',14,6,4),(708051,608016,'Deling City Sewer - Near the Exit, Part 1 (Elite)',14,2,0),(708052,608016,'Deling City Sewer - Near the Exit, Part 2 (Elite)',14,2,0),(708053,608016,'Deling City Sewer - Near the Exit, Part 3 (Elite)',14,3,0),(708054,608016,'Deling City Sewer - Near the Exit, Part 4 (Elite)',14,3,0),(708055,608017,'Deling City Sewer - Exit, Part 1 (Elite)',15,6,2),(708056,608017,'Deling City Sewer - Exit, Part 2 (Elite)',15,3,1),(708057,608017,'Deling City Sewer - Exit, Part 3 (Elite)',15,4,2),(708058,608017,'Deling City Sewer - Exit, Part 4 (Elite)',16,4,2),(708059,608018,'Gateway, Part 1 (Elite)',16,5,1),(708060,608018,'Gateway, Part 2 (Elite)',16,3,1),(708061,608018,'Gateway, Part 3 (Elite)',16,4,1),(708062,608018,'Gateway, Part 4 (Elite)',16,4,1),(708063,608019,'Presidential Residence, Part 1 (Elite)',16,2,2),(708064,608019,'Presidential Residence, Part 2 (Elite)',16,2,2),(708065,608019,'Presidential Residence, Part 3 (Elite)',16,2,2),(708066,608019,'Presidential Residence, Part 4 (Elite)',17,1,1),(720079,620027,'Sea of Elements, Part 1 - Hard',10,4,0),(720080,620027,'Sea of Elements, Part 2 - Hard',10,2,0),(720081,620027,'Sea of Elements, Part 3 - Hard',10,2,0),(720082,620028,'Sea of Elements, Part 1 - Heroic',15,66,0),(720083,620028,'Sea of Elements, Part 2 - Heroic',15,60,0),(720084,620028,'Sea of Elements, Part 3 - Heroic',15,7,0),(720085,620029,'Weapons Foundry, Part 1 - Easy',3,3,3),(720086,620029,'Weapons Foundry, Part 2 - Easy',3,3,3),(720087,620029,'Weapons Foundry, Part 3 - Easy',3,2,2),(720088,620030,'Weapons Foundry, Part 1 - Normal',5,2,2),(720089,620030,'Weapons Foundry, Part 2 - Normal',5,0,0),(720090,620030,'Weapons Foundry, Part 3 - Normal',5,0,0),(720091,620031,'Weapons Foundry, Part 1 - Hard',10,14,14),(720092,620031,'Weapons Foundry, Part 2 - Hard',10,11,11),(720093,620031,'Weapons Foundry, Part 3 - Hard',10,11,11),(720094,620032,'Weapons Foundry, Part 1 - Heroic',15,13,13),(720095,620032,'Weapons Foundry, Part 2 - Heroic',15,1,1),(720096,620032,'Weapons Foundry, Part 3 - Heroic',15,0,0),(720127,620043,'Armor Mako Reactor, Part 1 - Hard',10,3,0),(720128,620043,'Armor Mako Reactor, Part 2 - Hard',10,1,0),(720129,620043,'Armor Mako Reactor, Part 3 - Hard',10,1,0),(720130,620044,'Armor Mako Reactor, Part 1 - Heroic',15,27,0),(720131,620044,'Armor Mako Reactor, Part 2 - Heroic',15,9,0),(720132,620044,'Armor Mako Reactor, Part 3 - Heroic',15,7,0),(720139,620039,'Castle of Elements, Part 1 - Hard',10,2,0),(720140,620039,'Castle of Elements, Part 2 - Hard',10,1,0),(720141,620039,'Castle of Elements, Part 3 - Hard',10,1,0),(720142,620040,'Castle of Elements, Part 1 - Heroic',15,32,0),(720143,620040,'Castle of Elements, Part 2 - Heroic',15,12,0),(720144,620040,'Castle of Elements, Part 3 - Heroic',15,11,0),(720151,620047,'Gil Grasslands, Part 1 - Hard',10,2,0),(720152,620047,'Gil Grasslands, Part 2 - Hard',10,0,0),(720153,620047,'Gil Grasslands, Part 3 - Hard',10,0,0),(720154,620048,'Gil Grasslands, Part 1 - Heroic',15,8,0),(720155,620048,'Gil Grasslands, Part 2 - Heroic',15,8,0),(720156,620048,'Gil Grasslands, Part 3 - Heroic',15,8,0),(720163,620051,'Glade of Wisdom, Part 1 - Hard',10,12,0),(720164,620051,'Glade of Wisdom, Part 2 - Hard',10,7,0),(720165,620051,'Glade of Wisdom, Part 3 - Hard',10,6,0),(720166,620052,'Glade of Wisdom, Part 1 - Heroic',15,0,0),(720167,620052,'Glade of Wisdom, Part 2 - Heroic',15,0,0),(720168,620052,'Glade of Wisdom, Part 3 - Heroic',15,1,0);
/*!40000 ALTER TABLE `battles` ENABLE KEYS */;
UNLOCK TABLES;

--
-- Temporary view structure for view `dungeon_drops`
--

DROP TABLE IF EXISTS `dungeon_drops`;
/*!50001 DROP VIEW IF EXISTS `dungeon_drops`*/;
SET @saved_cs_client     = @@character_set_client;
SET character_set_client = utf8;
/*!50001 CREATE VIEW `dungeon_drops` AS SELECT 
 1 AS `battleid`,
 1 AS `itemid`,
 1 AS `dungeon_id`,
 1 AS `dungeon_name`,
 1 AS `dungeon_type`,
 1 AS `battle_name`,
 1 AS `times_run`,
 1 AS `stdev_samples`,
 1 AS `battle_stamina`,
 1 AS `item_name`,
 1 AS `item_rarity`,
 1 AS `item_series`,
 1 AS `item_type`,
 1 AS `item_subtype`,
 1 AS `total_drops`,
 1 AS `stdev_sum_of_drops`,
 1 AS `stdev_sum_of_squares_of_drops`*/;
SET character_set_client = @saved_cs_client;

--
-- Table structure for table `dungeons`
--

DROP TABLE IF EXISTS `dungeons`;
/*!40101 SET @saved_cs_client     = @@character_set_client */;
/*!40101 SET character_set_client = utf8 */;
CREATE TABLE `dungeons` (
  `id` int(10) unsigned NOT NULL,
  `world` int(10) unsigned NOT NULL,
  `series` int(10) unsigned NOT NULL,
  `name` varchar(100) NOT NULL,
  `type` tinyint(3) unsigned NOT NULL COMMENT '0 - classic\n1 - elite\n2 - event',
  `difficulty` smallint(5) unsigned NOT NULL,
  PRIMARY KEY (`id`),
  UNIQUE KEY `id_UNIQUE` (`id`),
  KEY `world_INDEX` (`world`),
  KEY `FK_dungeon_series_idx` (`series`),
  CONSTRAINT `FK_dungeon_series` FOREIGN KEY (`series`) REFERENCES `series` (`id`) ON DELETE NO ACTION ON UPDATE NO ACTION,
  CONSTRAINT `FK_dungeon_world` FOREIGN KEY (`world`) REFERENCES `worlds` (`id`) ON DELETE NO ACTION ON UPDATE NO ACTION
) ENGINE=InnoDB DEFAULT CHARSET=utf8;
/*!40101 SET character_set_client = @saved_cs_client */;

--
-- Dumping data for table `dungeons`
--

LOCK TABLES `dungeons` WRITE;
/*!40000 ALTER TABLE `dungeons` DISABLE KEYS */;
INSERT INTO `dungeons` VALUES (201001,101001,101001,'Chaos Shrine',1,15),(201002,101001,101001,'Western Keep',1,16),(201003,101001,101001,'Cavern of Earth 1',1,34),(201004,101001,101001,'Cavern of Earth 2',1,35),(201005,101001,101001,'Mount Gulg',1,36),(202001,102001,102001,'Semitt Falls Cavern',1,17),(202002,102001,102001,'Snow Cavern',1,17),(202003,102001,102001,'Snow Cavern (Return)',1,18),(202004,102001,102001,'Dreadnought',1,35),(203001,103001,103001,'Altar Cave',1,35),(203002,103001,103001,'Castle Sasune',1,36),(203003,103001,103001,'Sealed Cave',1,36),(203004,103001,103001,'Nepto Temple',1,37),(204001,104001,104001,'Mist Cave',1,3),(204002,104001,104001,'Underground Waterway',1,4),(204003,104001,104001,'Antlion\'s Den',1,6),(204004,104001,104001,'Mount Hobs',1,7),(204005,104001,104001,'Fabul Castle',1,8),(204007,104001,104001,'Baron Castle',1,10),(204008,104001,104001,'Lodestone Cavern',1,23),(204009,104001,104001,'Tower of Zot',1,24),(204010,104001,104001,'Tower of Zot - Spire',1,26),(204011,104001,104001,'Dwarven Castle',1,26),(204012,104001,104001,'Tower of Babil - Depths',1,25),(204013,104001,104001,'Cave of Eblan',1,27),(204014,104001,104001,'Tower of Babil - Heights',1,27),(204015,104001,104001,'The Feymarch',1,29),(205001,105001,105001,'Wind Shrine',1,6),(205002,105001,105001,'Torna Canal',1,7),(205003,105001,105001,'Ship Graveyard',1,8),(205004,105001,105001,'North Mountain',1,9),(205005,105001,105001,'Castle Walse',1,39),(205006,105001,105001,'Walse Tower',1,39),(205007,105001,105001,'Karnak Castle',1,40),(205008,105001,105001,'Library of the Ancients',1,41),(206001,106001,106001,'North Mines',1,9),(206002,106001,106001,'Abandoned Mineshaft',1,10),(206003,106001,106001,'Figaro Castle',1,11),(206004,106001,106001,'Mt. Kolts',1,12),(206006,106001,106001,'Imperial Camp',1,13),(206007,106001,106001,'South Figaro Cave',1,15),(206008,106001,106001,'Phantom Train',1,16),(206009,106001,106001,'Esper Valley',1,16),(206010,106001,106001,'Zozo',1,17),(206011,106001,106001,'Opera House',1,18),(206012,106001,106001,'Magitek Factory',1,18),(206013,106001,106001,'Vector',1,19),(206014,106001,106001,'Thamasa',1,20),(206015,106001,106001,'Esper Caves',1,21),(206016,106001,106001,'Airship',1,21),(206017,106001,106001,'Floating Continent 1',1,23),(206018,106001,106001,'Floating Continent 2',1,23),(206019,106001,106001,'Solitary Island',1,28),(206020,106001,106001,'Mobliz',1,29),(206021,106001,106001,'Figaro Castle 2',1,30),(206022,106001,106001,'Darill\'s Tomb',1,32),(207001,107001,107001,'Mako Reactor No. 1',1,1),(207002,107001,107001,'Mako Reactor No. 5',1,1),(208001,108001,108001,'Fire Cavern',1,32),(208002,108001,108001,'SeeD Field Exam',1,33),(208003,108001,108001,'Dollet',1,34),(208004,108001,108001,'Balamb Garden 1',1,34),(208005,108001,108001,'Balamb Garden 2',1,34),(208006,108001,108001,'Presidential Train',1,35),(208007,108001,108001,'Centra Excavation Site',1,34),(208008,108001,108001,'Unknown King\'s Tomb',1,35),(210001,110001,110001,'Zanarkand',1,2),(210002,110001,110001,'Besaid',1,3),(210003,110001,110001,'S.S. Liki',1,5),(210004,110001,110001,'Kilika Woods',1,37),(210005,110001,110001,'Luca',1,38),(210006,110001,110001,'Mi\'ihen Highroad',1,39),(213001,113001,113001,'The Hanging Edge',1,32),(213002,113001,113001,'Lake Bresha 1',1,33),(213003,113001,113001,'Lake Bresha 2',1,33),(213004,113001,113001,'The Vile Peaks 1',1,34),(213005,113001,113001,'The Vile Peaks 2',1,35),(401001,101001,101001,'Chaos Shrine',2,24),(401002,101001,101001,'Western Keep',2,25),(401003,101001,101001,'Cavern of Earth 1',2,48),(401004,101001,101001,'Cavern of Earth 2',2,50),(401005,101001,101001,'Mount Gulg',2,53),(402001,102001,102001,'Semitt Falls Cavern',2,27),(402002,102001,102001,'Snow Cavern',2,29),(402003,102001,102001,'Snow Cavern (Return)',2,31),(402004,102001,102001,'Dreadnought',2,53),(403001,103001,103001,'Altar Cave',2,55),(403002,103001,103001,'Castle Sasune',2,57),(403003,103001,103001,'Sealed Cave',2,59),(403004,103001,103001,'Nepto Temple',2,62),(404001,104001,104001,'Mist Cave',2,20),(404002,104001,104001,'Underground Waterway',2,23),(404003,104001,104001,'Antlion\'s Den',2,28),(404004,104001,104001,'Mount Hobs',2,32),(404005,104001,104001,'Fabul Castle',2,34),(404007,104001,104001,'Baron Castle',2,41),(404008,104001,104001,'Lodestone Cavern',2,43),(404009,104001,104001,'Tower of Zot',2,45),(404010,104001,104001,'Tower of Zot - Spire',2,48),(404011,104001,104001,'Dwarven Castle',2,50),(404012,104001,104001,'Tower of Babil - Depths',2,50),(404013,104001,104001,'Cave of Eblan',2,53),(404014,104001,104001,'Tower of Babil - Heights',2,55),(404015,104001,104001,'The Feymarch',2,58),(405001,105001,105001,'Wind Shrine',2,29),(405002,105001,105001,'Torna Canal',2,35),(405003,105001,105001,'Ship Graveyard',2,37),(405004,105001,105001,'North Mountain',2,42),(405005,105001,105001,'Castle Walse',2,71),(405006,105001,105001,'Walse Tower',2,73),(405007,105001,105001,'Karnak Castle',2,76),(405008,105001,105001,'Library of the Ancients',2,79),(406001,106001,106001,'North Mines',2,43),(406002,106001,106001,'Abandoned Mineshaft',2,46),(406003,106001,106001,'Figaro Castle',2,48),(406004,106001,106001,'Mt. Kolts',2,51),(406006,106001,106001,'Imperial Camp',2,54),(406007,106001,106001,'South Figaro Cave',2,58),(406008,106001,106001,'Phantom Train',2,23),(406009,106001,106001,'Esper Valley',2,25),(406010,106001,106001,'Zozo',2,26),(406011,106001,106001,'Opera House',2,28),(406012,106001,106001,'Magitek Factory',2,30),(406013,106001,106001,'Vector',2,32),(406014,106001,106001,'Thamasa',2,34),(406015,106001,106001,'Esper Caves',2,37),(406016,106001,106001,'Airship',2,38),(406017,106001,106001,'Floating Continent 1',2,40),(406018,106001,106001,'Floating Continent 2',2,41),(406019,106001,106001,'Solitary Island',2,58),(406020,106001,106001,'Mobliz',2,60),(406021,106001,106001,'Figaro Castle 2',2,63),(406022,106001,106001,'Darill\'s Tomb',2,67),(407001,107001,107001,'Mako Reactor No. 1',2,14),(407002,107001,107001,'Mako Reactor No. 5',2,15),(408001,108001,108001,'Fire Cavern',2,42),(408002,108001,108001,'SeeD Field Exam',2,43),(408003,108001,108001,'Dollet',2,45),(408004,108001,108001,'Balamb Garden 1',2,46),(408005,108001,108001,'Balamb Garden 2',2,47),(408006,108001,108001,'Presidential Train',2,49),(408007,108001,108001,'Centra Excavation Site',2,49),(408008,108001,108001,'Unknown King\'s Tomb',2,52),(410001,110001,110001,'Zanarkand',2,17),(410002,110001,110001,'Besaid',2,21),(410003,110001,110001,'S.S. Liki',2,26),(410004,110001,110001,'Kilika Woods',2,63),(410005,110001,110001,'Luca',2,66),(410006,110001,110001,'Mi\'ihen Highroad',2,69),(413001,113001,113001,'The Hanging Edge',2,42),(413002,113001,113001,'Lake Bresha 1',2,43),(413003,113001,113001,'Lake Bresha 2',2,44),(413004,113001,113001,'The Vile Peaks 1',2,46),(413005,113001,113001,'The Vile Peaks 2',2,48),(608001,108002,108001,'Caraway Mansion',1,4),(608002,108002,108001,'Deling City Sewers - Entrance',1,6),(608003,108002,108001,'Deling City Sewers - Junction',1,8),(608004,108002,108001,'Sorceress\'s Chamber',1,11),(608005,108002,108001,'Clocktower',1,14),(608006,108002,108001,'Deling City Sewer - Near the Exit',1,17),(608007,108002,108001,'Deling City Sewer - Exit',1,19),(608008,108002,108001,'Gateway',1,21),(608009,108002,108001,'Presidential Residence',1,23),(608010,108002,108001,'Parade Float',1,26),(608011,108002,108001,'Caraway Mansion',2,25),(608012,108002,108001,'Deling City Sewers - Entrance',2,33),(608013,108002,108001,'Deling City Sewers - Junction',2,42),(608014,108002,108001,'Sorceress\'s Chamber',2,50),(608015,108002,108001,'Clocktower',2,60),(608016,108002,108001,'Deling City Sewer - Near the Exit',2,70),(608017,108002,108001,'Deling City Sewer - Exit',2,80),(608018,108002,108001,'Gateway',2,90),(608019,108002,108001,'Presidential Residence',2,95),(608020,108002,108001,'Parade Float',2,99),(620025,800001,110001,'Sea of Elements (X): Easy',1,5),(620026,800001,110001,'Sea of Elements (X): Normal',1,23),(620027,800001,110001,'Sea of Elements (X): Hard',1,50),(620028,800001,110001,'Sea of Elements (X): Heroic',1,80),(620029,800001,106001,'Weapons Foundry (VI): Easy',1,5),(620030,800001,106001,'Weapons Foundry (VI): Normal',1,23),(620031,800001,106001,'Weapons Foundry (VI): Hard',1,50),(620032,800001,106001,'Weapons Foundry (VI): Heroic',1,80),(620033,800001,102001,'Mana Stronghold (II): Easy',1,5),(620034,800001,102001,'Mana Stronghold (II): Normal',1,23),(620035,800001,102001,'Mana Stronghold (II): Hard',1,50),(620036,800001,102001,'Mana Stronghold (II): Heroic',1,80),(620037,800001,104001,'Castle of Elements (IV): Easy',1,5),(620038,800001,104001,'Castle of Elements (IV): Normal',1,23),(620039,800001,104001,'Castle of Elements (IV): Hard',1,50),(620040,800001,104001,'Castle of Elements (IV): Heroic',1,80),(620041,800001,107001,'Armor Mako Reactor (VII): Easy',1,5),(620042,800001,107001,'Armor Mako Reactor (VII): Normal',1,23),(620043,800001,107001,'Armor Mako Reactor (VII): Hard',1,50),(620044,800001,107001,'Armor Mako Reactor (VII): Heroic',1,80),(620045,800001,200001,'Gil Grasslands (Core): Easy',1,5),(620046,800001,200001,'Gil Grasslands (Core): Normal',1,23),(620047,800001,200001,'Gil Grasslands (Core): Hard',1,50),(620048,800001,200001,'Gil Grasslands (Core): Heroic',1,80),(620049,800001,1,'Glade of Wisdom: Easy',1,5),(620050,800001,1,'Glade of Wisdom: Normal',1,23),(620051,800001,1,'Glade of Wisdom: Hard',1,50),(620052,800001,1,'Glade of Wisdom: Heroic',1,80);
/*!40000 ALTER TABLE `dungeons` ENABLE KEYS */;
UNLOCK TABLES;

--
-- Table structure for table `enemies`
--

DROP TABLE IF EXISTS `enemies`;
/*!40101 SET @saved_cs_client     = @@character_set_client */;
/*!40101 SET character_set_client = utf8 */;
CREATE TABLE `enemies` (
  `id` int(10) unsigned NOT NULL,
  `name` varchar(45) NOT NULL,
  PRIMARY KEY (`id`)
) ENGINE=InnoDB DEFAULT CHARSET=latin1;
/*!40101 SET character_set_client = @saved_cs_client */;

--
-- Dumping data for table `enemies`
--

LOCK TABLES `enemies` WRITE;
/*!40000 ALTER TABLE `enemies` DISABLE KEYS */;
INSERT INTO `enemies` VALUES (301001,'Werewolf'),(301002,'Warg Wolf'),(301003,'Black Widow'),(301004,'Scorpion'),(301005,'Crawler'),(301006,'Earth Elemental'),(301007,'Red Dragon'),(302002,'Shadow'),(302003,'Goblin Guard'),(302007,'Ogre Mage'),(302008,'Helldiver'),(302016,'Werepanther'),(302017,'Wraith'),(302018,'Magician'),(303001,'Eye Fang'),(303002,'Cursed Copper'),(303003,'Blue Wisp'),(303004,'Red Wisp'),(303005,'Dark Eye'),(303006,'Shadow'),(303007,'Lilliputian'),(304001,'Goblin'),(304009,'Zombie'),(304010,'Red Marshmallow'),(304011,'Alligator'),(304012,'Domovoi'),(304016,'Leshy'),(304017,'Sand Worm'),(304023,'Bloodbones'),(304024,'Gargoyle'),(304025,'Captain'),(304026,'Baron Marine'),(304027,'Sahagin'),(304053,'Flan Princess'),(304058,'Mindflayer'),(304059,'Soldieress'),(304065,'Thunder Dragon'),(304069,'Mythril Golem'),(304072,'Black Knight'),(304073,'Red Dragon'),(304074,'Dinozombie'),(304075,'Armor Construct'),(304076,'Yellow Dragon'),(305001,'Black Goblin'),(305004,'Mani Wizard'),(305006,'Octokraken'),(305007,'Skeleton'),(305008,'Calcruthl'),(305012,'Gaelicat'),(305014,'Headstone'),(305033,'Motor Trap'),(305034,'Garchimacera'),(305035,'Wyvern'),(305036,'Gigas'),(305037,'Page 32'),(305038,'Page 64'),(305039,'Page 128'),(305040,'Page 256'),(305048,'Wyrm'),(305051,'Shield Dragon'),(305053,'Fury'),(305054,'Great Dragon'),(305057,'Bandercoeurl'),(305062,'Duel Knight'),(306001,'Wererat'),(306002,'Bandit'),(306003,'Spritzer'),(306006,'Megalodoth'),(306007,'Silver Lobo'),(306011,'Blackwind'),(306013,'Trillium'),(306016,'Lesser Lopros'),(306022,'Satellite'),(306041,'Outsider'),(306045,'Belmodar'),(306050,'Sprinter'),(306052,'Greater Mantis'),(306073,'Ghost'),(306076,'Goetia'),(306077,'Onion Knight'),(306078,'Destroyer'),(306079,'Chaser'),(306080,'Grenade'),(306081,'Spitfire'),(306082,'Behemoth'),(306083,'Dragon'),(306086,'Cruller'),(306087,'Malboro'),(306091,'Proto Armor'),(306094,'Cloud'),(306095,'Angel Whisper'),(306096,'Oversoul'),(306100,'Dragon'),(306101,'Vector Chimera'),(306104,'Gorgimera'),(306106,'Shambling Corpse'),(306107,'Joker'),(306108,'Duel Armor'),(306109,'Test Rider'),(306110,'Dante'),(306113,'Devil Fist'),(306117,'Neck Hunter'),(306118,'Punisher'),(306121,'Platinum Dragon'),(306123,'Glasya Labolas'),(306124,'Great Behemoth'),(306129,'Slagworm'),(307001,'MP'),(307004,'Sweeper'),(307007,'Special Combatant'),(307008,'Smogger'),(307009,'Blood Taste'),(307015,'Aero Combatant'),(307016,'Hedgehog Pie'),(307047,'Valron'),(307048,'Custom Sweeper'),(307049,'SOLDIER 3rd Class'),(307050,'Sword Dance'),(308001,'Red Bat'),(308002,'Geezard'),(308003,'Anacondaur'),(308004,'Archaeosaur'),(308005,'Esthar Soldier'),(308006,'Buer'),(308007,'Grat'),(308008,'Esthar Soldier'),(308009,'Gesper'),(308010,'Forbidden'),(308011,'Grand Mantis'),(308012,'Grat'),(308013,'Gesper'),(308014,'Forbidden'),(308015,'Grand Mantis'),(310001,'Green Sinscale'),(310004,'Dingo'),(310005,'Condor'),(310006,'Water Flan'),(310007,'Garuda'),(310008,'Dinonix'),(310009,'Sahagin Chief'),(310010,'White Element'),(310011,'Vouivre'),(310012,'Murussu'),(310013,'Ragora'),(310014,'Behemoth'),(310015,'Nidhogg'),(310016,'Dual Horn'),(313001,'PSICOM Enforcer'),(313002,'Myrmidon'),(313003,'PSICOM Tracker'),(313004,'Wight'),(313005,'Ghast'),(313006,'Crusader'),(313007,'Uhlan'),(401003,'Vampire'),(401004,'Lich'),(401005,'Marilith'),(402005,'Captain'),(403001,'Great Tortoise'),(403002,'Griffon'),(403003,'Djinn'),(403004,'Giant Rat'),(404001,'Mist Dragon'),(404002,'Octomammoth'),(404003,'Antlion'),(404010,'Baigan'),(404013,'Cagnazzo'),(404019,'Sandy'),(404030,'Dragoon'),(405001,'Wing Raptor'),(405002,'Karlabos'),(405003,'Siren'),(405004,'Forza'),(405006,'Shiva'),(405007,'Garula'),(405008,'Cur Nakk'),(405009,'Ifrit'),(405010,'Byblos'),(406003,'Guard Leader'),(406006,'Ipooh'),(406010,'Magitek Armor'),(406012,'Phantom Train'),(406021,'Orthros'),(406025,'Nelapa'),(406027,'Humbaba'),(406029,''),(407001,'Guard Scorpion'),(407002,'Air Buster'),(408001,'Ifrit'),(408002,'Biggs'),(408003,'Elvoret'),(408004,'X-ATM092'),(408005,'Granaldo'),(408006,'Diabolos'),(408007,'Fake President'),(408008,'Sekhret'),(408009,'Iguion'),(408011,'Edea'),(408012,'X-ATM092'),(408013,'X-ATM092'),(408014,'X-ATM092'),(408015,'Archaeosaur'),(410001,'Green Sinscale'),(410002,'???'),(410003,'Blue Sinscale'),(410005,'Sinspawn Echuilles'),(410006,'Lord Ochu'),(410007,'Tentacle'),(410008,'Oblitzerator'),(410009,'Chocobo Eater'),(413002,'Dreadnought'),(413003,'Dreadnought'),(413004,'Garuda Interceptor'),(413005,'Nix'),(413007,'Manasvin Warmech'),(413010,'Odin');
/*!40000 ALTER TABLE `enemies` ENABLE KEYS */;
UNLOCK TABLES;

--
-- Table structure for table `items`
--

DROP TABLE IF EXISTS `items`;
/*!40101 SET @saved_cs_client     = @@character_set_client */;
/*!40101 SET character_set_client = utf8 */;
CREATE TABLE `items` (
  `id` int(10) unsigned NOT NULL,
  `name` varchar(45) NOT NULL,
  `rarity` tinyint(3) unsigned NOT NULL,
  `series` int(10) unsigned DEFAULT NULL,
  `type` tinyint(3) unsigned NOT NULL COMMENT 'equipment,item,orb',
  `subtype` tinyint(4) unsigned DEFAULT NULL COMMENT 'type: 1 (equipment), 2 (item), 3 (orb)\ntype 1, subtype:\n1 Dagger\n2 Sword\n3 Spear\n4 Bow\n5 Ball\n6 Axe\n7 Thrown\n8 Katana\n9 Book\n10 Whip\n11 Fist\n12 Staff\n13 Rod\n14 Shield\n15 Helm\n16 Hat\n17 Robe\n18 Light Armor\n19 Armor\n20 Bracer\n21 Accessory\n22 Instrument\n23 Hammer\n\ntype 3, subtype\n1 power\n2 white\n3 black\n4 non-elem\n5 fire\n6 ice\n7 lightning\n8 earth\n9 wind\n10 holy\n11 dark\n12 blue\n13 summon',
  PRIMARY KEY (`id`),
  UNIQUE KEY `id_UNIQUE` (`id`),
  KEY `realm_INDEX` (`series`),
  KEY `rarity_INDEX` (`rarity`),
  CONSTRAINT `FK_item_series` FOREIGN KEY (`series`) REFERENCES `series` (`id`) ON DELETE NO ACTION ON UPDATE NO ACTION
) ENGINE=InnoDB DEFAULT CHARSET=utf8;
/*!40101 SET character_set_client = @saved_cs_client */;

--
-- Dumping data for table `items`
--

LOCK TABLES `items` WRITE;
/*!40000 ALTER TABLE `items` DISABLE KEYS */;
INSERT INTO `items` VALUES (21001001,'Knife (II)',1,102001,1,1),(21001002,'Mythril Knife (II)',2,102001,1,1),(21001003,'Dagger (IX)',1,109001,1,1),(21001004,'Kunai (IV)',1,104001,1,1),(21001005,'Kodachi (V)',2,105001,1,1),(21001006,'Chopper (XII)',2,112001,1,1),(21001007,'Cat Claws (II)',4,102001,1,1),(21001008,'Mythril Dagger (IX)',2,109001,1,1),(21001009,'Orichalcum Dirk (V)',3,105001,1,1),(21001010,'Dancing Dagger (V)',3,105001,1,1),(21001011,'Avenger (XII)',3,112001,1,1),(21001012,'Ripper (II)',3,102001,1,1),(21001013,'Main Gauche (VI)',3,106001,1,1),(21001014,'Air Knife (VI)',3,106001,1,1),(21001015,'Mage Masher (IV)',3,104001,1,1),(21001016,'Platinum Dagger (XII)',4,112001,1,1),(21001017,'Gladius (IX)',4,109001,1,1),(21001019,'Maneater (VI)',4,106001,1,1),(21001020,'Swordbreaker (VI)',4,106001,1,1),(21001021,'Danjuro (XII)',5,112001,1,1),(21001029,'Dancing Dagger (IV)',4,104001,1,1),(21002001,'Broadsword (V)',1,105001,1,2),(21002002,'Iron Sword (XII)',2,112001,1,2),(21002003,'Longsword (XII)',1,112001,1,2),(21002004,'Mythril Sword (IV)',2,104001,1,2),(21002005,'Coral Sword (V)',2,105001,1,2),(21002006,'Mythril Blade (XII)',2,112001,1,2),(21002007,'Greatsword (VI)',2,106001,1,2),(21002008,'Rune Blade (V)',3,105001,1,2),(21002009,'Enhancer (V)',3,105001,1,2),(21002010,'Ancient Sword (XII)',3,112001,1,2),(21002011,'Zwill Blade (XII)',2,112001,1,2),(21002012,'Platinum Sword (XII)',3,112001,1,2),(21002013,'Flametongue (VI)',3,106001,1,2),(21002015,'Falchion (VI)',3,106001,1,2),(21002016,'Bastard Sword (VI)',3,106001,1,2),(21002018,'Sleep Blade (IV)',3,104001,1,2),(21002019,'Icebrand (IV)',3,104001,1,2),(21002020,'Defender (IV)',3,104001,1,2),(21002021,'Stoneblade (VI)',3,106001,1,2),(21002022,'Crystal Sword (VI)',4,106001,1,2),(21002023,'Buster Sword (VII)',5,107001,1,2),(21002026,'Dark Sword',5,104001,1,2),(21002029,'Soul Sabre (VI)',5,106001,1,2),(21002030,'Diamond Sword (XII)',4,112001,1,2),(21002031,'Claymore (XII)',3,112001,1,2),(21002033,'Zantetsuken (VI)',5,106001,1,2),(21002039,'Enhancer (VI)',5,106001,1,2),(21002043,'Galbadian Blade (VIII)',2,108001,1,2),(21003001,'Kazekiri (V)',2,105001,1,3),(21003005,'Masamune',5,107001,1,8),(21003007,'Kiku-ichimonji (VI)',5,106001,1,3),(21004001,'Battle Axe (V)',1,105001,1,4),(21004002,'Handaxe (XII)',1,112001,1,4),(21004003,'Broadaxe (XII)',1,112001,1,4),(21004004,'Slasher (XII)',2,112001,1,4),(21004005,'Ogrekiller (IV)',2,104001,1,4),(21004006,'Death Sickle (V)',3,105001,1,4),(21004007,'Rune Axe (V)',4,105001,1,4),(21004008,'Poison Axe (IV)',3,104001,1,4),(21004009,'Giant\'s Axe (V)',4,105001,1,4),(21004011,'Hammerhead (XII)',4,112001,1,4),(21005001,'Hammer (IV)',1,104001,1,5),(21005002,'Mythril Hammer (IV)',2,104001,1,5),(21005003,'War Hammer (V)',2,105001,1,5),(21005004,'Gaia Hammer (V)',3,105001,1,5),(21005005,'Sledgehammer (XII)',4,112001,1,5),(21006001,'Spear (XII)',1,112001,1,6),(21006002,'Wind Spear (V)',1,105001,1,6),(21006003,'Partisan (XII)',2,112001,1,6),(21006004,'Heavy Lance',2,112001,1,3),(21006005,'Mythril Spear (VI)',2,106001,1,6),(21006006,'Javelin (V)',3,105001,1,6),(21006007,'Storm Spear (XII)',3,112001,1,6),(21006008,'Obelisk (XII)',3,112001,1,6),(21006009,'Halberd (XII)',3,112001,1,6),(21006010,'Trident (XII)',4,112001,1,6),(21006011,'Blood Lance',5,104001,1,3),(21006012,'Golden Spear (VI)',5,106001,1,6),(21007001,'Leather Glove (VII)',1,107001,1,7),(21007002,'Cat Claws (III)',1,103001,1,7),(21007003,'Metal Knuckles (VI)',2,106001,1,7),(21007004,'Sonic Knuckles (III)',2,103001,1,7),(21007005,'Bronze Knuckles',1,103001,1,11),(21007006,'Mythril Claws (VI)',2,106001,1,7),(21007007,'Diamond Knuckle (VII)',3,107001,1,7),(21007008,'Wyvern Claws (III)',3,103001,1,7),(21007009,'Tiger Claws (III)',3,103001,1,7),(21007010,'Venom Claws (VI)',3,106001,1,7),(21007013,'Grand Glove',5,107001,1,11),(21007015,'Metal Knuckle (VII)',4,107001,1,7),(21008001,'Mythril Rod (VI)',2,106001,1,8),(21008002,'Rod (IV)',1,104001,1,8),(21008003,'Serpent Rod (XII)',2,112001,1,8),(21008004,'Healing Rod (XII)',2,112001,1,8),(21008005,'Flame Rod (V)',3,105001,1,8),(21008006,'Thunder Rod (V)',3,105001,1,8),(21008007,'Gaia Rod (XII)',3,112001,1,8),(21008008,'Power Rod (XII)',3,112001,1,8),(21008009,'Poison Rod (VI)',3,106001,1,8),(21008010,'Punisher',3,106001,1,12),(21008011,'Lilith Rod (IV)',3,104001,1,8),(21008012,'Guard Stick',5,107001,1,12),(21008013,'Light Rod (III)',4,103001,1,8),(21008014,'Empyrean Rod (XII)',4,112001,1,8),(21008017,'Ice Rod (IV)',3,104001,1,8),(21008018,'Gravity Rod (VI)',4,106001,1,8),(21008019,'Mace (XII)',1,112001,1,8),(21008020,'Bronze Mace (XII)',3,112001,1,8),(21009001,'Cherry Staff (XII)',1,112001,1,9),(21009002,'Oak Staff',1,112001,1,12),(21009003,'Staff (IV)',1,104001,1,9),(21009004,'Mage\'s Staff',2,102001,1,12),(21009005,'Mythril Staff (IV)',2,104001,1,9),(21009006,'Power Staff (IV)',2,104001,1,9),(21009007,'Golem Staff (III)',3,103001,1,9),(21009008,'Diamond Mace (II)',3,102001,1,9),(21009009,'Wizard\'s Staff (XII)',3,112001,1,9),(21009010,'Golden Staff (XII)',3,112001,1,9),(21009011,'Storm Staff (XII)',3,112001,1,9),(21009012,'Glacial Staff (XII)',3,112001,1,9),(21009013,'Flame Staff (XII)',3,112001,1,9),(21009015,'Aura Staff (IV)',3,104001,1,9),(21009016,'Rune Staff (IV)',3,104001,1,9),(21009017,'Light Staff (III)',4,103001,1,9),(21009018,'Sage\'s Staff (IV)',4,104001,1,9),(21009019,'Judgment Staff (V)',5,105001,1,9),(21009020,'Oaken Pole',2,112001,1,12),(21009021,'Cypress Pole (XII)',3,112001,1,9),(21010001,'Silver Bow',1,105001,1,4),(21010002,'Shortbow (XII)',1,112001,1,10),(21010003,'Longbow (XII)',1,112001,1,10),(21010004,'Flame Bow (V)',2,105001,1,10),(21010005,'Frost Bow (V)',2,105001,1,10),(21010006,'Thunder Bow',2,105001,1,4),(21010007,'Dark Bow (V)',3,105001,1,10),(21010008,'Elven Bow (V)',3,105001,1,10),(21010009,'Aevis Killer (XII)',3,112001,1,10),(21010010,'Killer Bow (V)',4,105001,1,10),(21010011,'Hayate Bow (V)',4,105001,1,10),(21010012,'Bowgun (XII)',2,112001,1,10),(21011001,'Silver Harp (V)',3,105001,1,11),(21011002,'Madhura Harp (III)',4,103001,1,11),(21012001,'Whip (IV)',2,104001,1,12),(21012002,'Blitz Whip (IV)',3,104001,1,12),(21012003,'Ice Whip',5,104001,1,10),(21013001,'Moonring Blade (VI)',4,106001,1,13),(21013002,'Boomerang (VI)',1,106001,1,13),(21013003,'Chakram (III)',2,103001,1,13),(21013004,'Shuriken (III)',3,103001,1,13),(21014001,'Healing Grimoire',5,200001,1,14),(21030001,'Official Ball (X)',5,110001,1,30),(22050001,'Leather Shield (V)',1,105001,1,50),(22050002,'Bronze Shield (V)',1,105001,1,50),(22050003,'Round Shield (XII)',1,112001,1,50),(22050004,'Buckler',1,112001,1,14),(22050005,'Iron Shield (IV)',2,104001,1,50),(22050006,'Mythril Shield (IV)',2,104001,1,50),(22050007,'Golden Shield (V)',3,105001,1,50),(22050008,'Diamond Shield (V)',3,105001,1,50),(22050009,'Shell Shield (XII)',3,112001,1,50),(22050010,'Flame Shield (IV)',3,104001,1,50),(22050011,'Ice Shield (IV)',3,104001,1,50),(22050012,'Aegis Shield (IV)',3,104001,1,50),(22050013,'Crystal Shield (VI)',4,106001,1,50),(22050014,'Genji Shield (IV)',5,104001,1,50),(22050015,'Lustrous Shield',5,104001,1,14),(22050016,'Heavy Shield (VI)',2,106001,1,50),(22051001,'Plumed Hat (V)',1,105001,1,51),(22051002,'Twist Headband (V)',1,105001,1,51),(22051003,'Leather Cap (VI)',1,106001,1,51),(22051004,'Hairband (VI)',1,106001,1,51),(22051006,'Gold Hairpin (V)',3,105001,1,51),(22051007,'Lamia\'s Tiara (V)',3,105001,1,51),(22051008,'Circlet (V)',3,105001,1,51),(22051009,'Red Cap (VI)',3,106001,1,51),(22051010,'Hypno Crown (V)',4,105001,1,51),(22051011,'Royal Crown (VI)',4,106001,1,51),(22051013,'Wizard\'s Hat (IV)',1,104001,1,51),(22051014,'Green Beret (IV)',2,104001,1,51),(22051015,'Black Cowl (IV)',3,104001,1,51),(22051016,'Sage\'s Miter (IV)',2,104001,1,51),(22051017,'Beret (VI)',2,106001,1,51),(22051018,'Feathered Hat (III)',4,103001,1,51),(22052001,'Bronze Helm (V)',1,105001,1,52),(22052002,'Bronze Helm (II)',1,102001,1,52),(22052003,'Iron Helm (IV)',2,104001,1,52),(22052004,'Shell Helm (III)',2,103001,1,52),(22052005,'Flame Helm (II)',2,102001,1,52),(22052006,'Giant\'s Helm (II)',2,102001,1,52),(22052007,'Mythril Helm (IV)',2,104001,1,52),(22052008,'Dragon Helm (III)',3,103001,1,52),(22052009,'Viking Helm (III)',3,103001,1,52),(22052010,'Ice Helm (III)',3,103001,1,52),(22052011,'Golden Helm (VI)',3,106001,1,52),(22052012,'Diamond Helm (VI)',4,106001,1,52),(22052013,'Genji Helm (V)',5,105001,1,52),(22052014,'Thornlet (V)',4,105001,1,52),(22052015,'Crystal Helm (VI)',4,106001,1,52),(22052017,'Diamond Helm (III)',4,103001,1,52),(22053001,'Copper Cuirass (V)',1,105001,1,53),(22053002,'Vest (III)',1,103001,1,53),(22053003,'Leather Clothing (IV)',1,104001,1,53),(22053005,'Protect Vest (VII)',2,107001,1,53),(22053006,'Ninja Gear (VI)',2,106001,1,53),(22053007,'Kenpo Gi (IV)',2,104001,1,53),(22053008,'Power Sash',2,104001,1,18),(22053009,'Mirage Vest (V)',3,105001,1,53),(22053010,'Black Belt Gi (III)',3,103001,1,53),(22053013,'Diamond Vest (VI)',3,106001,1,53),(22053014,'Black Garb (IV)',4,104001,1,53),(22053015,'Red Jacket (VI)',4,106001,1,53),(22053019,'Balamb Garden Uniform (VIII)',5,108001,1,53),(22054001,'Bronze Armor (V)',1,105001,1,54),(22054002,'Leather Armor (III)',1,103001,1,54),(22054003,'Leather Armor (VI)',1,106001,1,54),(22054004,'Iron Armor (IV)',2,104001,1,54),(22054005,'Bone Mail (V)',2,105001,1,54),(22054007,'Mythril Armor (IV)',2,104001,1,54),(22054008,'Knight Armor (III)',3,103001,1,54),(22054009,'Demon Mail (III)',3,103001,1,54),(22054010,'Golden Armor (VI)',3,106001,1,54),(22054012,'Flame Mail (IV)',3,104001,1,54),(22054013,'Ice Armor (IV)',3,104001,1,54),(22054014,'Crystal Armor (V)',4,105001,1,54),(22054015,'Genji Armor (V)',5,105001,1,54),(22054016,'Diamond Armor (VI)',4,106001,1,54),(22054017,'Mythril Vest (VI)',3,106001,1,54),(22054018,'Mythril Mail (VI)',3,106001,1,54),(22054022,'Galbadian Armor (VIII)',2,108001,1,54),(22055001,'Mage Robe (III)',1,103001,1,55),(22055002,'Cotton Robe (VI)',1,106001,1,55),(22055003,'Silk Robe (VI)',1,106001,1,55),(22055004,'Scholar Robe (III)',2,103001,1,55),(22055005,'Bard\'s Tunic (IV)',2,104001,1,55),(22055006,'Gaia Gear (IV)',2,104001,1,55),(22055007,'Luminous Robe (V)',3,105001,1,55),(22055008,'White Dress (VI)',3,106001,1,55),(22055009,'Magus Robe (VI)',3,106001,1,55),(22055011,'Sage\'s Surplice (IV)',3,104001,1,55),(22055012,'Black Robe (IV)',4,104001,1,55),(22055013,'White Robe (IV)',4,104001,1,55),(22055014,'Regal Gown (VI)',5,106001,1,55),(22055015,'Gaia Vest (III)',4,103001,1,55),(22056001,'Bronze Bangle (VII)',1,107001,1,56),(22056002,'Iron Bangle (VII)',1,107001,1,56),(22056003,'Mythril Armlet (VII)',2,107001,1,56),(22056004,'Carbon Bangle',2,107001,1,20),(22056005,'Silver Armlet (VII)',3,107001,1,56),(22056006,'Diamond Bangle (VII)',3,107001,1,56),(22056007,'Crystal Bangle (VII)',4,107001,1,56),(22056008,'Rune Armlet (VII)',3,107001,1,56),(23080001,'Power Wrist (VII)',1,107001,1,80),(23080002,'Earring (VII)',0,107001,1,80),(23080003,'Talisman (VII)',0,107001,1,80),(23080009,'Choco Feather (VII)',2,107001,1,80),(23080010,'Star Pendant (VII)',0,107001,1,80),(23080011,'Silver Glasses (VII)',0,107001,1,80),(23080012,'Protect Ring (VII)',2,107001,1,80),(23080016,'Sniper Eye (VI)',1,106001,1,80),(23080017,'Jeweled Ring (VI)',3,106001,1,80),(23080018,'Angel Wings (VI)',3,106001,1,80),(23080019,'Hyper Wrist (VI)',0,106001,1,80),(23080020,'Hero\'s Ring (VI)',0,106001,1,80),(24098001,'Tiny Scarletite',1,NULL,2,98),(24098002,'Small Scarletite',2,NULL,2,98),(24098003,'Scarletite',3,NULL,2,98),(24098004,'Large Scarletite',4,NULL,2,98),(24098005,'Giant Scarletite',5,1,1,98),(24099001,'Tiny Adamantite',1,NULL,2,2),(24099002,'Small Adamantite',2,NULL,2,99),(24099003,'Adamantite',3,NULL,2,99),(24099004,'Large Adamantite',4,NULL,2,99),(24099005,'Giant Adamantite',5,1,1,99),(40000001,'Minor Power Orb',1,NULL,3,1),(40000002,'Lesser Power Orb',2,NULL,3,1),(40000003,'Power Orb',3,NULL,3,1),(40000004,'Greater Power Orb',4,NULL,3,1),(40000005,'Major Power Orb',5,NULL,3,1),(40000006,'Minor White Orb',1,NULL,3,2),(40000007,'Lesser White Orb',2,NULL,3,2),(40000008,'White Orb',3,NULL,3,2),(40000009,'Greater White Orb',4,NULL,3,2),(40000010,'Major White Orb',5,NULL,3,2),(40000011,'Minor Black Orb',1,NULL,3,3),(40000012,'Lesser Black Orb',2,NULL,3,3),(40000013,'Black Orb',3,NULL,3,3),(40000014,'Greater Black Orb',4,NULL,3,3),(40000015,'Major Black Orb',5,NULL,3,3),(40000016,'Minor Blue Orb',1,NULL,3,12),(40000017,'Lesser Blue Orb',2,NULL,3,12),(40000018,'Blue Orb',3,NULL,3,12),(40000019,'Greater Blue Orb',4,NULL,3,12),(40000020,'Major Blue Orb',5,NULL,3,12),(40000021,'Minor Summon Orb',1,NULL,3,13),(40000022,'Lesser Summon Orb',2,NULL,3,13),(40000023,'Summon Orb',3,NULL,3,13),(40000024,'Greater Summon Orb',4,NULL,3,13),(40000025,'Major Summon Orb',5,NULL,3,13),(40000026,'Minor Non-Elemental Orb',1,NULL,3,4),(40000027,'Lesser Non-Elemental Orb',2,NULL,3,4),(40000028,'Non-Elemental Orb',3,NULL,3,4),(40000029,'Greater Non-Elemental Orb',4,NULL,3,4),(40000030,'Major Non-Elemental Orb',5,NULL,3,4),(40000031,'Minor Fire Orb',1,NULL,3,5),(40000032,'Lesser Fire Orb',2,NULL,3,5),(40000033,'Fire Orb',3,NULL,3,5),(40000034,'Greater Fire Orb',4,NULL,3,5),(40000035,'Major Fire Orb',5,NULL,3,5),(40000036,'Minor Ice Orb',1,NULL,3,6),(40000037,'Lesser Ice Orb',2,NULL,3,6),(40000038,'Ice Orb',3,NULL,3,6),(40000039,'Greater Ice Orb',4,NULL,3,6),(40000040,'Major Ice Orb',5,NULL,3,6),(40000041,'Minor Lightning Orb',1,NULL,3,7),(40000042,'Lesser Lightning Orb',2,NULL,3,7),(40000043,'Lightning Orb',3,NULL,3,7),(40000044,'Greater Lightning Orb',4,NULL,3,7),(40000045,'Major Lightning Orb',5,NULL,3,7),(40000046,'Minor Earth Orb',1,NULL,3,8),(40000047,'Lesser Earth Orb',2,NULL,3,8),(40000048,'Earth Orb',3,NULL,3,8),(40000049,'Greater Earth Orb',4,NULL,3,8),(40000050,'Major Earth Orb',5,NULL,3,8),(40000051,'Minor Wind Orb',1,NULL,3,9),(40000052,'Lesser Wind Orb',2,NULL,3,9),(40000053,'Wind Orb',3,NULL,3,9),(40000054,'Greater Wind Orb',4,NULL,3,9),(40000055,'Major Wind Orb',5,NULL,3,9),(40000056,'Minor Holy Orb',1,NULL,3,10),(40000057,'Lesser Holy Orb',2,NULL,3,10),(40000058,'Holy Orb',3,NULL,3,10),(40000059,'Greater Holy Orb',4,NULL,3,10),(40000060,'Major Holy Orb',5,NULL,3,10),(40000061,'Minor Dark Orb',1,NULL,3,11),(40000062,'Lesser Dark Orb',2,NULL,3,11),(40000063,'Dark Orb',3,NULL,3,11),(40000064,'Greater Dark Orb',4,NULL,3,11),(40000065,'Major Dark Orb',5,NULL,3,11);
/*!40000 ALTER TABLE `items` ENABLE KEYS */;
UNLOCK TABLES;

--
-- Table structure for table `per_battle_drops`
--

DROP TABLE IF EXISTS `per_battle_drops`;
/*!40101 SET @saved_cs_client     = @@character_set_client */;
/*!40101 SET character_set_client = utf8 */;
CREATE TABLE `per_battle_drops` (
  `battleid` int(10) unsigned NOT NULL,
  `itemid` int(10) unsigned NOT NULL,
  `count` int(10) unsigned DEFAULT NULL,
  `stdev_sum_of_drops` int(10) unsigned NOT NULL,
  `stdev_sum_of_squares_of_drops` bigint(20) unsigned NOT NULL,
  PRIMARY KEY (`battleid`,`itemid`),
  KEY `FK_per_battle_drop_item_idx` (`itemid`),
  CONSTRAINT `FK_per_battle_drop_battle` FOREIGN KEY (`battleid`) REFERENCES `battles` (`id`) ON DELETE NO ACTION ON UPDATE NO ACTION,
  CONSTRAINT `FK_per_battle_drop_item` FOREIGN KEY (`itemid`) REFERENCES `items` (`id`) ON DELETE NO ACTION ON UPDATE NO ACTION
) ENGINE=InnoDB DEFAULT CHARSET=latin1;
/*!40101 SET character_set_client = @saved_cs_client */;

--
-- Dumping data for table `per_battle_drops`
--

LOCK TABLES `per_battle_drops` WRITE;
/*!40000 ALTER TABLE `per_battle_drops` DISABLE KEYS */;
INSERT INTO `per_battle_drops` VALUES (301001,22053002,1,0,0),(301001,40000037,1,0,0),(301001,40000052,1,0,0),(301008,22053002,1,0,0),(301008,40000012,5,0,0),(301008,40000032,6,0,0),(301008,40000047,5,0,0),(301009,21006001,1,0,0),(301009,22056001,2,0,0),(301009,40000012,10,0,0),(301009,40000032,8,0,0),(301009,40000033,1,0,0),(301009,40000047,7,0,0),(301010,21007001,4,0,0),(301010,21008002,1,0,0),(301010,22053002,2,0,0),(301010,40000012,5,0,0),(301010,40000032,17,0,0),(301010,40000033,2,0,0),(301010,40000047,4,0,0),(301011,21004003,4,0,0),(301011,22051002,1,0,0),(301011,40000012,4,0,0),(301011,40000032,11,0,0),(301011,40000033,1,0,0),(301011,40000047,3,0,0),(301012,21008002,1,0,0),(301012,21013002,1,0,0),(301012,22056001,4,0,0),(301012,40000007,4,0,0),(301012,40000008,1,0,0),(301012,40000012,3,0,0),(301012,40000027,7,0,0),(301012,40000047,4,0,0),(301012,40000048,1,0,0),(301013,21007001,2,0,0),(301013,22050003,1,0,0),(301013,40000007,5,0,0),(301013,40000012,3,0,0),(301013,40000013,1,0,0),(301013,40000027,10,0,0),(301013,40000047,1,0,0),(301014,22051013,4,0,0),(301014,22056001,1,0,0),(301014,40000007,3,0,0),(301014,40000012,7,0,0),(301014,40000027,9,0,0),(301014,40000028,1,0,0),(301015,21007001,1,0,0),(301015,21013002,2,0,0),(301015,22053002,1,0,0),(301015,40000007,5,0,0),(301015,40000012,6,0,0),(301015,40000027,14,0,0),(301016,22050003,3,0,0),(301016,22056001,2,0,0),(301016,40000007,4,0,0),(301016,40000012,7,0,0),(301016,40000013,1,0,0),(301016,40000027,7,0,0),(301016,40000028,1,0,0),(301016,40000043,1,0,0),(301017,21008002,1,0,0),(301017,40000007,5,0,0),(301017,40000012,5,0,0),(301017,40000013,1,0,0),(301017,40000047,2,0,0),(301018,21004003,1,0,0),(301018,40000007,10,0,0),(301018,40000012,2,0,0),(301018,40000047,4,0,0),(301019,21004005,2,0,0),(301019,21006001,1,0,0),(301019,21008002,1,0,0),(301019,40000007,7,0,0),(301019,40000012,13,0,0),(301019,40000047,1,0,0),(301020,21007001,2,0,0),(301020,22053002,3,0,0),(301020,40000007,4,0,0),(301020,40000012,12,0,0),(301020,40000047,2,0,0),(301021,40000007,6,0,0),(301021,40000008,1,0,0),(301021,40000012,3,0,0),(301021,40000013,3,0,0),(302017,21004003,1,0,0),(302017,21007001,1,0,0),(302017,21013002,1,0,0),(302017,22051016,3,0,0),(302017,40000013,1,0,0),(302017,40000032,1,0,0),(302017,40000037,6,0,0),(302017,40000047,3,0,0),(302018,21006001,5,0,0),(302018,40000012,1,0,0),(302018,40000032,1,0,0),(302018,40000037,13,0,0),(302018,40000038,1,0,0),(302018,40000047,9,0,0),(302018,40000048,1,0,0),(302019,21008002,3,0,0),(302019,40000032,1,0,0),(302019,40000037,5,0,0),(302019,40000047,14,0,0),(302019,40000048,2,0,0),(302020,21004003,1,0,0),(302020,22050003,1,0,0),(302020,22051002,1,0,0),(302020,40000032,4,0,0),(302020,40000037,4,0,0),(302020,40000047,7,0,0),(302021,21006001,1,0,0),(302021,22052007,2,0,0),(302021,40000028,5,0,0),(302021,40000032,1,0,0),(302021,40000037,4,0,0),(302021,40000047,9,0,0),(303001,21007001,2,0,0),(303001,22050003,2,0,0),(303001,40000032,2,0,0),(303001,40000047,1,0,0),(303001,40000062,5,0,0),(303002,21006001,3,0,0),(303002,22051002,1,0,0),(303002,22051013,2,0,0),(303002,22056001,1,0,0),(303002,40000032,1,0,0),(303002,40000037,6,0,0),(303002,40000047,4,0,0),(303002,40000062,5,0,0),(303003,21008002,1,0,0),(303003,21013002,7,0,0),(303003,40000032,3,0,0),(303003,40000037,3,0,0),(303003,40000047,2,0,0),(303003,40000062,4,0,0),(303003,40000063,1,0,0),(303004,22050003,2,0,0),(303004,22051013,1,0,0),(303004,40000032,4,0,0),(303004,40000037,4,0,0),(303004,40000047,4,0,0),(303004,40000048,3,0,0),(303004,40000062,2,0,0),(303005,21013002,2,0,0),(303005,22055004,1,0,0),(303005,22056001,1,0,0),(303005,40000027,2,0,0),(303005,40000032,1,0,0),(303005,40000037,1,0,0),(303005,40000062,4,0,0),(303006,21004003,2,0,0),(303006,22050003,3,0,0),(303006,40000032,2,0,0),(303006,40000037,1,0,0),(303006,40000038,1,0,0),(303006,40000062,6,0,0),(303006,40000063,1,0,0),(303007,21008002,1,0,0),(303007,22051013,1,0,0),(303007,40000027,3,0,0),(303007,40000028,1,0,0),(303007,40000032,5,0,0),(303007,40000037,5,0,0),(303007,40000062,9,0,0),(303008,21007001,1,0,0),(303008,21013002,1,0,0),(303008,22053002,1,0,0),(303008,40000032,3,0,0),(303008,40000037,6,0,0),(303008,40000053,1,0,0),(303008,40000062,7,0,0),(303008,40000063,2,0,0),(303009,22051002,3,0,0),(303009,22051013,1,0,0),(303009,40000027,3,0,0),(303009,40000032,4,0,0),(303009,40000033,1,0,0),(303009,40000037,5,0,0),(303009,40000038,1,0,0),(303009,40000062,2,0,0),(303010,21007001,3,0,0),(303010,21008002,4,0,0),(303010,21013002,2,0,0),(303010,40000027,3,0,0),(303010,40000028,1,0,0),(303010,40000032,1,0,0),(303010,40000037,9,0,0),(303010,40000038,2,0,0),(303011,22050016,1,0,0),(303011,40000027,2,0,0),(303011,40000032,5,0,0),(303011,40000037,7,0,0),(303012,40000027,2,0,0),(303012,40000032,6,0,0),(303012,40000037,4,0,0),(303013,21007001,3,0,0),(303013,22053002,1,0,0),(303013,40000032,7,0,0),(303013,40000037,3,0,0),(303014,21006001,1,0,0),(303014,21008002,2,0,0),(303014,40000027,2,0,0),(303014,40000032,10,0,0),(303014,40000052,3,0,0),(303015,21004003,1,0,0),(303015,21007001,4,0,0),(303015,40000032,11,0,0),(303015,40000052,10,0,0),(303015,40000053,1,0,0),(303016,21006001,1,0,0),(303016,22051013,1,0,0),(303016,40000027,2,0,0),(303016,40000032,8,0,0),(303016,40000033,2,0,0),(303016,40000052,4,0,0),(303016,40000062,1,0,0),(303017,21007001,1,0,0),(303017,21013002,2,0,0),(303017,22053002,2,0,0),(303017,40000032,12,0,0),(303017,40000052,7,0,0),(304002,40000051,1,0,0),(304015,21002001,1,1,1),(304015,40000011,3,3,5),(304015,40000061,1,1,1),(304033,40000056,1,1,1),(304034,40000012,1,1,1),(305001,21004002,2,2,4),(305001,40000031,2,2,4),(305002,21004002,1,1,1),(305002,21007001,1,1,1),(305002,40000001,1,1,1),(305002,40000036,2,2,4),(305003,21004002,1,1,1),(305003,21007001,1,1,1),(305003,40000031,2,2,4),(305004,40000001,3,3,9),(305005,40000032,1,1,1),(305005,40000036,1,1,1),(305006,21004002,1,1,1),(305007,21004002,1,1,1),(305007,21007001,1,1,1),(305007,40000046,1,1,1),(305008,40000051,1,1,1),(305009,40000052,1,1,1),(305010,21009001,1,1,1),(305010,40000031,1,1,1),(305010,40000036,2,2,4),(305012,22053001,1,1,1),(305012,40000006,1,1,1),(305012,40000036,1,1,1),(305013,21009001,1,1,1),(305013,40000007,1,1,1),(305014,21010002,1,1,1),(305014,40000061,3,3,9),(305015,40000001,1,1,1),(305016,21010002,1,1,1),(305016,40000001,1,1,1),(305016,40000026,1,1,1),(305016,40000061,1,1,1),(305017,22053001,1,1,1),(305017,40000026,1,1,1),(305017,40000061,2,2,4),(305018,21005001,1,1,1),(305018,40000061,2,2,4),(305018,40000062,1,1,1),(305019,21004003,1,0,0),(305019,22050003,1,0,0),(305019,22051002,1,0,0),(305019,22051013,1,0,0),(305019,40000027,1,0,0),(305019,40000032,1,0,0),(305019,40000042,3,0,0),(305019,40000052,3,0,0),(305020,21008002,1,0,0),(305020,22056001,1,0,0),(305020,40000027,1,0,0),(305020,40000032,1,0,0),(305020,40000042,1,0,0),(305020,40000052,4,0,0),(305021,21004003,1,0,0),(305021,40000027,3,0,0),(305021,40000032,1,0,0),(305021,40000052,4,0,0),(305022,22055004,1,0,0),(305022,22056001,2,0,0),(305022,40000027,1,0,0),(305022,40000032,1,0,0),(305022,40000033,1,0,0),(305022,40000042,2,0,0),(305022,40000043,1,0,0),(305022,40000052,4,0,0),(305022,40000053,2,0,0),(305023,40000027,1,0,0),(305023,40000032,3,0,0),(305023,40000033,1,0,0),(305023,40000038,2,0,0),(305023,40000042,1,0,0),(305023,40000052,1,0,0),(305024,22051013,2,0,0),(305024,40000012,1,0,0),(305024,40000033,1,0,0),(305024,40000042,4,0,0),(305024,40000052,1,0,0),(305025,21013002,2,0,0),(305025,22056001,2,0,0),(305025,40000032,2,1,1),(305025,40000042,1,0,0),(305025,40000043,1,0,0),(305025,40000052,1,1,1),(305026,22050003,1,0,0),(305026,40000052,1,0,0),(305026,40000053,1,0,0),(305027,40000008,3,0,0),(305027,40000012,1,0,0),(305027,40000013,1,0,0),(305027,40000032,1,0,0),(305027,40000033,1,0,0),(305027,40000042,1,0,0),(305027,40000052,2,0,0),(305028,21004003,1,0,0),(305028,21007001,2,0,0),(305028,40000037,1,0,0),(305028,40000042,2,1,1),(305028,40000047,1,0,0),(305029,40000037,1,0,0),(305029,40000042,1,1,1),(305029,40000047,4,1,1),(305029,40000052,1,0,0),(305030,21008002,2,1,1),(305030,40000037,1,0,0),(305030,40000052,2,0,0),(305031,22051002,1,1,1),(305031,22051013,2,0,0),(305031,40000037,1,0,0),(305031,40000052,1,0,0),(305031,40000063,4,0,0),(305032,22056001,1,0,0),(305032,40000007,2,1,1),(305032,40000012,4,0,0),(305032,40000037,1,1,1),(305033,21005003,1,0,0),(305033,40000007,4,0,0),(305033,40000008,1,0,0),(305033,40000012,1,1,1),(305033,40000037,2,0,0),(305033,40000057,1,0,0),(305034,21006001,2,0,0),(305034,22051013,1,0,0),(305034,22052005,1,0,0),(305034,40000007,2,0,0),(305034,40000012,4,1,1),(305034,40000037,3,0,0),(305034,40000057,1,0,0),(305035,21004003,2,0,0),(305035,40000007,3,0,0),(305035,40000033,1,0,0),(305035,40000037,1,0,0),(305036,40000012,1,0,0),(305036,40000063,2,1,1),(306001,21002003,2,2,4),(306001,40000052,1,1,1),(306002,40000047,1,1,1),(306003,40000007,1,1,1),(306003,40000052,2,2,4),(306005,22051013,1,1,1),(306005,40000012,1,1,1),(306005,40000032,1,1,1),(306006,40000037,1,1,1),(306009,21004003,1,1,1),(306009,21010003,5,2,2),(306009,40000002,7,5,17),(306009,40000057,1,0,0),(306010,21010003,5,0,0),(306010,22051013,5,0,0),(306010,40000002,2,0,0),(306010,40000042,4,1,1),(306010,40000057,3,0,0),(306011,40000042,2,2,4),(306011,40000057,1,1,1),(306012,40000002,1,1,1),(306013,40000002,1,1,1),(306013,40000057,1,1,1),(306014,40000027,1,1,1),(306015,40000027,1,1,1),(306015,40000062,1,1,1),(306016,21006002,1,1,1),(306016,40000027,1,1,1),(306017,21004003,2,2,4),(306017,21006002,1,1,1),(306018,40000062,1,1,1),(306019,21004003,1,1,1),(306019,40000027,1,1,1),(306019,40000028,1,1,1),(306058,21007001,28,28,66),(306058,21013002,22,22,56),(306058,40000032,58,58,230),(306058,40000047,41,41,93),(306063,22051002,1,0,0),(306063,40000032,1,0,0),(306064,40000032,1,0,0),(306065,22050003,1,0,0),(306065,22051002,1,0,0),(306065,40000032,2,0,0),(306066,21001005,2,0,0),(306066,21006001,1,0,0),(306066,21008002,4,0,0),(306066,22056001,1,0,0),(306066,40000002,5,0,0),(306066,40000032,18,0,0),(306066,40000042,2,0,0),(306066,40000058,4,0,0),(307001,21001002,1,0,0),(307001,21008002,1,0,0),(307001,21009003,1,0,0),(307001,22053003,2,0,0),(307001,40000007,2,0,0),(307001,40000031,4,0,0),(307001,40000036,13,0,0),(307004,21008002,1,0,0),(307004,40000041,1,0,0),(307005,21008002,1,0,0),(307005,40000056,2,0,0),(307006,40000011,1,0,0),(307006,40000012,1,0,0),(308001,40000027,2,0,0),(308001,40000032,1,0,0),(308001,40000047,3,0,0),(308002,21004003,2,0,0),(308002,40000027,3,0,0),(308002,40000047,1,0,0),(308002,40000052,1,0,0),(308003,21008002,1,0,0),(308003,22056001,2,0,0),(308003,40000027,2,0,0),(308003,40000032,3,0,0),(308003,40000047,4,0,0),(308004,22053002,1,0,0),(308004,40000032,1,0,0),(308004,40000033,1,0,0),(308004,40000047,1,0,0),(308004,40000052,2,0,0),(308005,21006001,2,0,0),(308005,22051013,1,0,0),(308005,40000027,4,0,0),(308005,40000047,5,0,0),(308005,40000052,2,0,0),(308006,21004003,1,0,0),(308006,21007001,2,0,0),(308006,21013002,1,0,0),(308006,22053002,1,0,0),(308006,40000027,2,0,0),(308006,40000042,2,0,0),(308006,40000047,3,0,0),(308006,40000052,2,0,0),(308007,22050003,2,0,0),(308007,22051002,2,0,0),(308007,22053006,2,0,0),(308007,40000027,1,0,0),(308007,40000042,1,0,0),(308007,40000047,3,0,0),(308007,40000052,2,0,0),(308008,40000003,3,0,0),(308009,40000053,2,0,0),(308010,21008002,1,0,0),(308010,22056001,1,0,0),(308010,40000027,4,0,0),(308010,40000047,3,0,0),(308011,21007001,1,0,0),(308011,22050003,1,0,0),(308011,22051002,1,0,0),(308011,40000042,3,0,0),(308012,21008002,1,0,0),(308012,22051013,1,0,0),(308012,40000042,1,0,0),(308012,40000047,2,0,0),(308012,40000062,1,0,0),(308013,21004003,1,0,0),(308013,21013002,1,0,0),(308013,40000027,1,0,0),(308013,40000043,2,0,0),(308013,40000062,3,0,0),(308014,22051002,1,0,0),(308014,40000042,3,0,0),(308014,40000057,3,0,0),(308014,40000062,3,0,0),(308015,21008002,2,0,0),(308015,21013002,1,0,0),(308015,40000027,2,0,0),(308015,40000042,1,0,0),(308015,40000057,2,0,0),(308016,21004003,1,0,0),(308016,40000042,2,0,0),(308016,40000062,2,0,0),(308017,21008002,1,0,0),(308017,21013002,1,0,0),(308017,40000027,2,0,0),(308017,40000042,4,0,0),(308017,40000057,3,0,0),(308017,40000062,2,0,0),(308018,40000048,4,0,0),(308019,22056001,1,0,0),(308019,40000002,1,0,0),(308019,40000042,2,0,0),(308019,40000057,2,0,0),(308019,40000062,1,0,0),(308020,21013002,2,0,0),(308020,40000042,1,0,0),(308020,40000057,4,0,0),(308020,40000062,1,0,0),(308021,22050003,1,0,0),(308021,40000042,3,0,0),(308021,40000057,2,0,0),(308021,40000062,2,0,0),(308022,40000042,1,0,0),(308022,40000057,6,0,0),(308023,40000063,2,0,0),(308024,21006001,2,0,0),(308024,40000012,1,0,0),(308024,40000057,3,0,0),(308025,21004003,1,0,0),(308025,21007001,1,0,0),(308025,22053002,1,0,0),(308025,40000002,1,0,0),(308025,40000057,2,0,0),(308025,40000062,1,0,0),(308026,22051002,1,0,0),(308026,22051013,2,0,0),(308026,40000002,2,0,0),(308026,40000012,2,0,0),(308026,40000057,3,0,0),(308026,40000062,2,0,0),(308027,21007001,1,0,0),(308027,21008002,2,0,0),(308027,21013002,1,0,0),(308027,40000028,2,0,0),(308027,40000057,5,0,0),(308027,40000062,1,0,0),(308028,40000032,2,0,0),(308028,40000052,6,0,0),(308028,40000057,2,0,0),(308029,21008002,1,0,0),(308029,40000032,2,0,0),(308029,40000052,1,0,0),(308029,40000053,1,0,0),(308029,40000057,2,0,0),(308030,21007001,2,0,0),(308030,22050003,1,0,0),(308030,40000027,2,0,0),(308030,40000032,1,0,0),(308030,40000052,1,0,0),(308030,40000057,1,0,0),(308030,40000058,1,0,0),(308031,21006001,1,0,0),(308031,21008002,1,0,0),(308031,22056001,4,0,0),(308031,40000027,1,0,0),(308031,40000032,2,0,0),(308031,40000033,1,0,0),(308031,40000052,5,0,0),(308031,40000053,2,0,0),(308031,40000057,3,0,0),(308032,21004003,2,0,0),(308032,21007001,2,0,0),(308032,22053002,1,0,0),(308032,40000032,1,0,0),(308032,40000052,4,0,0),(308032,40000057,2,0,0),(308032,40000058,1,0,0),(308033,21006001,1,0,0),(308033,22050003,1,0,0),(308033,22051013,1,0,0),(308033,40000032,4,0,0),(308033,40000033,1,0,0),(308033,40000047,1,0,0),(308033,40000052,5,0,0),(308034,21008002,3,0,0),(308034,40000027,1,0,0),(308034,40000032,2,0,0),(308034,40000033,1,0,0),(308034,40000047,1,0,0),(308034,40000052,2,0,0),(308035,21002004,2,0,0),(308035,21007001,3,0,0),(308035,22050003,1,0,0),(308035,40000027,3,0,0),(308035,40000032,6,0,0),(308035,40000033,1,0,0),(308035,40000047,2,0,0),(308035,40000052,3,0,0),(308036,22056001,1,0,0),(308036,40000027,2,0,0),(308036,40000032,1,0,0),(308036,40000047,1,0,0),(308036,40000048,5,0,0),(308036,40000052,3,0,0),(310001,40000001,4,0,0),(310001,40000031,2,0,0),(310002,40000036,1,0,0),(310002,40000061,1,0,0),(310003,22053003,1,0,0),(310003,40000002,1,0,0),(310004,21013002,1,0,0),(310004,40000011,1,0,0),(310004,40000031,2,0,0),(310004,40000036,1,1,1),(310005,40000011,3,2,4),(310005,40000031,1,1,1),(310006,40000031,1,1,1),(310007,40000011,2,2,4),(310008,40000061,1,1,1),(310009,22053003,1,1,1),(310009,40000031,1,1,1),(310009,40000036,1,1,1),(310010,21007001,1,0,0),(310010,22053002,1,0,0),(310010,40000002,1,0,0),(310010,40000047,3,0,0),(310010,40000048,1,0,0),(310010,40000052,4,0,0),(310010,40000053,1,0,0),(310010,40000062,2,0,0),(310011,21006001,1,0,0),(310011,22050003,3,0,0),(310011,22051002,1,0,0),(310011,40000002,3,0,0),(310011,40000047,5,0,0),(310011,40000052,3,0,0),(310012,22053002,1,0,0),(310012,22056001,3,0,0),(310012,40000002,4,0,0),(310012,40000047,8,0,0),(310012,40000048,1,0,0),(310012,40000053,2,0,0),(310013,21004003,1,0,0),(310013,21007001,2,0,0),(310013,22051002,1,0,0),(310013,22051013,1,0,0),(310013,40000047,4,0,0),(310013,40000048,1,0,0),(310013,40000052,5,0,0),(310013,40000053,1,0,0),(310014,22054004,2,0,0),(310014,22056001,1,0,0),(310014,40000002,2,0,0),(310014,40000047,6,0,0),(310014,40000052,2,0,0),(310014,40000063,3,0,0),(310018,40000002,2,0,0),(310018,40000052,3,0,0),(310019,22056001,1,0,0),(310019,40000002,5,0,0),(310019,40000003,1,0,0),(310019,40000037,2,0,0),(310019,40000038,1,0,0),(310019,40000063,1,0,0),(310020,21013002,1,0,0),(310020,22053002,2,0,0),(310020,40000002,2,0,0),(310020,40000037,3,0,0),(310020,40000052,1,0,0),(310020,40000053,1,0,0),(310021,21006001,1,0,0),(310021,22051013,1,0,0),(310021,40000002,2,0,0),(310021,40000037,2,0,0),(310021,40000043,2,0,0),(310021,40000063,1,0,0),(310022,21007001,2,0,0),(310022,21013002,1,0,0),(310022,22053002,2,0,0),(310022,40000002,1,0,0),(310022,40000007,2,0,0),(310022,40000037,3,0,0),(310023,22050003,1,0,0),(310023,40000007,4,0,0),(310023,40000062,1,0,0),(310024,21006001,1,0,0),(310024,22056001,1,0,0),(310024,40000002,1,0,0),(310024,40000007,3,0,0),(310024,40000008,1,0,0),(310024,40000037,2,0,0),(310025,40000002,1,0,0),(310025,40000007,1,0,0),(310025,40000037,4,0,0),(310025,40000048,4,0,0),(310025,40000062,1,0,0),(313001,21006001,1,1,1),(313001,40000002,2,1,1),(313001,40000027,1,0,0),(313001,40000057,3,1,1),(313002,40000002,3,1,1),(313002,40000057,1,0,0),(313003,40000002,1,0,0),(313003,40000027,3,1,1),(313003,40000042,1,1,1),(313004,40000002,1,0,0),(313004,40000057,1,0,0),(313005,22051002,1,0,0),(313005,22051013,1,0,0),(313005,40000042,3,0,0),(313005,40000047,3,0,0),(313005,40000052,1,0,0),(313005,40000057,2,0,0),(313006,21006001,1,0,0),(313006,22056001,1,0,0),(313006,40000047,1,0,0),(313006,40000057,1,0,0),(313007,21007001,1,0,0),(313007,40000042,3,0,0),(313007,40000052,2,0,0),(313008,22051013,1,0,0),(313009,21002002,2,0,0),(313009,40000042,3,0,0),(313009,40000047,2,0,0),(313009,40000052,1,1,1),(313010,40000042,4,3,5),(313010,40000047,1,1,1),(313010,40000052,1,1,1),(313010,40000057,1,0,0),(313011,22056001,1,0,0),(313011,40000042,3,0,0),(313011,40000047,1,0,0),(313011,40000052,1,0,0),(313012,21007001,2,0,0),(313012,22050003,1,0,0),(313012,40000038,2,0,0),(313012,40000042,2,0,0),(313012,40000052,1,0,0),(313012,40000057,1,0,0),(313013,21008002,1,0,0),(313013,21013002,1,0,0),(313013,40000037,1,0,0),(313013,40000042,4,0,0),(313013,40000057,2,0,0),(313013,40000062,3,0,0),(313014,21007001,2,0,0),(313014,40000037,1,0,0),(313014,40000042,4,0,0),(313014,40000062,4,0,0),(313015,40000003,3,0,0),(313015,40000037,1,0,0),(313015,40000042,2,0,0),(313015,40000057,1,0,0),(313016,40000042,4,0,0),(313016,40000043,1,0,0),(313016,40000057,1,0,0),(313016,40000062,1,0,0),(313017,22051002,1,0,0),(313017,40000037,1,0,0),(313017,40000042,4,0,0),(313017,40000057,1,0,0),(313018,21007001,1,0,0),(313018,40000042,2,0,0),(313018,40000057,3,0,0),(313018,40000062,4,0,0),(313019,21004003,1,0,0),(313019,22051002,1,0,0),(313019,22051013,1,0,0),(313019,40000042,4,0,0),(313019,40000062,2,0,0),(313020,21006001,1,0,0),(313020,22056001,2,0,0),(313020,40000042,2,0,0),(313020,40000063,2,0,0),(501008,21002004,1,0,0),(501008,22051002,1,0,0),(501008,22051013,1,0,0),(501008,40000012,1,0,0),(501008,40000013,3,0,0),(501008,40000032,8,0,0),(501008,40000047,2,0,0),(501009,40000012,4,0,0),(501009,40000013,3,0,0),(501009,40000032,5,0,0),(501009,40000033,1,0,0),(501009,40000047,2,0,0),(501009,40000048,1,0,0),(501010,21004003,1,0,0),(501010,22053002,4,0,0),(501010,40000012,4,0,0),(501010,40000032,2,0,0),(501010,40000033,4,0,0),(501010,40000047,1,0,0),(501010,40000048,2,0,0),(501011,40000012,1,0,0),(501011,40000013,1,0,0),(501011,40000032,3,0,0),(501011,40000033,2,0,0),(501011,40000047,3,0,0),(501012,21004003,1,0,0),(501012,40000008,1,0,0),(501012,40000027,2,0,0),(501012,40000028,1,0,0),(501013,21006001,1,0,0),(501013,22050003,1,0,0),(501013,22051002,1,0,0),(501013,40000008,1,0,0),(501013,40000012,1,0,0),(501013,40000027,4,0,0),(501013,40000028,3,0,0),(501014,21013002,1,0,0),(501014,40000027,2,0,0),(501014,40000028,2,0,0),(501015,40000007,2,0,0),(501015,40000027,1,0,0),(501015,40000028,1,0,0),(501016,22051013,1,0,0),(501016,40000007,1,0,0),(501016,40000012,3,0,0),(501016,40000013,1,0,0),(501016,40000027,2,0,0),(501016,40000044,1,0,0),(501017,21007001,1,0,0),(501017,40000007,5,0,0),(501017,40000008,1,0,0),(501017,40000012,3,0,0),(501017,40000032,1,0,0),(501018,21006001,1,0,0),(501018,22051002,1,0,0),(501018,22051013,2,0,0),(501018,40000007,2,0,0),(501018,40000012,3,0,0),(501018,40000013,1,0,0),(501018,40000047,1,0,0),(501018,40000048,1,0,0),(501019,21008002,1,0,0),(501019,21013002,2,0,0),(501019,40000007,3,0,0),(501019,40000008,2,0,0),(501019,40000012,3,0,0),(501019,40000013,1,0,0),(501019,40000048,1,0,0),(501020,21004003,2,0,0),(501020,22050003,1,0,0),(501020,40000008,2,0,0),(501020,40000012,4,0,0),(501020,40000013,2,0,0),(501020,40000047,2,0,0),(501021,21004005,1,0,0),(501021,22053002,1,0,0),(501021,40000007,3,0,0),(501021,40000008,3,0,0),(501021,40000012,4,0,0),(501021,40000013,1,0,0),(501021,40000048,1,0,0),(502017,22051002,1,0,0),(502017,40000032,1,0,0),(502017,40000037,4,0,0),(502017,40000038,1,0,0),(502018,21008002,2,0,0),(502018,22051013,1,0,0),(502018,22056001,1,0,0),(502018,40000012,1,0,0),(502018,40000032,1,0,0),(502018,40000037,4,0,0),(502018,40000047,2,0,0),(502019,21004003,1,0,0),(502019,21007001,1,0,0),(502019,22051016,3,0,0),(502019,40000033,1,0,0),(502019,40000037,4,0,0),(502019,40000038,2,0,0),(502019,40000047,6,0,0),(502019,40000048,1,0,0),(502020,22051002,2,0,0),(502020,40000037,4,0,0),(502020,40000038,1,0,0),(502020,40000047,7,0,0),(502020,40000048,1,0,0),(502021,40000029,2,0,0),(502021,40000032,2,0,0),(502021,40000033,1,0,0),(502021,40000047,3,0,0),(503001,40000033,1,0,0),(503001,40000037,1,0,0),(503001,40000047,1,0,0),(503001,40000048,1,0,0),(503001,40000062,3,0,0),(503002,21006001,1,0,0),(503002,21008002,1,0,0),(503002,22052007,1,0,0),(503002,40000032,1,0,0),(503002,40000033,1,0,0),(503002,40000037,1,0,0),(503002,40000047,1,0,0),(503002,40000062,2,0,0),(503003,22053002,1,0,0),(503003,40000033,1,0,0),(503003,40000037,1,0,0),(503003,40000047,2,0,0),(503003,40000062,2,0,0),(503003,40000063,1,0,0),(503004,22051013,1,0,0),(503004,40000032,1,0,0),(503004,40000033,1,0,0),(503004,40000037,1,0,0),(503004,40000038,1,0,0),(503004,40000062,1,0,0),(503005,21007001,1,0,0),(503005,22053002,1,0,0),(503005,40000027,1,0,0),(503005,40000032,1,0,0),(503005,40000033,1,0,0),(503005,40000062,1,0,0),(503005,40000063,1,0,0),(503006,22051013,1,0,0),(503006,40000028,1,0,0),(503006,40000032,1,0,0),(503006,40000062,3,0,0),(503007,40000032,1,0,0),(503007,40000062,4,0,0),(503008,40000037,2,0,0),(503008,40000062,2,0,0),(503009,21006001,3,0,0),(503009,21008002,2,0,0),(503009,40000027,2,0,0),(503009,40000032,4,0,0),(503009,40000037,3,0,0),(503010,21007001,1,0,0),(503010,40000027,3,0,0),(503010,40000032,2,0,0),(503010,40000033,1,0,0),(503010,40000037,4,0,0),(503010,40000062,1,0,0),(503011,22051013,1,0,0),(503011,22056001,1,0,0),(503011,40000027,1,0,0),(503011,40000032,2,0,0),(503011,40000033,1,0,0),(503011,40000037,2,0,0),(503012,21013002,1,0,0),(503012,40000027,1,0,0),(503012,40000032,5,0,0),(503012,40000037,3,0,0),(503013,21006001,1,0,0),(503013,40000038,1,0,0),(503014,40000027,1,0,0),(503014,40000032,3,0,0),(503014,40000052,1,0,0),(503014,40000053,1,0,0),(503015,22050003,1,0,0),(503015,22051002,1,0,0),(503015,40000028,1,0,0),(503015,40000052,2,0,0),(503016,21006001,1,0,0),(503016,22056001,1,0,0),(503016,40000032,6,0,0),(503016,40000033,1,0,0),(503016,40000052,2,0,0),(503017,21007001,2,0,0),(503017,40000032,5,0,0),(503017,40000033,1,0,0),(503017,40000052,3,0,0),(503017,40000053,1,0,0),(504001,22051003,1,0,0),(504001,22054002,2,0,0),(504001,40000007,3,0,0),(504001,40000008,2,0,0),(504001,40000047,5,0,0),(504001,40000052,6,0,0),(504001,40000053,2,0,0),(504002,21001003,2,0,0),(504002,21006001,3,0,0),(504002,40000007,2,0,0),(504002,40000008,1,0,0),(504002,40000047,1,0,0),(504002,40000052,2,0,0),(504002,40000053,2,0,0),(504003,21001003,7,0,0),(504003,21006001,9,0,0),(504003,22050006,3,0,0),(504003,22054002,7,0,0),(504003,40000007,11,0,0),(504003,40000008,5,0,0),(504003,40000047,11,0,0),(504003,40000048,5,0,0),(504003,40000049,12,0,0),(504003,40000052,6,0,0),(504003,40000053,4,0,0),(504004,21006001,1,0,0),(504004,40000002,2,0,0),(504004,40000042,3,0,0),(504004,40000043,1,0,0),(504004,40000057,2,0,0),(504004,40000058,1,0,0),(504005,40000002,2,0,0),(504006,40000042,1,0,0),(504015,40000063,1,0,0),(504017,22055003,1,0,0),(504019,40000062,1,0,0),(504040,21013002,1,1,1),(504041,21007001,1,1,1),(504041,40000027,1,1,1),(504041,40000057,1,1,1),(504042,22051002,1,1,1),(504042,40000027,1,1,1),(504042,40000028,1,1,1),(504043,21008002,1,1,1),(504044,21004003,1,1,1),(504044,22051002,1,1,1),(504044,40000008,1,1,1),(505001,21004002,22,11,13),(505001,21007001,4,3,3),(505001,22050004,1,0,0),(505001,22052002,2,2,2),(505001,40000002,34,25,59),(505001,40000003,13,5,9),(505001,40000032,3,1,1),(505001,40000033,2,1,1),(505001,40000037,3,2,2),(505001,40000038,1,1,1),(506035,21008002,1,0,0),(506035,21013002,1,0,0),(506035,22053002,1,0,0),(506035,40000037,7,0,0),(506035,40000038,7,0,0),(506036,21004003,7,0,0),(506036,22050003,1,0,0),(506036,22051002,2,0,0),(506036,40000037,3,0,0),(506036,40000038,1,0,0),(506036,40000053,1,0,0),(506037,21006001,11,0,0),(506037,21013002,3,0,0),(506037,22056001,1,0,0),(506037,40000012,1,0,0),(506037,40000037,1,0,0),(506037,40000038,5,0,0),(506037,40000052,2,0,0),(506038,22053002,8,0,0),(506038,40000037,4,0,0),(506038,40000038,2,0,0),(506038,40000062,2,0,0),(506039,22051002,15,0,0),(506039,40000037,12,0,0),(506039,40000038,3,0,0),(506040,21008002,13,0,0),(506040,40000037,13,0,0),(506040,40000038,5,0,0),(506041,22053006,3,0,0),(506041,40000064,11,0,0),(506077,21004003,2,0,0),(506077,40000042,1,0,0),(506078,21007001,1,0,0),(506078,40000007,1,0,0),(506079,21004003,1,0,0),(506079,40000032,1,0,0),(506079,40000042,1,0,0),(506083,21002004,5,4,4),(506083,40000054,4,2,2),(506089,21013002,3,3,9),(506089,40000002,1,1,1),(506089,40000012,1,0,0),(506090,22050003,1,1,1),(506091,21008002,2,0,0),(506091,40000012,1,0,0),(506092,21005003,9,7,7),(506092,21013002,10,9,11),(506092,22053002,6,6,6),(506092,40000002,4,4,4),(506092,40000003,3,3,3),(506092,40000049,7,7,7),(506092,40000052,10,8,8),(508001,21005003,1,0,0),(508001,40000027,1,0,0),(508001,40000032,2,0,0),(508001,40000047,4,0,0),(508001,40000052,1,0,0),(508001,40000053,1,0,0),(508002,21006001,1,0,0),(508002,22051013,1,0,0),(508002,40000027,3,0,0),(508002,40000032,1,0,0),(508002,40000033,1,0,0),(508002,40000047,2,0,0),(508002,40000052,3,0,0),(508002,40000053,1,0,0),(508003,40000032,1,0,0),(508003,40000047,3,0,0),(508003,40000048,2,0,0),(508003,40000053,1,0,0),(508004,22051002,1,0,0),(508004,40000034,4,0,0),(508004,40000047,1,0,0),(508004,40000052,2,0,0),(508005,21008002,1,0,0),(508005,21013002,1,0,0),(508005,22056001,2,0,0),(508005,40000042,2,0,0),(508005,40000047,1,0,0),(508005,40000048,1,0,0),(508005,40000052,2,0,0),(508006,21004003,1,0,0),(508006,21007001,1,0,0),(508006,22050003,2,0,0),(508006,22051002,1,0,0),(508006,40000027,3,0,0),(508006,40000048,1,0,0),(508006,40000052,1,0,0),(508006,40000053,1,0,0),(508007,21006001,1,0,0),(508007,22056001,1,0,0),(508007,40000027,4,0,0),(508007,40000028,1,0,0),(508007,40000042,2,0,0),(508007,40000047,6,0,0),(508007,40000048,2,0,0),(508007,40000052,1,0,0),(508007,40000053,1,0,0),(508008,22050003,1,0,0),(508009,40000054,1,0,0),(508010,40000028,2,0,0),(508010,40000047,3,0,0),(508010,40000048,3,0,0),(508010,40000062,1,0,0),(508010,40000063,1,0,0),(508011,22050003,1,0,0),(508011,22051002,1,0,0),(508011,40000028,1,0,0),(508011,40000047,1,0,0),(508011,40000048,1,0,0),(508012,21008001,1,0,0),(508012,40000028,1,0,0),(508012,40000042,1,0,0),(508012,40000047,3,0,0),(508013,22051013,2,0,0),(508013,40000027,1,0,0),(508013,40000044,2,0,0),(508013,40000047,2,0,0),(508013,40000048,1,0,0),(508014,21008002,1,0,0),(508014,40000027,1,0,0),(508014,40000062,2,0,0),(508015,40000027,1,0,0),(508015,40000042,2,0,0),(508015,40000057,3,0,0),(508015,40000062,1,0,0),(508015,40000063,1,0,0),(508016,40000028,1,0,0),(508016,40000042,2,0,0),(508016,40000057,1,0,0),(508016,40000062,1,0,0),(508017,22053002,2,0,0),(508017,40000042,1,0,0),(508017,40000043,1,0,0),(508018,40000049,1,0,0),(508019,40000042,1,0,0),(508019,40000057,1,0,0),(508020,21004003,1,0,0),(508020,40000002,1,0,0),(508020,40000058,1,0,0),(508020,40000062,3,0,0),(508021,22051013,1,0,0),(508021,22056001,1,0,0),(508021,40000042,1,0,0),(508021,40000057,2,0,0),(508021,40000062,3,0,0),(508022,21013002,1,0,0),(508022,22053002,1,0,0),(508022,40000043,1,0,0),(508022,40000062,1,0,0),(508023,40000064,1,0,0),(508024,40000002,1,0,0),(508024,40000012,1,0,0),(508024,40000057,2,0,0),(508025,22050003,1,0,0),(508025,40000002,1,0,0),(508025,40000057,1,0,0),(508025,40000062,1,0,0),(508026,21008002,1,0,0),(508026,40000012,1,0,0),(508026,40000057,1,0,0),(508026,40000058,1,0,0),(508026,40000062,2,0,0),(508027,40000062,1,0,0),(508028,40000027,1,0,0),(508028,40000032,2,0,0),(508028,40000033,1,0,0),(508028,40000057,1,0,0),(508029,21013002,1,0,0),(508029,40000028,2,0,0),(508029,40000033,1,0,0),(508030,22051002,1,0,0),(508030,40000032,2,0,0),(508030,40000033,1,0,0),(508030,40000053,2,0,0),(508031,40000052,1,0,0),(508032,21007001,1,0,0),(508032,22050003,2,0,0),(508032,40000027,1,0,0),(508032,40000052,3,0,0),(508032,40000053,1,0,0),(508033,40000032,3,0,0),(508033,40000052,1,0,0),(508034,22053002,2,0,0),(508034,40000032,1,0,0),(508034,40000047,1,0,0),(508035,22050003,1,0,0),(508035,22051002,1,0,0),(508035,40000027,1,0,0),(508036,40000047,1,0,0),(508036,40000049,1,0,0),(510010,21004003,1,0,0),(510010,21007001,1,0,0),(510010,40000002,2,1,1),(510010,40000003,1,1,1),(510010,40000047,3,0,0),(510010,40000052,1,0,0),(510010,40000053,2,0,0),(510011,40000048,1,0,0),(510011,40000052,1,0,0),(510011,40000053,1,0,0),(510012,21013002,1,0,0),(510012,40000003,1,0,0),(510012,40000047,3,0,0),(510012,40000048,1,0,0),(510012,40000052,2,0,0),(510013,22050003,3,0,0),(510013,22056001,1,0,0),(510013,40000047,1,0,0),(510013,40000048,2,0,0),(510013,40000052,1,0,0),(510014,21004003,1,0,0),(510014,40000047,1,0,0),(513003,40000002,2,0,0),(513003,40000003,1,0,0),(513003,40000042,1,0,0),(513006,40000052,1,0,0),(513006,40000058,1,0,0),(513007,22051002,1,0,0),(513007,40000042,2,0,0),(513007,40000052,1,0,0),(513009,21007001,1,1,1),(513009,40000047,2,1,1),(513010,40000042,1,1,1),(513010,40000047,1,1,1),(513010,40000053,1,1,1),(513010,40000057,2,2,2),(513010,40000058,1,0,0),(513013,40000038,1,0,0),(513013,40000042,1,0,0),(513013,40000057,1,0,0),(513014,40000058,1,0,0),(513015,22053002,1,0,0),(513015,40000057,1,0,0),(513016,40000057,1,0,0),(513017,40000063,1,0,0),(513018,40000042,1,0,0),(513018,40000062,1,0,0),(513018,40000063,1,0,0),(513019,40000042,1,0,0),(513020,21008002,1,0,0),(513020,40000037,1,0,0),(513020,40000058,2,0,0),(513020,40000064,1,0,0),(708001,40000006,1,1,1),(708001,40000036,2,2,4),(708001,40000056,1,1,1),(708003,21001003,1,1,1),(708003,22052002,1,1,1),(708003,40000006,2,2,4),(708036,22055002,2,0,0),(708036,40000047,1,0,0),(708038,21007002,1,0,0),(708038,40000012,2,0,0),(708039,21001003,2,0,0),(708039,40000038,1,0,0),(708039,40000048,1,0,0),(708040,21004002,1,0,0),(708040,22052002,1,0,0),(708040,40000037,1,0,0),(708041,40000038,1,0,0),(708041,40000047,1,0,0),(708042,22055002,1,1,1),(708042,40000007,1,1,1),(708042,40000048,1,1,1),(708043,21002001,2,0,0),(708043,40000008,1,0,0),(708043,40000037,1,1,1),(708043,40000038,1,1,1),(708044,22051003,1,0,0),(708044,22055002,1,0,0),(708044,40000012,3,2,2),(708044,40000013,1,1,1),(708045,22052002,2,2,2),(708045,22053002,1,1,1),(708046,21007002,1,1,1),(708047,21001003,1,1,1),(708047,22055002,1,1,1),(708047,40000007,1,1,1),(708047,40000044,1,1,1),(708048,21002001,2,2,2),(708048,21004002,1,0,0),(708048,22050003,1,1,1),(708048,40000007,1,1,1),(708048,40000008,1,1,1),(708048,40000037,2,2,2),(708048,40000047,1,0,0),(708048,40000048,1,1,1),(708048,40000057,1,1,1),(708049,21010001,1,0,0),(708049,22051003,2,2,2),(708049,22055002,1,1,1),(708049,40000007,3,3,5),(708049,40000008,1,1,1),(708049,40000012,1,0,0),(708049,40000057,3,1,1),(708049,40000058,1,1,1),(708050,21001003,1,0,0),(708050,21004002,2,2,2),(708050,22052002,2,0,0),(708050,22053002,1,1,1),(708050,40000007,4,4,8),(708050,40000012,3,2,2),(708050,40000038,1,0,0),(708050,40000057,1,1,1),(708051,21007002,1,0,0),(708051,22050003,1,0,0),(708051,40000012,1,0,0),(708051,40000013,1,0,0),(708052,22055002,1,0,0),(708052,40000037,1,0,0),(708052,40000038,1,0,0),(708052,40000047,1,0,0),(708053,21004002,1,0,0),(708053,40000037,1,0,0),(708053,40000047,1,0,0),(708054,40000008,1,0,0),(708054,40000057,1,0,0),(708054,40000058,1,0,0),(708055,21001003,1,1,1),(708055,21004002,1,0,0),(708055,22052002,2,1,1),(708055,22053002,1,0,0),(708055,40000007,4,3,5),(708055,40000012,3,1,1),(708055,40000013,1,0,0),(708055,40000037,2,0,0),(708055,40000038,1,1,1),(708055,40000057,1,0,0),(708056,22050003,1,1,1),(708056,22051003,1,0,0),(708056,40000007,2,0,0),(708056,40000013,1,0,0),(708056,40000037,2,1,1),(708056,40000038,1,0,0),(708057,22055002,1,0,0),(708057,40000047,3,1,1),(708057,40000048,1,0,0),(708057,40000058,1,1,1),(708058,22053002,1,1,1),(708058,40000037,1,0,0),(708058,40000048,1,0,0),(708058,40000057,1,0,0),(708059,22055002,1,0,0),(708059,40000008,2,0,0),(708059,40000037,1,0,0),(708059,40000038,1,0,0),(708059,40000048,4,1,1),(708060,21001003,1,0,0),(708060,21004002,2,2,4),(708060,40000007,2,0,0),(708060,40000047,1,1,1),(708060,40000058,1,0,0),(708061,21007002,1,0,0),(708061,40000007,2,1,1),(708061,40000008,3,1,1),(708061,40000012,2,1,1),(708061,40000058,4,1,1),(708062,21001003,1,1,1),(708062,22055002,1,0,0),(708062,40000007,2,0,0),(708062,40000012,1,0,0),(708062,40000013,2,1,1),(708062,40000037,1,0,0),(708062,40000038,1,0,0),(708062,40000047,1,1,1),(708063,22053002,1,1,1),(708063,40000013,1,1,1),(708063,40000038,1,1,1),(708063,40000048,1,1,1),(708063,40000058,2,2,2),(708064,22051003,2,2,2),(708064,40000007,1,1,1),(708064,40000037,1,1,1),(708064,40000038,1,1,1),(708064,40000048,1,1,1),(708065,21002001,1,1,1),(708065,22053002,1,1,1),(708065,40000013,2,2,2),(708065,40000047,1,1,1),(708065,40000048,1,1,1),(708065,40000058,1,1,1),(708066,40000007,1,1,1),(720079,40000027,1,0,0),(720079,40000028,1,0,0),(720079,40000037,1,0,0),(720079,40000038,1,0,0),(720079,40000052,3,0,0),(720079,40000053,1,0,0),(720079,40000057,7,0,0),(720079,40000058,1,0,0),(720080,40000027,1,0,0),(720080,40000037,2,0,0),(720080,40000052,2,0,0),(720080,40000057,4,0,0),(720081,40000037,6,0,0),(720081,40000052,1,0,0),(720081,40000053,1,0,0),(720082,40000029,1,0,0),(720082,40000038,124,0,0),(720082,40000039,1,0,0),(720082,40000053,66,0,0),(720082,40000054,1,0,0),(720082,40000058,40,0,0),(720083,40000028,125,0,0),(720083,40000029,3,0,0),(720083,40000039,1,0,0),(720083,40000053,29,0,0),(720083,40000058,52,0,0),(720083,40000059,1,0,0),(720084,40000028,5,0,0),(720084,40000038,7,0,0),(720084,40000039,1,0,0),(720084,40000053,2,0,0),(720084,40000058,5,0,0),(720085,21001001,1,1,1),(720085,21001003,1,1,1),(720085,24098001,2,2,2),(720086,24098001,3,3,3),(720087,21002003,1,1,1),(720087,24098001,3,3,5),(720091,21005002,1,1,1),(720091,21006003,3,3,3),(720091,24098002,38,38,114),(720091,24098003,9,9,13),(720092,21002006,1,1,1),(720092,21006003,2,2,2),(720092,24098002,26,26,72),(720092,24098003,12,12,20),(720093,21001002,1,1,1),(720093,24098002,32,32,104),(720093,24098003,7,7,11),(720094,24098003,44,44,156),(720095,24098003,2,2,4),(720095,24098004,1,1,1),(720127,24099002,11,0,0),(720127,24099003,1,0,0),(720128,24099002,3,0,0),(720128,24099003,3,0,0),(720129,22050006,1,0,0),(720129,24099002,4,0,0),(720129,24099003,1,0,0),(720130,24099003,98,0,0),(720130,24099004,3,0,0),(720131,24099003,35,0,0),(720132,24099003,25,0,0),(720139,40000032,4,0,0),(720139,40000033,1,0,0),(720139,40000047,1,0,0),(720139,40000048,2,0,0),(720139,40000062,2,0,0),(720140,40000032,1,0,0),(720140,40000047,1,0,0),(720140,40000062,2,0,0),(720141,40000032,1,0,0),(720141,40000042,1,0,0),(720141,40000047,1,0,0),(720141,40000048,1,0,0),(720141,40000062,1,0,0),(720142,40000033,29,0,0),(720142,40000034,1,0,0),(720142,40000043,27,0,0),(720142,40000048,21,0,0),(720142,40000049,2,0,0),(720142,40000063,18,0,0),(720142,40000064,1,0,0),(720143,40000033,17,0,0),(720143,40000043,4,0,0),(720143,40000048,14,0,0),(720143,40000049,1,0,0),(720143,40000063,2,0,0),(720143,40000064,1,0,0),(720144,40000033,13,0,0),(720144,40000043,13,0,0),(720144,40000048,4,0,0),(720144,40000049,1,0,0),(720144,40000063,5,0,0);
/*!40000 ALTER TABLE `per_battle_drops` ENABLE KEYS */;
UNLOCK TABLES;

--
-- Table structure for table `per_enemy_drops`
--

DROP TABLE IF EXISTS `per_enemy_drops`;
/*!40101 SET @saved_cs_client     = @@character_set_client */;
/*!40101 SET character_set_client = utf8 */;
CREATE TABLE `per_enemy_drops` (
  `battleid` int(10) unsigned NOT NULL,
  `itemid` int(10) unsigned NOT NULL,
  `enemyid` int(10) unsigned NOT NULL,
  `count` int(10) unsigned NOT NULL DEFAULT '0',
  PRIMARY KEY (`battleid`,`itemid`,`enemyid`),
  KEY `FK_drop_enemy_idx` (`enemyid`),
  CONSTRAINT `FK_drop_battle` FOREIGN KEY (`battleid`) REFERENCES `battles` (`id`) ON DELETE NO ACTION ON UPDATE NO ACTION,
  CONSTRAINT `FK_drop_enemy` FOREIGN KEY (`enemyid`) REFERENCES `enemies` (`id`) ON DELETE NO ACTION ON UPDATE NO ACTION
) ENGINE=InnoDB DEFAULT CHARSET=utf8;
/*!40101 SET character_set_client = @saved_cs_client */;

--
-- Dumping data for table `per_enemy_drops`
--

LOCK TABLES `per_enemy_drops` WRITE;
/*!40000 ALTER TABLE `per_enemy_drops` DISABLE KEYS */;
INSERT INTO `per_enemy_drops` VALUES (301001,22053002,301003,1),(301001,40000037,301002,1),(301001,40000052,301001,1),(301008,22053002,301003,1),(301008,40000012,301004,5),(301008,40000032,301003,6),(301008,40000047,301005,5),(301009,21006001,301005,1),(301009,22056001,301004,2),(301009,40000012,301004,10),(301009,40000032,301003,8),(301009,40000033,301003,1),(301009,40000047,301005,7),(301010,21007001,301004,4),(301010,21008002,301003,1),(301010,22053002,301005,2),(301010,40000012,301004,5),(301010,40000032,301003,17),(301010,40000033,301003,2),(301010,40000047,301005,4),(301011,21004003,301003,4),(301011,22051002,301005,1),(301011,40000012,301004,4),(301011,40000032,301003,11),(301011,40000033,401003,1),(301011,40000047,301005,3),(301012,21008002,301005,1),(301012,21013002,301004,1),(301012,22056001,301003,4),(301012,40000007,301005,4),(301012,40000008,301005,1),(301012,40000012,301004,3),(301012,40000027,301003,7),(301012,40000047,301006,4),(301012,40000048,301006,1),(301013,21007001,301003,2),(301013,22050003,301004,1),(301013,40000007,301005,5),(301013,40000012,301004,3),(301013,40000013,301004,1),(301013,40000027,301003,10),(301013,40000047,301006,1),(301014,22051013,301003,4),(301014,22056001,301004,1),(301014,40000007,301005,3),(301014,40000012,301004,7),(301014,40000027,301003,9),(301014,40000028,301003,1),(301015,21007001,301004,1),(301015,21013002,301003,2),(301015,22053002,301005,1),(301015,40000007,301005,5),(301015,40000012,301004,6),(301015,40000027,301003,14),(301016,22050003,301003,3),(301016,22056001,401004,2),(301016,40000007,301005,4),(301016,40000012,301004,7),(301016,40000013,301004,1),(301016,40000027,301003,7),(301016,40000028,301003,1),(301016,40000043,401004,1),(301017,21008002,301005,1),(301017,40000007,301005,5),(301017,40000012,301004,5),(301017,40000013,301004,1),(301017,40000047,301006,2),(301018,21004003,301005,1),(301018,40000007,301005,10),(301018,40000012,301004,2),(301018,40000047,301006,4),(301019,21004005,301004,2),(301019,21006001,301005,1),(301019,21008002,301006,1),(301019,40000007,301005,7),(301019,40000012,301004,13),(301019,40000047,301006,1),(301020,21007001,301004,2),(301020,22053002,301005,3),(301020,40000007,301005,4),(301020,40000012,301004,12),(301020,40000047,301006,2),(301021,40000007,301005,6),(301021,40000008,301005,1),(301021,40000012,301004,3),(301021,40000013,301004,1),(301021,40000013,401005,2),(302017,21004003,302003,1),(302017,21007001,302002,1),(302017,21013002,302007,1),(302017,22051016,302008,3),(302017,40000013,302007,1),(302017,40000032,302002,1),(302017,40000037,302003,6),(302017,40000047,302008,3),(302018,21006001,302003,5),(302018,40000012,302007,1),(302018,40000032,302002,1),(302018,40000037,302003,13),(302018,40000038,302003,1),(302018,40000047,302008,9),(302018,40000048,302008,1),(302019,21008002,302008,3),(302019,40000032,302002,1),(302019,40000037,302003,5),(302019,40000047,302008,14),(302019,40000048,302008,2),(302020,21004003,302008,1),(302020,22050003,302002,1),(302020,22051002,302003,1),(302020,40000032,302002,4),(302020,40000037,302003,4),(302020,40000047,302008,7),(302021,21006001,302008,1),(302021,22052007,302002,2),(302021,40000028,402005,5),(302021,40000032,302002,1),(302021,40000037,302003,4),(302021,40000047,302008,9),(303001,21007001,303002,2),(303001,22050003,303004,2),(303001,40000032,303004,2),(303001,40000047,303001,1),(303001,40000062,303002,5),(303002,21006001,303003,3),(303002,22051002,303001,1),(303002,22051013,303002,2),(303002,22056001,303004,1),(303002,40000032,303004,1),(303002,40000037,303003,6),(303002,40000047,303001,4),(303002,40000062,303002,5),(303003,21008002,303001,1),(303003,21013002,303002,7),(303003,40000032,303004,3),(303003,40000037,303003,3),(303003,40000047,303001,2),(303003,40000062,303002,4),(303003,40000063,303002,1),(303004,22050003,303002,2),(303004,22051013,303004,1),(303004,40000032,303004,4),(303004,40000037,303003,4),(303004,40000047,303001,4),(303004,40000048,403001,3),(303004,40000062,303002,2),(303005,21013002,303002,2),(303005,22055004,303004,1),(303005,22056001,303003,1),(303005,40000027,303005,2),(303005,40000032,303004,1),(303005,40000037,303003,1),(303005,40000062,303002,4),(303006,21004003,303004,2),(303006,22050003,303002,3),(303006,40000032,303004,2),(303006,40000037,303003,1),(303006,40000038,303003,1),(303006,40000062,303002,6),(303006,40000063,303002,1),(303007,21008002,303005,1),(303007,22051013,303003,1),(303007,40000027,303005,3),(303007,40000028,303005,1),(303007,40000032,303004,5),(303007,40000037,303003,5),(303007,40000062,303002,9),(303008,21007001,303002,1),(303008,21013002,303003,1),(303008,22053002,303004,1),(303008,40000032,303004,3),(303008,40000037,303003,6),(303008,40000053,403002,1),(303008,40000062,303002,7),(303008,40000063,303002,2),(303009,22051002,303003,3),(303009,22051013,303004,1),(303009,40000027,303006,3),(303009,40000032,303004,4),(303009,40000033,303004,1),(303009,40000037,303003,5),(303009,40000038,303003,1),(303009,40000062,303005,2),(303010,21007001,303006,3),(303010,21008002,303003,4),(303010,21013002,303004,2),(303010,40000027,303006,3),(303010,40000028,303006,1),(303010,40000032,303004,1),(303010,40000037,303003,9),(303010,40000038,303003,2),(303011,22050016,303004,1),(303011,40000027,303006,2),(303011,40000032,303004,5),(303011,40000037,303003,7),(303012,40000027,303006,2),(303012,40000032,303004,6),(303012,40000037,303003,4),(303013,21007001,303004,3),(303013,22053002,303003,1),(303013,40000032,303004,7),(303013,40000037,303003,3),(303014,21006001,303005,1),(303014,21008002,303007,2),(303014,40000027,303005,2),(303014,40000032,303004,10),(303014,40000052,303007,3),(303015,21004003,303007,1),(303015,21007001,303004,4),(303015,40000032,303004,11),(303015,40000052,303007,10),(303015,40000053,303007,1),(303016,21006001,303007,1),(303016,22051013,303004,1),(303016,40000027,303005,2),(303016,40000032,303004,8),(303016,40000033,303004,2),(303016,40000052,303007,4),(303016,40000062,303006,1),(303017,21007001,403004,1),(303017,21013002,303004,2),(303017,22053002,303007,2),(303017,40000032,303004,12),(303017,40000052,303007,7),(304002,40000051,304010,1),(304015,21002001,304025,1),(304015,40000011,304025,3),(304015,40000061,304026,1),(304033,40000056,404010,1),(304034,40000012,404013,1),(305001,21004002,305001,2),(305001,40000031,305007,2),(305002,21004002,305001,1),(305002,21007001,305007,1),(305002,40000001,305007,1),(305002,40000036,305001,2),(305003,21004002,305001,1),(305003,21007001,305007,1),(305003,40000031,305001,2),(305004,40000001,305001,2),(305004,40000001,305012,1),(305005,40000032,405001,1),(305005,40000036,305001,1),(305006,21004002,305004,1),(305007,21004002,305004,1),(305007,21007001,305012,1),(305007,40000046,305006,1),(305008,40000051,305004,1),(305009,40000052,405002,1),(305010,21009001,305006,1),(305010,40000031,305006,1),(305010,40000036,305012,2),(305012,22053001,305012,1),(305012,40000006,305012,1),(305012,40000036,305006,1),(305013,21009001,305006,1),(305013,40000007,405003,1),(305014,21010002,305008,1),(305014,40000061,305007,2),(305014,40000061,305014,1),(305015,40000001,305012,1),(305016,21010002,305008,1),(305016,40000001,305007,1),(305016,40000026,305008,1),(305016,40000061,305012,1),(305017,22053001,305012,1),(305017,40000026,305012,1),(305017,40000061,305007,1),(305017,40000061,305014,1),(305018,21005001,305007,1),(305018,40000061,305008,2),(305018,40000062,405004,1),(305019,21004003,305007,1),(305019,22050003,305008,1),(305019,22051002,305012,1),(305019,22051013,305034,1),(305019,40000027,305007,1),(305019,40000032,305008,1),(305019,40000042,305034,3),(305019,40000052,305012,3),(305020,21008002,305012,1),(305020,22056001,305008,1),(305020,40000027,305007,1),(305020,40000032,305008,1),(305020,40000042,305034,1),(305020,40000052,305012,4),(305021,21004003,305012,1),(305021,40000027,305007,3),(305021,40000032,305008,1),(305021,40000052,305012,4),(305022,22055004,305008,1),(305022,22056001,305034,2),(305022,40000027,305007,1),(305022,40000032,305008,1),(305022,40000033,305008,1),(305022,40000042,305034,2),(305022,40000043,305034,1),(305022,40000052,305012,4),(305022,40000053,305012,2),(305023,40000027,305007,1),(305023,40000032,305008,3),(305023,40000033,305008,1),(305023,40000038,405006,2),(305023,40000042,305034,1),(305023,40000052,305012,1),(305024,22051013,305034,2),(305024,40000012,305035,1),(305024,40000033,305008,1),(305024,40000042,305034,4),(305024,40000052,305012,1),(305025,21013002,305034,2),(305025,22056001,305008,2),(305025,40000032,305008,2),(305025,40000042,305034,1),(305025,40000043,305034,1),(305025,40000052,305012,1),(305026,22050003,305034,1),(305026,40000052,305012,1),(305026,40000053,305012,1),(305027,40000008,405007,3),(305027,40000012,305035,1),(305027,40000013,305035,1),(305027,40000032,305008,1),(305027,40000033,305008,1),(305027,40000042,305034,1),(305027,40000052,305012,2),(305028,21004003,305036,1),(305028,21007001,305034,2),(305028,40000037,305033,1),(305028,40000042,305036,2),(305028,40000047,305034,1),(305029,40000037,305033,1),(305029,40000042,305036,1),(305029,40000047,305034,4),(305029,40000052,305035,1),(305030,21008002,305033,2),(305030,40000037,305033,1),(305030,40000052,305035,2),(305031,22051002,305036,1),(305031,22051013,305035,2),(305031,40000037,305033,1),(305031,40000052,305035,1),(305031,40000063,405008,4),(305032,22056001,305037,1),(305032,40000007,305039,2),(305032,40000012,305038,4),(305032,40000037,305037,1),(305033,21005003,305038,1),(305033,40000007,305039,4),(305033,40000008,305039,1),(305033,40000012,305038,1),(305033,40000037,305037,2),(305033,40000057,305040,1),(305034,21006001,305038,2),(305034,22051013,305037,1),(305034,22052005,305039,1),(305034,40000007,305039,2),(305034,40000012,305038,4),(305034,40000037,305037,3),(305034,40000057,305040,1),(305035,21004003,305040,2),(305035,40000007,305039,3),(305035,40000033,405009,1),(305035,40000037,305037,1),(305036,40000012,305038,1),(305036,40000063,405010,2),(306001,21002003,306001,2),(306001,40000052,306007,1),(306002,40000047,306001,1),(306003,40000007,306002,1),(306003,40000052,306001,1),(306003,40000052,306003,1),(306005,22051013,306002,1),(306005,40000012,306003,1),(306005,40000032,306002,1),(306006,40000037,306001,1),(306009,21004003,306011,1),(306009,21010003,306001,5),(306009,40000002,306001,7),(306009,40000057,306002,1),(306010,21010003,306001,5),(306010,22051013,306002,5),(306010,40000002,306003,2),(306010,40000042,306002,4),(306010,40000057,306001,3),(306011,40000042,306001,1),(306011,40000042,306011,1),(306011,40000057,306003,1),(306012,40000002,306001,1),(306013,40000002,306003,1),(306013,40000057,306001,1),(306014,40000027,306006,1),(306015,40000027,306011,1),(306015,40000062,306003,1),(306016,21006002,306011,1),(306016,40000027,306003,1),(306017,21004003,306003,2),(306017,21006002,306011,1),(306018,40000062,306013,1),(306019,21004003,306003,1),(306019,40000027,306003,1),(306019,40000028,406006,1),(306058,21007001,306076,28),(306058,21013002,306077,22),(306058,40000032,306076,58),(306058,40000047,306077,41),(306063,22051002,306079,1),(306063,40000032,306077,1),(306064,40000032,306080,1),(306065,22050003,306080,1),(306065,22051002,306077,1),(306065,40000032,306077,2),(306066,21001005,406021,2),(306066,21006001,306079,1),(306066,21008002,306077,4),(306066,22056001,306080,1),(306066,40000002,306078,5),(306066,40000032,306077,10),(306066,40000032,306080,8),(306066,40000042,306079,2),(306066,40000058,406021,4),(307001,21001002,407001,1),(307001,21008002,307007,1),(307001,21009003,307004,1),(307001,22053003,307008,2),(307001,40000007,407001,2),(307001,40000031,307004,2),(307001,40000031,307008,2),(307001,40000036,307001,6),(307001,40000036,307007,7),(307004,21008002,307008,1),(307004,40000041,307008,1),(307005,21008002,307008,1),(307005,40000056,307004,2),(307006,40000011,307007,1),(307006,40000012,407002,1),(308001,40000027,308004,2),(308001,40000032,308001,1),(308001,40000047,308003,3),(308002,21004003,308001,2),(308002,40000027,308004,3),(308002,40000047,308003,1),(308002,40000052,308002,1),(308003,21008002,308003,1),(308003,22056001,308002,2),(308003,40000027,308004,2),(308003,40000032,308001,3),(308003,40000047,308003,4),(308004,22053002,308001,1),(308004,40000032,308001,1),(308004,40000033,408001,1),(308004,40000047,308003,1),(308004,40000052,308002,2),(308005,21006001,308003,2),(308005,22051013,308001,1),(308005,40000027,308004,4),(308005,40000047,308003,5),(308005,40000052,308001,2),(308006,21004003,308006,1),(308006,21007001,308004,2),(308006,21013002,308001,1),(308006,22053002,308003,1),(308006,40000027,308004,2),(308006,40000042,308006,2),(308006,40000047,308003,3),(308006,40000052,308001,2),(308007,22050003,308001,2),(308007,22051002,308003,2),(308007,22053006,308006,2),(308007,40000027,308004,1),(308007,40000042,308006,1),(308007,40000047,308003,3),(308007,40000052,308001,2),(308008,40000003,408002,3),(308009,40000053,408003,2),(308010,21008002,308004,1),(308010,22056001,308003,1),(308010,40000027,308004,4),(308010,40000047,308003,3),(308011,21007001,308003,1),(308011,22050003,308002,1),(308011,22051002,308006,1),(308011,40000042,308002,3),(308012,21008002,308006,1),(308012,22051013,308003,1),(308012,40000042,308002,1),(308012,40000047,308003,2),(308012,40000062,308006,1),(308013,21004003,308006,1),(308013,21013002,308003,1),(308013,40000027,308004,1),(308013,40000043,408014,2),(308013,40000062,308006,3),(308014,22051002,308003,1),(308014,40000042,308004,3),(308014,40000057,308007,3),(308014,40000062,308006,3),(308015,21008002,308003,2),(308015,21013002,308004,1),(308015,40000027,308003,2),(308015,40000042,308004,1),(308015,40000057,308007,2),(308016,21004003,308003,1),(308016,40000042,308004,2),(308016,40000062,308006,2),(308017,21008002,308006,1),(308017,21013002,308007,1),(308017,40000027,308003,2),(308017,40000042,308004,4),(308017,40000057,308007,3),(308017,40000062,308006,2),(308018,40000048,408005,4),(308019,22056001,308006,1),(308019,40000002,308007,1),(308019,40000042,308003,2),(308019,40000057,308006,2),(308019,40000062,308004,1),(308020,21013002,308003,2),(308020,40000042,308003,1),(308020,40000057,308006,4),(308020,40000062,308004,1),(308021,22050003,308003,1),(308021,40000042,308003,3),(308021,40000057,308006,2),(308021,40000062,308004,2),(308022,40000042,308003,1),(308022,40000057,308006,6),(308023,40000063,408006,2),(308024,21006001,308004,2),(308024,40000012,308001,1),(308024,40000057,308003,3),(308025,21004003,308007,1),(308025,21007001,308003,1),(308025,22053002,308004,1),(308025,40000002,308007,1),(308025,40000057,308003,2),(308025,40000062,308004,1),(308026,22051002,308004,1),(308026,22051013,308003,2),(308026,40000002,308007,2),(308026,40000012,308001,2),(308026,40000057,308003,3),(308026,40000062,308004,2),(308027,21007001,308001,1),(308027,21008002,308004,2),(308027,21013002,308003,1),(308027,40000028,408007,2),(308027,40000057,308003,5),(308027,40000062,308004,1),(308028,40000032,308008,2),(308028,40000052,308005,6),(308028,40000057,308003,2),(308029,21008002,308005,1),(308029,40000032,308008,2),(308029,40000052,308005,1),(308029,40000053,308005,1),(308029,40000057,308003,2),(308030,21007001,308003,2),(308030,22050003,308008,1),(308030,40000027,308009,2),(308030,40000032,308008,1),(308030,40000052,308005,1),(308030,40000057,308003,1),(308030,40000058,308003,1),(308031,21006001,308005,1),(308031,21008002,308009,1),(308031,22056001,308008,4),(308031,40000027,308009,1),(308031,40000032,308008,2),(308031,40000033,308008,1),(308031,40000052,308005,5),(308031,40000053,308005,2),(308031,40000057,308003,3),(308032,21004003,308009,2),(308032,21007001,308008,2),(308032,22053002,308005,1),(308032,40000032,308008,1),(308032,40000052,308005,4),(308032,40000057,308003,2),(308032,40000058,308003,1),(308033,21006001,308010,1),(308033,22050003,308007,1),(308033,22051013,308006,1),(308033,40000032,308009,4),(308033,40000033,308009,1),(308033,40000047,308010,1),(308033,40000052,308007,5),(308034,21008002,308009,3),(308034,40000027,308006,1),(308034,40000032,308009,2),(308034,40000033,308009,1),(308034,40000047,308010,1),(308034,40000052,308007,2),(308035,21002004,308009,2),(308035,21007001,308007,3),(308035,22050003,308006,1),(308035,40000027,308006,3),(308035,40000032,308009,6),(308035,40000033,308009,1),(308035,40000047,308010,2),(308035,40000052,308007,3),(308036,22056001,308006,1),(308036,40000027,308006,2),(308036,40000032,308009,1),(308036,40000047,308010,1),(308036,40000048,408008,5),(308036,40000052,308007,3),(310001,40000001,310001,4),(310001,40000031,310006,2),(310002,40000036,310005,1),(310002,40000061,310001,1),(310003,22053003,310006,1),(310003,40000002,410001,1),(310004,21013002,310005,1),(310004,40000011,310007,1),(310004,40000031,310006,2),(310004,40000036,310005,1),(310005,40000011,310006,3),(310005,40000031,310005,1),(310006,40000031,310004,1),(310007,40000011,310005,2),(310008,40000061,410003,1),(310009,22053003,310006,1),(310009,40000031,310004,1),(310009,40000036,310006,1),(310010,21007001,310007,1),(310010,22053002,310005,1),(310010,40000002,310008,1),(310010,40000047,310004,3),(310010,40000048,310004,1),(310010,40000052,310005,4),(310010,40000053,310005,1),(310010,40000062,310007,2),(310011,21006001,310008,1),(310011,22050003,310004,3),(310011,22051002,310005,1),(310011,40000002,310008,3),(310011,40000047,310004,5),(310011,40000052,310005,3),(310012,22053002,310008,1),(310012,22056001,310004,3),(310012,40000002,310008,4),(310012,40000047,310004,8),(310012,40000048,310004,1),(310012,40000053,310005,2),(310013,21004003,310005,1),(310013,21007001,310004,2),(310013,22051002,310008,1),(310013,22051013,410006,1),(310013,40000047,310004,4),(310013,40000048,310004,1),(310013,40000052,310005,5),(310013,40000053,310005,1),(310014,22054004,310004,2),(310014,22056001,310005,1),(310014,40000002,310008,2),(310014,40000047,310004,6),(310014,40000052,310005,2),(310014,40000063,410007,3),(310018,40000002,310008,2),(310018,40000052,310005,3),(310019,22056001,310008,1),(310019,40000002,310008,5),(310019,40000003,310008,1),(310019,40000037,310009,2),(310019,40000038,310009,1),(310019,40000063,310007,1),(310020,21013002,310005,1),(310020,22053002,310007,2),(310020,40000002,310008,2),(310020,40000037,310009,3),(310020,40000052,310005,1),(310020,40000053,310005,1),(310021,21006001,310009,1),(310021,22051013,310008,1),(310021,40000002,310008,2),(310021,40000037,310009,2),(310021,40000043,410008,2),(310021,40000063,310007,1),(310022,21007001,310010,2),(310022,21013002,310008,1),(310022,22053002,310009,2),(310022,40000002,310008,1),(310022,40000007,310010,2),(310022,40000037,310009,3),(310023,22050003,310008,1),(310023,40000007,310010,4),(310023,40000062,310007,1),(310024,21006001,310007,1),(310024,22056001,310008,1),(310024,40000002,310008,1),(310024,40000007,310010,3),(310024,40000008,310010,1),(310024,40000037,310009,2),(310025,40000002,310008,1),(310025,40000007,310010,1),(310025,40000037,310009,4),(310025,40000048,410009,4),(310025,40000062,310007,1),(313001,21006001,313002,1),(313001,40000002,313002,2),(313001,40000027,313001,1),(313001,40000057,313003,3),(313002,40000002,313002,3),(313002,40000057,313003,1),(313003,40000002,313002,1),(313003,40000027,313001,3),(313003,40000042,313004,1),(313004,40000002,313002,1),(313004,40000057,313003,1),(313005,22051002,313005,1),(313005,22051013,313006,1),(313005,40000042,313004,3),(313005,40000047,313005,3),(313005,40000052,313006,1),(313005,40000057,313003,2),(313006,21006001,313003,1),(313006,22056001,313004,1),(313006,40000047,313005,1),(313006,40000057,313003,1),(313007,21007001,313004,1),(313007,40000042,313004,3),(313007,40000052,313006,2),(313008,22051013,313004,1),(313009,21002002,313003,2),(313009,40000042,313004,3),(313009,40000047,313005,2),(313009,40000052,313006,1),(313010,40000042,313004,4),(313010,40000047,313005,1),(313010,40000052,313006,1),(313010,40000057,313003,1),(313011,22056001,313003,1),(313011,40000042,313004,3),(313011,40000047,313005,1),(313011,40000052,313006,1),(313012,21007001,313003,2),(313012,22050003,313005,1),(313012,40000038,413005,2),(313012,40000042,313004,2),(313012,40000052,313006,1),(313012,40000057,313003,1),(313013,21008002,313006,1),(313013,21013002,313007,1),(313013,40000037,313002,1),(313013,40000042,313006,4),(313013,40000057,313007,2),(313013,40000062,313005,3),(313014,21007001,313005,2),(313014,40000037,313002,1),(313014,40000042,313006,4),(313014,40000062,313005,4),(313015,40000003,413002,3),(313015,40000037,313002,1),(313015,40000042,313006,2),(313015,40000057,313007,1),(313016,40000042,313006,4),(313016,40000043,413003,1),(313016,40000057,313007,1),(313016,40000062,313005,1),(313017,22051002,313002,1),(313017,40000037,313002,1),(313017,40000042,313006,4),(313017,40000057,313007,1),(313018,21007001,313007,1),(313018,40000042,313006,2),(313018,40000057,313007,3),(313018,40000062,313005,4),(313019,21004003,313002,1),(313019,22051002,313006,1),(313019,22051013,313007,1),(313019,40000042,313006,4),(313019,40000062,313005,2),(313020,21006001,313002,1),(313020,22056001,313005,2),(313020,40000042,313006,2),(313020,40000063,413010,2),(501008,21002004,301003,1),(501008,22051002,301005,1),(501008,22051013,301004,1),(501008,40000012,301004,1),(501008,40000013,301004,3),(501008,40000032,301003,8),(501008,40000047,301005,2),(501009,40000012,301004,4),(501009,40000013,301004,3),(501009,40000032,301003,5),(501009,40000033,301003,1),(501009,40000047,301005,2),(501009,40000048,301005,1),(501010,21004003,301005,1),(501010,22053002,301003,4),(501010,40000012,301004,4),(501010,40000032,301003,2),(501010,40000033,301003,4),(501010,40000047,301005,1),(501010,40000048,301005,2),(501011,40000012,301004,1),(501011,40000013,301004,1),(501011,40000032,301003,3),(501011,40000033,301003,2),(501011,40000047,301005,3),(501012,21004003,301006,1),(501012,40000008,301005,1),(501012,40000027,301003,2),(501012,40000028,301003,1),(501013,21006001,301006,1),(501013,22050003,301003,1),(501013,22051002,301005,1),(501013,40000008,301005,1),(501013,40000012,301004,1),(501013,40000027,301003,4),(501013,40000028,301003,3),(501014,21013002,301004,1),(501014,40000027,301003,2),(501014,40000028,301003,2),(501015,40000007,301005,2),(501015,40000027,301003,1),(501015,40000028,301003,1),(501016,22051013,301003,1),(501016,40000007,301005,1),(501016,40000012,301004,3),(501016,40000013,301004,1),(501016,40000027,301003,2),(501016,40000044,401004,1),(501017,21007001,301004,1),(501017,40000007,301005,5),(501017,40000008,301005,1),(501017,40000012,301004,3),(501017,40000032,301007,1),(501018,21006001,301006,1),(501018,22051002,301005,1),(501018,22051013,301004,2),(501018,40000007,301005,2),(501018,40000012,301004,3),(501018,40000013,301004,1),(501018,40000047,301006,1),(501018,40000048,301006,1),(501019,21008002,301005,1),(501019,21013002,301004,2),(501019,40000007,301005,3),(501019,40000008,301005,2),(501019,40000012,301004,3),(501019,40000013,301004,1),(501019,40000048,301006,1),(501020,21004003,301005,2),(501020,22050003,301004,1),(501020,40000008,301005,2),(501020,40000012,301004,4),(501020,40000013,301004,2),(501020,40000047,301006,2),(501021,21004005,301004,1),(501021,22053002,401005,1),(501021,40000007,301005,3),(501021,40000008,301005,3),(501021,40000012,301004,4),(501021,40000013,301004,1),(501021,40000048,301006,1),(502017,22051002,302003,1),(502017,40000032,302002,1),(502017,40000037,302003,4),(502017,40000038,302003,1),(502018,21008002,302003,2),(502018,22051013,302007,1),(502018,22056001,302002,1),(502018,40000012,302007,1),(502018,40000032,302002,1),(502018,40000037,302003,4),(502018,40000047,302008,2),(502019,21004003,302003,1),(502019,21007001,302002,1),(502019,22051016,302008,3),(502019,40000033,302002,1),(502019,40000037,302003,4),(502019,40000038,302003,2),(502019,40000047,302008,6),(502019,40000048,302008,1),(502020,22051002,302008,2),(502020,40000037,302003,4),(502020,40000038,302003,1),(502020,40000047,302008,7),(502020,40000048,302008,1),(502021,40000029,402005,2),(502021,40000032,302002,2),(502021,40000033,302002,1),(502021,40000047,302008,3),(503001,40000033,303004,1),(503001,40000037,303003,1),(503001,40000047,303001,1),(503001,40000048,303001,1),(503001,40000062,303002,3),(503002,21006001,303001,1),(503002,21008002,303003,1),(503002,22052007,303002,1),(503002,40000032,303004,1),(503002,40000033,303004,1),(503002,40000037,303003,1),(503002,40000047,303001,1),(503002,40000062,303002,2),(503003,22053002,303001,1),(503003,40000033,303004,1),(503003,40000037,303003,1),(503003,40000047,303001,2),(503003,40000062,303002,2),(503003,40000063,303002,1),(503004,22051013,303002,1),(503004,40000032,303004,1),(503004,40000033,303004,1),(503004,40000037,303003,1),(503004,40000038,303003,1),(503004,40000062,303002,1),(503005,21007001,303002,1),(503005,22053002,303004,1),(503005,40000027,303005,1),(503005,40000032,303004,1),(503005,40000033,303004,1),(503005,40000062,303002,1),(503005,40000063,303002,1),(503006,22051013,303002,1),(503006,40000028,303005,1),(503006,40000032,303004,1),(503006,40000062,303002,3),(503007,40000032,303004,1),(503007,40000062,303002,4),(503008,40000037,303003,2),(503008,40000062,303002,2),(503009,21006001,303003,3),(503009,21008002,303005,2),(503009,40000027,303006,2),(503009,40000032,303004,4),(503009,40000037,303003,3),(503010,21007001,303004,1),(503010,40000027,303006,3),(503010,40000032,303004,2),(503010,40000033,303004,1),(503010,40000037,303003,4),(503010,40000062,303005,1),(503011,22051013,303004,1),(503011,22056001,303006,1),(503011,40000027,303006,1),(503011,40000032,303004,2),(503011,40000033,303004,1),(503011,40000037,303003,2),(503012,21013002,303004,1),(503012,40000027,303006,1),(503012,40000032,303004,5),(503012,40000037,303003,3),(503013,21006001,403003,1),(503013,40000038,303003,1),(503014,40000027,303005,1),(503014,40000032,303004,3),(503014,40000052,303007,1),(503014,40000053,303007,1),(503015,22050003,303004,1),(503015,22051002,303007,1),(503015,40000028,303005,1),(503015,40000052,303007,2),(503016,21006001,303005,1),(503016,22056001,303004,1),(503016,40000032,303004,6),(503016,40000033,303004,1),(503016,40000052,303007,2),(503017,21007001,303004,2),(503017,40000032,303004,5),(503017,40000033,303004,1),(503017,40000052,303007,3),(503017,40000053,303007,1),(504001,22051003,304012,1),(504001,22054002,304009,2),(504001,40000007,304001,1),(504001,40000007,304012,2),(504001,40000008,304001,2),(504001,40000047,304010,5),(504001,40000052,304009,6),(504001,40000053,304009,2),(504002,21001003,304010,2),(504002,21006001,304001,3),(504002,40000007,304009,2),(504002,40000008,304009,1),(504002,40000047,304001,1),(504002,40000052,304010,2),(504002,40000053,304010,2),(504003,21001003,304010,7),(504003,21006001,304001,9),(504003,22050006,404001,3),(504003,22054002,304009,7),(504003,40000007,304010,11),(504003,40000008,304010,5),(504003,40000047,304009,11),(504003,40000048,304009,5),(504003,40000049,404001,12),(504003,40000052,304001,2),(504003,40000052,304012,4),(504003,40000053,304001,3),(504003,40000053,304012,1),(504004,21006001,304010,1),(504004,40000002,304010,1),(504004,40000002,304011,1),(504004,40000042,304012,3),(504004,40000043,304012,1),(504004,40000057,304009,2),(504004,40000058,304009,1),(504005,40000002,304012,2),(504006,40000042,304010,1),(504015,40000063,304026,1),(504017,22055003,304026,1),(504019,40000062,304016,1),(504040,21013002,304059,1),(504041,21007001,304023,1),(504041,40000027,304058,1),(504041,40000057,304059,1),(504042,22051002,304016,1),(504042,40000027,304058,1),(504042,40000028,304058,1),(504043,21008002,304016,1),(504044,21004003,304016,1),(504044,22051002,304058,1),(504044,40000008,304016,1),(505001,21004002,305001,22),(505001,21007001,305007,4),(505001,22050004,305004,1),(505001,22052002,305012,2),(505001,40000002,305001,31),(505001,40000002,305012,3),(505001,40000003,305001,12),(505001,40000003,305012,1),(505001,40000032,305007,3),(505001,40000033,305007,2),(505001,40000037,305004,3),(505001,40000038,305004,1),(506035,21008002,306094,1),(506035,21013002,306095,1),(506035,22053002,306096,1),(506035,40000037,306094,7),(506035,40000038,306094,7),(506036,21004003,306094,7),(506036,22050003,306095,1),(506036,22051002,306096,2),(506036,40000037,306094,3),(506036,40000038,306094,1),(506036,40000053,306095,1),(506037,21006001,306094,11),(506037,21013002,306073,3),(506037,22056001,306095,1),(506037,40000012,306096,1),(506037,40000037,306094,1),(506037,40000038,306094,5),(506037,40000052,306095,2),(506038,22053002,306094,8),(506038,40000037,306094,4),(506038,40000038,306094,2),(506038,40000062,306073,2),(506039,22051002,306094,15),(506039,40000037,306094,12),(506039,40000038,306094,3),(506040,21008002,306094,13),(506040,40000037,306094,13),(506040,40000038,306094,5),(506041,22053006,406012,3),(506041,40000064,406012,11),(506077,21004003,306080,2),(506077,40000042,306078,1),(506078,21007001,306083,1),(506078,40000007,306081,1),(506079,21004003,306080,1),(506079,40000032,306080,1),(506079,40000042,306078,1),(506083,21002004,406027,5),(506083,40000054,406027,4),(506089,21013002,306086,3),(506089,40000002,306082,1),(506089,40000012,306087,1),(506090,22050003,306086,1),(506091,21008002,306087,2),(506091,40000012,306087,1),(506092,21005003,406029,9),(506092,21013002,306082,10),(506092,22053002,306083,6),(506092,40000002,306082,4),(506092,40000003,306082,3),(506092,40000049,406029,7),(506092,40000052,306083,10),(508001,21005003,308003,1),(508001,40000027,308004,1),(508001,40000032,308001,2),(508001,40000047,308003,4),(508001,40000052,308002,1),(508001,40000053,308002,1),(508002,21006001,308002,1),(508002,22051013,308001,1),(508002,40000027,308004,3),(508002,40000032,308001,1),(508002,40000033,308001,1),(508002,40000047,308003,2),(508002,40000052,308002,3),(508002,40000053,308002,1),(508003,40000032,308001,1),(508003,40000047,308003,3),(508003,40000048,308003,2),(508003,40000053,308002,1),(508004,22051002,308003,1),(508004,40000034,408001,4),(508004,40000047,308003,1),(508004,40000052,308002,2),(508005,21008002,308003,1),(508005,21013002,308004,1),(508005,22056001,308001,2),(508005,40000042,308006,2),(508005,40000047,308003,1),(508005,40000048,308003,1),(508005,40000052,308001,2),(508006,21004003,308003,1),(508006,21007001,308001,1),(508006,22050003,308004,2),(508006,22051002,308006,1),(508006,40000027,308004,3),(508006,40000048,308003,1),(508006,40000052,308001,1),(508006,40000053,308001,1),(508007,21006001,308003,1),(508007,22056001,308004,1),(508007,40000027,308004,4),(508007,40000028,308004,1),(508007,40000042,308006,2),(508007,40000047,308003,6),(508007,40000048,308003,2),(508007,40000052,308001,1),(508007,40000053,308001,1),(508008,22050003,408002,1),(508009,40000054,408003,1),(508010,40000028,308004,2),(508010,40000047,308003,3),(508010,40000048,308003,3),(508010,40000062,308006,1),(508010,40000063,308006,1),(508011,22050003,308003,1),(508011,22051002,308004,1),(508011,40000028,308004,1),(508011,40000047,308003,1),(508011,40000048,308003,1),(508012,21008001,308002,1),(508012,40000028,308004,1),(508012,40000042,308002,1),(508012,40000047,308003,3),(508013,22051013,408014,2),(508013,40000027,308004,1),(508013,40000044,408014,2),(508013,40000047,308003,2),(508013,40000048,308003,1),(508014,21008002,308006,1),(508014,40000027,308003,1),(508014,40000062,308006,2),(508015,40000027,308003,1),(508015,40000042,308004,2),(508015,40000057,308007,3),(508015,40000062,308006,1),(508015,40000063,308006,1),(508016,40000028,308003,1),(508016,40000042,308004,2),(508016,40000057,308007,1),(508016,40000062,308006,1),(508017,22053002,308006,2),(508017,40000042,308004,1),(508017,40000043,308004,1),(508018,40000049,408005,1),(508019,40000042,308003,1),(508019,40000057,308006,1),(508020,21004003,308004,1),(508020,40000002,308007,1),(508020,40000058,308006,1),(508020,40000062,308004,3),(508021,22051013,308003,1),(508021,22056001,308006,1),(508021,40000042,308003,1),(508021,40000057,308006,2),(508021,40000062,308004,3),(508022,21013002,308003,1),(508022,22053002,308004,1),(508022,40000043,308003,1),(508022,40000062,308004,1),(508023,40000064,408006,1),(508024,40000002,308007,1),(508024,40000012,308001,1),(508024,40000057,308003,2),(508025,22050003,308003,1),(508025,40000002,308007,1),(508025,40000057,308003,1),(508025,40000062,308004,1),(508026,21008002,308007,1),(508026,40000012,308001,1),(508026,40000057,308003,1),(508026,40000058,308003,1),(508026,40000062,308004,2),(508027,40000062,308004,1),(508028,40000027,308009,1),(508028,40000032,308008,2),(508028,40000033,308008,1),(508028,40000057,308003,1),(508029,21013002,308003,1),(508029,40000028,308009,2),(508029,40000033,308008,1),(508030,22051002,308005,1),(508030,40000032,308008,2),(508030,40000033,308008,1),(508030,40000053,308005,2),(508031,40000052,308005,1),(508032,21007001,308003,1),(508032,22050003,308008,2),(508032,40000027,308009,1),(508032,40000052,308005,3),(508032,40000053,308005,1),(508033,40000032,308009,3),(508033,40000052,308007,1),(508034,22053002,308009,2),(508034,40000032,308009,1),(508034,40000047,308010,1),(508035,22050003,308007,1),(508035,22051002,308009,1),(508035,40000027,308006,1),(508036,40000047,308010,1),(508036,40000049,408008,1),(510010,21004003,310005,1),(510010,21007001,310004,1),(510010,40000002,310008,2),(510010,40000003,310008,1),(510010,40000047,310004,3),(510010,40000052,310005,1),(510010,40000053,310005,2),(510011,40000048,310004,1),(510011,40000052,310005,1),(510011,40000053,310005,1),(510012,21013002,310004,1),(510012,40000003,310008,1),(510012,40000047,310004,3),(510012,40000048,310004,1),(510012,40000052,310005,2),(510013,22050003,310004,3),(510013,22056001,410006,1),(510013,40000047,310004,1),(510013,40000048,310004,2),(510013,40000052,310005,1),(510014,21004003,410007,1),(510014,40000047,310004,1),(513003,40000002,313002,2),(513003,40000003,313002,1),(513003,40000042,313004,1),(513006,40000052,313006,1),(513006,40000058,313003,1),(513007,22051002,313005,1),(513007,40000042,313004,2),(513007,40000052,313006,1),(513009,21007001,313003,1),(513009,40000047,313005,2),(513010,40000042,313004,1),(513010,40000047,313005,1),(513010,40000053,313006,1),(513010,40000057,313003,2),(513010,40000058,313003,1),(513013,40000038,313002,1),(513013,40000042,313006,1),(513013,40000057,313007,1),(513014,40000058,313007,1),(513015,22053002,413002,1),(513015,40000057,313007,1),(513016,40000057,313007,1),(513017,40000063,313005,1),(513018,40000042,313006,1),(513018,40000062,313005,1),(513018,40000063,313005,1),(513019,40000042,313006,1),(513020,21008002,313002,1),(513020,40000037,313002,1),(513020,40000058,313007,2),(513020,40000064,413010,1),(708001,40000006,308011,1),(708001,40000036,308007,2),(708001,40000056,308010,1),(708003,21001003,308009,1),(708003,22052002,308007,1),(708003,40000006,308009,2),(708036,22055002,308012,2),(708036,40000047,308013,1),(708038,21007002,308013,1),(708038,40000012,308014,2),(708039,21001003,308013,2),(708039,40000038,308014,1),(708039,40000048,308015,1),(708040,21004002,308013,1),(708040,22052002,308014,1),(708040,40000037,308013,1),(708041,40000038,308012,1),(708041,40000047,308013,1),(708042,22055002,308014,1),(708042,40000007,308014,1),(708042,40000048,308012,1),(708043,21002001,308013,2),(708043,40000008,308013,1),(708043,40000037,308015,1),(708043,40000038,308015,1),(708044,22051003,308014,1),(708044,22055002,308012,1),(708044,40000012,308013,3),(708044,40000013,308013,1),(708045,22052002,308014,2),(708045,22053002,308012,1),(708046,21007002,308013,1),(708047,21001003,308013,1),(708047,22055002,308014,1),(708047,40000007,308014,1),(708047,40000044,408011,1),(708048,21002001,308013,2),(708048,21004002,308015,1),(708048,22050003,308012,1),(708048,40000007,308015,1),(708048,40000008,308015,1),(708048,40000037,308012,2),(708048,40000047,308013,1),(708048,40000048,308013,1),(708048,40000057,308014,1),(708049,21010001,308013,1),(708049,22051003,308014,2),(708049,22055002,308012,1),(708049,40000007,308014,3),(708049,40000008,308014,1),(708049,40000012,308015,1),(708049,40000057,308013,3),(708049,40000058,308013,1),(708050,21001003,308015,1),(708050,21004002,308013,2),(708050,22052002,308014,2),(708050,22053002,308012,1),(708050,40000007,308013,4),(708050,40000012,308014,3),(708050,40000038,308015,1),(708050,40000057,308012,1),(708051,21007002,308013,1),(708051,22050003,308014,1),(708051,40000012,308013,1),(708051,40000013,308013,1),(708052,22055002,308014,1),(708052,40000037,308013,1),(708052,40000038,308013,1),(708052,40000047,308014,1),(708053,21004002,308015,1),(708053,40000037,308012,1),(708053,40000047,308013,1),(708054,40000008,308014,1),(708054,40000057,308013,1),(708054,40000058,308013,1),(708055,21001003,308015,1),(708055,21004002,308013,1),(708055,22052002,308014,2),(708055,22053002,308012,1),(708055,40000007,308013,4),(708055,40000012,308014,3),(708055,40000013,308014,1),(708055,40000037,308015,2),(708055,40000038,308015,1),(708055,40000057,308012,1),(708056,22050003,308014,1),(708056,22051003,308012,1),(708056,40000007,308012,2),(708056,40000013,308013,1),(708056,40000037,308014,2),(708056,40000038,308014,1),(708057,22055002,308014,1),(708057,40000047,308014,3),(708057,40000048,308014,1),(708057,40000058,308015,1),(708058,22053002,308014,1),(708058,40000037,308012,1),(708058,40000048,308013,1),(708058,40000057,308014,1),(708059,22055002,308012,1),(708059,40000008,308015,2),(708059,40000037,308012,1),(708059,40000038,308012,1),(708059,40000048,308013,4),(708060,21001003,308015,1),(708060,21004002,308013,2),(708060,40000007,308014,2),(708060,40000047,308012,1),(708060,40000058,308013,1),(708061,21007002,308013,1),(708061,40000007,308013,2),(708061,40000008,308013,3),(708061,40000012,308014,2),(708061,40000058,308012,4),(708062,21001003,308013,1),(708062,22055002,308014,1),(708062,40000007,308012,2),(708062,40000012,308013,1),(708062,40000013,308013,2),(708062,40000037,308014,1),(708062,40000038,308014,1),(708062,40000047,308015,1),(708063,22053002,308014,1),(708063,40000013,308012,1),(708063,40000038,308013,1),(708063,40000048,308014,1),(708063,40000058,308015,2),(708064,22051003,308014,2),(708064,40000007,308015,1),(708064,40000037,308012,1),(708064,40000038,308012,1),(708064,40000048,308013,1),(708065,21002001,308012,1),(708065,22053002,308013,1),(708065,40000013,308015,2),(708065,40000047,308012,1),(708065,40000048,308012,1),(708065,40000058,308013,1),(708066,40000007,308013,1),(720079,40000027,310007,1),(720079,40000028,310007,1),(720079,40000037,310011,1),(720079,40000038,310011,1),(720079,40000052,310013,3),(720079,40000053,310013,1),(720079,40000057,310012,7),(720079,40000058,310012,1),(720080,40000027,310007,1),(720080,40000037,310011,2),(720080,40000052,310013,2),(720080,40000057,310012,4),(720081,40000037,310011,6),(720081,40000052,310013,1),(720081,40000053,310013,1),(720082,40000029,310016,1),(720082,40000038,310011,82),(720082,40000038,310016,42),(720082,40000039,310016,1),(720082,40000053,310015,66),(720082,40000054,310014,1),(720082,40000058,310014,40),(720083,40000028,310011,83),(720083,40000028,310016,42),(720083,40000029,310011,1),(720083,40000029,310016,2),(720083,40000039,310016,1),(720083,40000053,310014,29),(720083,40000058,310015,52),(720083,40000059,310015,1),(720084,40000028,310016,5),(720084,40000038,310014,7),(720084,40000039,310016,1),(720084,40000053,310015,2),(720084,40000058,310011,5),(720085,21001001,306022,1),(720085,21001003,306050,1),(720085,24098001,306016,1),(720085,24098001,306050,1),(720086,24098001,306016,1),(720086,24098001,306050,1),(720086,24098001,306091,1),(720087,21002003,306016,1),(720087,24098001,306016,1),(720087,24098001,306050,1),(720087,24098001,306091,1),(720091,21005002,306110,1),(720091,21006003,306052,3),(720091,24098002,306052,18),(720091,24098002,306104,7),(720091,24098002,306110,4),(720091,24098002,306124,9),(720091,24098003,306052,1),(720091,24098003,306104,2),(720091,24098003,306110,1),(720091,24098003,306124,5),(720092,21002006,306104,1),(720092,21006003,306052,2),(720092,24098002,306052,12),(720092,24098002,306104,6),(720092,24098002,306110,5),(720092,24098002,306124,3),(720092,24098003,306052,5),(720092,24098003,306104,1),(720092,24098003,306110,2),(720092,24098003,306124,4),(720093,21001002,306124,1),(720093,24098002,306052,15),(720093,24098002,306104,3),(720093,24098002,306110,8),(720093,24098002,306124,6),(720093,24098003,306052,4),(720093,24098003,306110,1),(720093,24098003,306124,2),(720094,24098003,306100,5),(720094,24098003,306101,11),(720094,24098003,306106,19),(720094,24098003,306108,9),(720095,24098003,306100,1),(720095,24098003,306101,1),(720095,24098004,306101,1),(720127,24099002,307007,3),(720127,24099002,307015,2),(720127,24099002,307016,3),(720127,24099002,307050,3),(720127,24099003,307007,1),(720128,24099002,307007,1),(720128,24099002,307015,1),(720128,24099002,307016,1),(720128,24099003,307007,2),(720128,24099003,307016,1),(720129,22050006,307007,1),(720129,24099002,307007,1),(720129,24099002,307015,1),(720129,24099002,307016,1),(720129,24099002,307050,1),(720129,24099003,307016,1),(720130,24099003,307047,33),(720130,24099003,307048,35),(720130,24099003,307049,30),(720130,24099004,307048,1),(720130,24099004,307049,2),(720131,24099003,307047,16),(720131,24099003,307048,13),(720131,24099003,307049,6),(720132,24099003,307047,10),(720132,24099003,307048,11),(720132,24099003,307049,4),(720139,40000032,304053,4),(720139,40000033,304053,1),(720139,40000047,304069,1),(720139,40000048,304069,2),(720139,40000062,304072,2),(720140,40000032,304053,1),(720140,40000047,304069,1),(720140,40000062,304072,2),(720141,40000032,304053,1),(720141,40000042,304065,1),(720141,40000047,304069,1),(720141,40000048,304069,1),(720141,40000062,304072,1),(720142,40000033,304073,29),(720142,40000034,304075,1),(720142,40000043,304076,27),(720142,40000048,304075,21),(720142,40000049,304075,2),(720142,40000063,304074,18),(720142,40000064,304074,1),(720143,40000033,304073,17),(720143,40000043,304076,4),(720143,40000048,304075,14),(720143,40000049,304075,1),(720143,40000063,304074,2),(720143,40000064,304074,1),(720144,40000033,304073,13),(720144,40000043,304076,13),(720144,40000048,304075,4),(720144,40000049,304075,1),(720144,40000063,304074,5);
/*!40000 ALTER TABLE `per_enemy_drops` ENABLE KEYS */;
UNLOCK TABLES;

--
-- Table structure for table `schema_version`
--

DROP TABLE IF EXISTS `schema_version`;
/*!40101 SET @saved_cs_client     = @@character_set_client */;
/*!40101 SET character_set_client = utf8 */;
CREATE TABLE `schema_version` (
  `version` int(10) unsigned NOT NULL,
  `breaking` tinyint(1) NOT NULL DEFAULT '0',
  PRIMARY KEY (`version`),
  UNIQUE KEY `version_UNIQUE` (`version`)
) ENGINE=InnoDB DEFAULT CHARSET=latin1;
/*!40101 SET character_set_client = @saved_cs_client */;

--
-- Dumping data for table `schema_version`
--

LOCK TABLES `schema_version` WRITE;
/*!40000 ALTER TABLE `schema_version` DISABLE KEYS */;
INSERT INTO `schema_version` VALUES (1,0),(2,0),(3,0),(4,0),(5,0),(6,0),(7,0),(8,0),(9,0),(10,0),(11,0),(12,0),(13,1);
/*!40000 ALTER TABLE `schema_version` ENABLE KEYS */;
UNLOCK TABLES;

--
-- Table structure for table `series`
--

DROP TABLE IF EXISTS `series`;
/*!40101 SET @saved_cs_client     = @@character_set_client */;
/*!40101 SET character_set_client = utf8 */;
CREATE TABLE `series` (
  `id` int(10) unsigned NOT NULL,
  `name` varchar(45) DEFAULT NULL,
  PRIMARY KEY (`id`),
  UNIQUE KEY `id_UNIQUE` (`id`)
) ENGINE=InnoDB DEFAULT CHARSET=latin1;
/*!40101 SET character_set_client = @saved_cs_client */;

--
-- Dumping data for table `series`
--

LOCK TABLES `series` WRITE;
/*!40000 ALTER TABLE `series` DISABLE KEYS */;
INSERT INTO `series` VALUES (1,'None'),(101001,'FF1'),(102001,'FF2'),(103001,'FF3'),(104001,'FF4'),(105001,'FF5'),(106001,'FF6'),(107001,'FF7'),(108001,'FF8'),(109001,'FF9'),(110001,'FF10'),(111001,'FF11'),(112001,'FF12'),(113001,'FF13'),(200001,'Core'),(300001,'Variable');
/*!40000 ALTER TABLE `series` ENABLE KEYS */;
UNLOCK TABLES;

--
-- Table structure for table `worlds`
--

DROP TABLE IF EXISTS `worlds`;
/*!40101 SET @saved_cs_client     = @@character_set_client */;
/*!40101 SET character_set_client = utf8 */;
CREATE TABLE `worlds` (
  `id` int(10) unsigned NOT NULL,
  `series` int(10) unsigned NOT NULL,
  `type` smallint(5) unsigned NOT NULL,
  `name` varchar(100) DEFAULT NULL,
  PRIMARY KEY (`id`),
  UNIQUE KEY `id_UNIQUE` (`id`),
  KEY `FK_world_series_idx` (`series`),
  CONSTRAINT `FK_world_series` FOREIGN KEY (`series`) REFERENCES `series` (`id`) ON DELETE NO ACTION ON UPDATE NO ACTION
) ENGINE=InnoDB DEFAULT CHARSET=utf8;
/*!40101 SET character_set_client = @saved_cs_client */;

--
-- Dumping data for table `worlds`
--

LOCK TABLES `worlds` WRITE;
/*!40000 ALTER TABLE `worlds` DISABLE KEYS */;
INSERT INTO `worlds` VALUES (101001,101001,1,'FF I'),(102001,102001,1,'FF II'),(103001,103001,1,'FF III'),(104001,104001,1,'FF IV'),(105001,105001,1,'FF V'),(106001,106001,1,'FF VI'),(107001,107001,1,'FF VII'),(108001,108001,1,'FF VIII'),(108002,108001,2,'To Slay a Sorceress'),(110001,110001,1,'FF X'),(113001,113001,1,'FF XIII'),(800001,300001,2,'Daily Dungeon');
/*!40000 ALTER TABLE `worlds` ENABLE KEYS */;
UNLOCK TABLES;

--
-- Dumping events for database 'ffrki-alpha2'
--

--
-- Dumping routines for database 'ffrki-alpha2'
--
/*!50003 DROP PROCEDURE IF EXISTS `insert_battle_entry` */;
/*!50003 SET @saved_cs_client      = @@character_set_client */ ;
/*!50003 SET @saved_cs_results     = @@character_set_results */ ;
/*!50003 SET @saved_col_connection = @@collation_connection */ ;
/*!50003 SET character_set_client  = utf8 */ ;
/*!50003 SET character_set_results = utf8 */ ;
/*!50003 SET collation_connection  = utf8_general_ci */ ;
/*!50003 SET @saved_sql_mode       = @@sql_mode */ ;
/*!50003 SET sql_mode              = 'NO_ENGINE_SUBSTITUTION' */ ;
DELIMITER ;;
CREATE DEFINER=`ffrk`@`%` PROCEDURE `insert_battle_entry`(
	IN bid INT,
    IN did INT,
    IN bname VARCHAR(100),
    IN bstam SMALLINT)
BEGIN
	# If it fails, it's because there is already an entry with this battle id.
    # Ignore the insertion, as well as this entire operation.
    
    # Even though `stdev_times_run` has a default value, for some reason we
    # still need to explicitly specify it as 0 here.
	INSERT IGNORE INTO battles VALUES (bid, did, bname, bstam, 0, 0);
END ;;
DELIMITER ;
/*!50003 SET sql_mode              = @saved_sql_mode */ ;
/*!50003 SET character_set_client  = @saved_cs_client */ ;
/*!50003 SET character_set_results = @saved_cs_results */ ;
/*!50003 SET collation_connection  = @saved_col_connection */ ;
/*!50003 DROP PROCEDURE IF EXISTS `insert_dungeon_entry` */;
/*!50003 SET @saved_cs_client      = @@character_set_client */ ;
/*!50003 SET @saved_cs_results     = @@character_set_results */ ;
/*!50003 SET @saved_col_connection = @@collation_connection */ ;
/*!50003 SET character_set_client  = utf8 */ ;
/*!50003 SET character_set_results = utf8 */ ;
/*!50003 SET collation_connection  = utf8_general_ci */ ;
/*!50003 SET @saved_sql_mode       = @@sql_mode */ ;
/*!50003 SET sql_mode              = 'NO_ENGINE_SUBSTITUTION' */ ;
DELIMITER ;;
CREATE DEFINER=`ffrk`@`%` PROCEDURE `insert_dungeon_entry`(
	IN did INT,
    IN world_id INT,
    IN series_id INT,
    IN dname VARCHAR(100),
    IN dtype TINYINT,
    IN ddiff SMALLINT)
BEGIN
	# If it fails, it's because there is already an entry with this dungeon id.
    # Ignore the insertion, as well as this entire operation.
	INSERT IGNORE INTO dungeons VALUES (did, world_id, series_id, dname, dtype, ddiff);
END ;;
DELIMITER ;
/*!50003 SET sql_mode              = @saved_sql_mode */ ;
/*!50003 SET character_set_client  = @saved_cs_client */ ;
/*!50003 SET character_set_results = @saved_cs_results */ ;
/*!50003 SET collation_connection  = @saved_col_connection */ ;
/*!50003 DROP PROCEDURE IF EXISTS `insert_enemy_entry` */;
/*!50003 SET @saved_cs_client      = @@character_set_client */ ;
/*!50003 SET @saved_cs_results     = @@character_set_results */ ;
/*!50003 SET @saved_col_connection = @@collation_connection */ ;
/*!50003 SET character_set_client  = utf8 */ ;
/*!50003 SET character_set_results = utf8 */ ;
/*!50003 SET collation_connection  = utf8_general_ci */ ;
/*!50003 SET @saved_sql_mode       = @@sql_mode */ ;
/*!50003 SET sql_mode              = 'NO_ENGINE_SUBSTITUTION' */ ;
DELIMITER ;;
CREATE DEFINER=`ffrk`@`%` PROCEDURE `insert_enemy_entry`(
	IN enemy_id INT,
    IN enemy_name VARCHAR(45))
BEGIN
	# If it fails, it's because there is already an entry with this battle id.
    # Ignore the insertion, as well as this entire operation.
	INSERT IGNORE INTO enemies (id, name) VALUES (enemy_id, enemy_name);
END ;;
DELIMITER ;
/*!50003 SET sql_mode              = @saved_sql_mode */ ;
/*!50003 SET character_set_client  = @saved_cs_client */ ;
/*!50003 SET character_set_results = @saved_cs_results */ ;
/*!50003 SET collation_connection  = @saved_col_connection */ ;
/*!50003 DROP PROCEDURE IF EXISTS `insert_item_entry` */;
/*!50003 SET @saved_cs_client      = @@character_set_client */ ;
/*!50003 SET @saved_cs_results     = @@character_set_results */ ;
/*!50003 SET @saved_col_connection = @@collation_connection */ ;
/*!50003 SET character_set_client  = utf8 */ ;
/*!50003 SET character_set_results = utf8 */ ;
/*!50003 SET collation_connection  = utf8_general_ci */ ;
/*!50003 SET @saved_sql_mode       = @@sql_mode */ ;
/*!50003 SET sql_mode              = 'NO_ENGINE_SUBSTITUTION' */ ;
DELIMITER ;;
CREATE DEFINER=`ffrk`@`%` PROCEDURE `insert_item_entry`(
	IN iid INT,
    IN iname VARCHAR(100),
    IN irarity TINYINT,
    IN iseries INT,
    IN itype TINYINT,
    IN isubtype TINYINT)
BEGIN
	INSERT IGNORE INTO items (id, name, rarity, series, type, subtype) VALUES (iid, iname, irarity, iseries, itype, isubtype)
		ON DUPLICATE KEY UPDATE name=iname, subtype=isubtype;
END ;;
DELIMITER ;
/*!50003 SET sql_mode              = @saved_sql_mode */ ;
/*!50003 SET character_set_client  = @saved_cs_client */ ;
/*!50003 SET character_set_results = @saved_cs_results */ ;
/*!50003 SET collation_connection  = @saved_col_connection */ ;
/*!50003 DROP PROCEDURE IF EXISTS `insert_world_entry` */;
/*!50003 SET @saved_cs_client      = @@character_set_client */ ;
/*!50003 SET @saved_cs_results     = @@character_set_results */ ;
/*!50003 SET @saved_col_connection = @@collation_connection */ ;
/*!50003 SET character_set_client  = utf8 */ ;
/*!50003 SET character_set_results = utf8 */ ;
/*!50003 SET collation_connection  = utf8_general_ci */ ;
/*!50003 SET @saved_sql_mode       = @@sql_mode */ ;
/*!50003 SET sql_mode              = 'NO_ENGINE_SUBSTITUTION' */ ;
DELIMITER ;;
CREATE DEFINER=`ffrk`@`%` PROCEDURE `insert_world_entry`(
	IN wid INT,
    IN series INT,
    IN type SMALLINT,
    IN name VARCHAR(100))
BEGIN
	# If it fails, it's because there is already an entry with this battle id.
    # Ignore the insertion, as well as this entire operation.
	INSERT IGNORE INTO worlds VALUES (wid, series, type, name);
END ;;
DELIMITER ;
/*!50003 SET sql_mode              = @saved_sql_mode */ ;
/*!50003 SET character_set_client  = @saved_cs_client */ ;
/*!50003 SET character_set_results = @saved_cs_results */ ;
/*!50003 SET collation_connection  = @saved_col_connection */ ;
/*!50003 DROP PROCEDURE IF EXISTS `record_battle_encounter` */;
/*!50003 SET @saved_cs_client      = @@character_set_client */ ;
/*!50003 SET @saved_cs_results     = @@character_set_results */ ;
/*!50003 SET @saved_col_connection = @@collation_connection */ ;
/*!50003 SET character_set_client  = utf8 */ ;
/*!50003 SET character_set_results = utf8 */ ;
/*!50003 SET collation_connection  = utf8_general_ci */ ;
/*!50003 SET @saved_sql_mode       = @@sql_mode */ ;
/*!50003 SET sql_mode              = 'NO_ENGINE_SUBSTITUTION' */ ;
DELIMITER ;;
CREATE DEFINER=`ffrk`@`%` PROCEDURE `record_battle_encounter`(
	IN battle_id INT)
BEGIN
	UPDATE battles SET times_run=times_run+1, stdev_times_run=stdev_times_run+1 WHERE id=battle_id;
END ;;
DELIMITER ;
/*!50003 SET sql_mode              = @saved_sql_mode */ ;
/*!50003 SET character_set_client  = @saved_cs_client */ ;
/*!50003 SET character_set_results = @saved_cs_results */ ;
/*!50003 SET collation_connection  = @saved_col_connection */ ;
/*!50003 DROP PROCEDURE IF EXISTS `record_drops_for_battle` */;
/*!50003 SET @saved_cs_client      = @@character_set_client */ ;
/*!50003 SET @saved_cs_results     = @@character_set_results */ ;
/*!50003 SET @saved_col_connection = @@collation_connection */ ;
/*!50003 SET character_set_client  = utf8 */ ;
/*!50003 SET character_set_results = utf8 */ ;
/*!50003 SET collation_connection  = utf8_general_ci */ ;
/*!50003 SET @saved_sql_mode       = @@sql_mode */ ;
/*!50003 SET sql_mode              = 'NO_ENGINE_SUBSTITUTION' */ ;
DELIMITER ;;
CREATE DEFINER=`ffrk`@`%` PROCEDURE `record_drops_for_battle`(
	IN battle_id INT,
    IN item_id INT,
    IN item_count INT)
BEGIN
	DECLARE item_count_squared INT;
    SET item_count_squared = item_count*item_count;
	# If it fails, it's probably due to a foreign key violation (There is no record
    # of this battle).  Ignore the error as well as this entire operation.
	INSERT IGNORE INTO per_battle_drops (battleid,  itemid,  count, stdev_sum_of_drops, stdev_sum_of_squares_of_drops)
					  VALUES (battle_id, item_id, item_count, item_count, item_count_squared)
		ON DUPLICATE KEY UPDATE count=count+item_count,
								stdev_sum_of_drops=stdev_sum_of_drops+item_count,
                                stdev_sum_of_squares_of_drops=stdev_sum_of_squares_of_drops+item_count_squared;
END ;;
DELIMITER ;
/*!50003 SET sql_mode              = @saved_sql_mode */ ;
/*!50003 SET character_set_client  = @saved_cs_client */ ;
/*!50003 SET character_set_results = @saved_cs_results */ ;
/*!50003 SET collation_connection  = @saved_col_connection */ ;
/*!50003 DROP PROCEDURE IF EXISTS `record_drops_for_battle_and_enemy` */;
/*!50003 SET @saved_cs_client      = @@character_set_client */ ;
/*!50003 SET @saved_cs_results     = @@character_set_results */ ;
/*!50003 SET @saved_col_connection = @@collation_connection */ ;
/*!50003 SET character_set_client  = utf8 */ ;
/*!50003 SET character_set_results = utf8 */ ;
/*!50003 SET collation_connection  = utf8_general_ci */ ;
/*!50003 SET @saved_sql_mode       = @@sql_mode */ ;
/*!50003 SET sql_mode              = 'NO_ENGINE_SUBSTITUTION' */ ;
DELIMITER ;;
CREATE DEFINER=`ffrk`@`%` PROCEDURE `record_drops_for_battle_and_enemy`(
	IN battle_id INT,
    IN item_id INT,
    IN enemy_id INT,
    IN item_count INT)
BEGIN
	# If it fails, it's probably due to a foreign key violation (There is no record
    # of this battle).  Ignore the error as well as this entire operation.
	INSERT IGNORE INTO per_enemy_drops (battleid,  itemid,  enemyid,  count)
					  VALUES (battle_id, item_id, enemy_id, item_count)
		ON DUPLICATE KEY UPDATE count=count+item_count;
END ;;
DELIMITER ;
/*!50003 SET sql_mode              = @saved_sql_mode */ ;
/*!50003 SET character_set_client  = @saved_cs_client */ ;
/*!50003 SET character_set_results = @saved_cs_results */ ;
/*!50003 SET collation_connection  = @saved_col_connection */ ;

--
-- Final view structure for view `dungeon_drops`
--

/*!50001 DROP VIEW IF EXISTS `dungeon_drops`*/;
/*!50001 SET @saved_cs_client          = @@character_set_client */;
/*!50001 SET @saved_cs_results         = @@character_set_results */;
/*!50001 SET @saved_col_connection     = @@collation_connection */;
/*!50001 SET character_set_client      = utf8 */;
/*!50001 SET character_set_results     = utf8 */;
/*!50001 SET collation_connection      = utf8_general_ci */;
/*!50001 CREATE ALGORITHM=UNDEFINED */
/*!50013 DEFINER=`ffrk`@`%` SQL SECURITY DEFINER */
/*!50001 VIEW `dungeon_drops` AS select `battles`.`id` AS `battleid`,`items`.`id` AS `itemid`,`dungeons`.`id` AS `dungeon_id`,`dungeons`.`name` AS `dungeon_name`,`dungeons`.`type` AS `dungeon_type`,`battles`.`name` AS `battle_name`,`battles`.`times_run` AS `times_run`,`battles`.`stdev_times_run` AS `stdev_samples`,`battles`.`stamina` AS `battle_stamina`,`items`.`name` AS `item_name`,`items`.`rarity` AS `item_rarity`,`items`.`series` AS `item_series`,`items`.`type` AS `item_type`,`items`.`subtype` AS `item_subtype`,`per_battle_drops`.`count` AS `total_drops`,`per_battle_drops`.`stdev_sum_of_drops` AS `stdev_sum_of_drops`,`per_battle_drops`.`stdev_sum_of_squares_of_drops` AS `stdev_sum_of_squares_of_drops` from (((`dungeons` join `battles`) join `items`) join `per_battle_drops`) where ((`dungeons`.`id` = `battles`.`dungeon`) and (`battles`.`id` = `per_battle_drops`.`battleid`) and (`items`.`id` = `per_battle_drops`.`itemid`)) */;
/*!50001 SET character_set_client      = @saved_cs_client */;
/*!50001 SET character_set_results     = @saved_cs_results */;
/*!50001 SET collation_connection      = @saved_col_connection */;
/*!40103 SET TIME_ZONE=@OLD_TIME_ZONE */;

/*!40101 SET SQL_MODE=@OLD_SQL_MODE */;
/*!40014 SET FOREIGN_KEY_CHECKS=@OLD_FOREIGN_KEY_CHECKS */;
/*!40014 SET UNIQUE_CHECKS=@OLD_UNIQUE_CHECKS */;
/*!40101 SET CHARACTER_SET_CLIENT=@OLD_CHARACTER_SET_CLIENT */;
/*!40101 SET CHARACTER_SET_RESULTS=@OLD_CHARACTER_SET_RESULTS */;
/*!40101 SET COLLATION_CONNECTION=@OLD_COLLATION_CONNECTION */;
/*!40111 SET SQL_NOTES=@OLD_SQL_NOTES */;

-- Dump completed on 2015-05-19 23:19:12
