CREATE DATABASE  IF NOT EXISTS `ffrki` /*!40100 DEFAULT CHARACTER SET latin1 */;
USE `ffrki`;
-- MySQL dump 10.13  Distrib 5.6.23, for Win64 (x86_64)
--
-- Host: ffrk-test.ckamoyrtavob.us-west-2.rds.amazonaws.com    Database: ffrki
-- ------------------------------------------------------
-- Server version	5.6.22-log

/*!40101 SET @OLD_CHARACTER_SET_CLIENT=@@CHARACTER_SET_CLIENT */;
/*!40101 SET @OLD_CHARACTER_SET_RESULTS=@@CHARACTER_SET_RESULTS */;
/*!40101 SET @OLD_COLLATION_CONNECTION=@@COLLATION_CONNECTION */;
/*!40101 SET NAMES utf8 */;
/*!40103 SET @OLD_TIME_ZONE=@@TIME_ZONE */;
/*!40103 SET TIME_ZONE='+00:00' */;
/*!40014 SET @OLD_UNIQUE_CHECKS=@@UNIQUE_CHECKS, UNIQUE_CHECKS=0 */;
/*!40014 SET @OLD_FOREIGN_KEY_CHECKS=@@FOREIGN_KEY_CHECKS, FOREIGN_KEY_CHECKS=0 */;
/*!40101 SET @OLD_SQL_MODE=@@SQL_MODE, SQL_MODE='NO_AUTO_VALUE_ON_ZERO' */;
/*!40111 SET @OLD_SQL_NOTES=@@SQL_NOTES, SQL_NOTES=0 */;

--
-- Table structure for table `battles`
--

DROP TABLE IF EXISTS `battles`;
/*!40101 SET @saved_cs_client     = @@character_set_client */;
/*!40101 SET character_set_client = utf8 */;
CREATE TABLE `battles` (
  `id` int(10) unsigned NOT NULL,
  `dungeon` int(10) unsigned NOT NULL,
  `name` varchar(100) NOT NULL,
  `stamina` smallint(5) unsigned NOT NULL,
  `samples` int(10) unsigned NOT NULL,
  `histo_samples` int(10) unsigned NOT NULL,
  PRIMARY KEY (`id`),
  UNIQUE KEY `id_UNIQUE` (`id`),
  KEY `FK_Battle_Dungeon_idx` (`dungeon`),
  CONSTRAINT `FK_battle_dungeon` FOREIGN KEY (`dungeon`) REFERENCES `dungeons` (`id`) ON DELETE NO ACTION ON UPDATE NO ACTION
) ENGINE=InnoDB DEFAULT CHARSET=utf8;
/*!40101 SET character_set_client = @saved_cs_client */;

--
-- Dumping data for table `battles`
--

LOCK TABLES `battles` WRITE;
/*!40000 ALTER TABLE `battles` DISABLE KEYS */;
INSERT INTO `battles` VALUES (301001,201001,'Chaos Shrine - Entrance',6,2,1),(301002,201001,'Chaos Shrine - Great Hall',6,1,1),(301003,201001,'Chaos Shrine - Central Chamber',7,1,1),(301004,201002,'Marsh Cave - 1st Level',6,1,1),(301005,201002,'Marsh Cave - 2nd Level',6,1,1),(301006,201002,'Marsh Cave - 3rd Level',6,1,1),(301007,201002,'Western Keep - Throne Room',7,1,1),(301008,201003,'Cavern of Earth - 1st Level',9,8,1),(301009,201003,'Cavern of Earth - 2nd Level',9,9,1),(301010,201003,'Cavern of Earth - 3rd Level',9,9,1),(301011,201003,'Cavern of Earth - Stone Tablet',10,10,1),(301012,201004,'Cavern of Earth - Stone Tablet',9,10,1),(301013,201004,'Cavern of Earth - 4th Level',9,10,1),(301014,201004,'Cavern of Earth - 5th Level',9,10,1),(301015,201004,'Cavern of Earth - 6th Level',9,11,0),(301016,201004,'Cavern of Earth - Crystal Sanctum',10,9,0),(301017,201005,'Mount Gulg - 1st Level',9,8,0),(301018,201005,'Mount Gulg - 2nd Level',9,6,0),(301019,201005,'Mount Gulg - 3rd Level',9,8,0),(301020,201005,'Mount Gulg - 4th Level',9,8,0),(301021,201005,'Mount Gulg - Crystal Sanctum',10,7,0),(302001,202001,'Semitt Falls Cavern - 1st Level',6,2,2),(302002,202001,'Semitt Falls Cavern - 2nd Level',6,2,2),(302003,202001,'Semitt Falls Cavern - 3rd Level',6,8,8),(302004,202001,'Semitt Falls Cavern - 4th Level',6,1,1),(302005,202001,'Semitt Falls Cavern - 5th Level',7,1,1),(302006,202002,'Snow Cavern - 1st Level',6,1,1),(302007,202002,'Snow Cavern - 2nd Level',6,1,1),(302008,202002,'Snow Cavern - 3rd Level',6,1,1),(302009,202002,'Snow Cavern - 4th Level',6,1,1),(302010,202002,'Snow Cavern - 5th Level',6,1,1),(302011,202002,'Snow Cavern - 6th Level',7,1,1),(302012,202003,'Snow Cavern (Return) - 5th Level',6,1,1),(302013,202003,'Snow Cavern (Return) - 4th Level',6,1,1),(302014,202003,'Snow Cavern (Return) - 3rd Level',6,1,1),(302015,202003,'Snow Cavern (Return) - 2nd Level',6,1,1),(302016,202003,'Snow Cavern (Return) - 1st Level',7,1,1),(302017,202004,'Dreadnought - Hold',9,10,1),(302018,202004,'Dreadnought - Gun Deck',9,10,1),(302019,202004,'Dreadnought - Ammunition Storage',9,9,1),(302020,202004,'Dreadnought - Mess Hall',9,9,1),(302021,202004,'Dreadnought - Engine Room',10,10,1),(303001,203001,'Altar Cave - Bottom of the Pit',9,11,1),(303002,203001,'Altar Cave - Hidden Passage Entrance',9,10,1),(303003,203001,'Altar Cave - Forked Path',9,9,1),(303004,203001,'Altar Cave - Crystal Sanctum',10,10,1),(303005,203002,'Castle Sasune - West Tower 1st Floor',9,8,1),(303006,203002,'Castle Sasune - West Tower 2nd Floor',9,9,1),(303007,203002,'Castle Sasune - West Tower 3rd Floor',9,11,1),(303008,203002,'Castle Sasune - West Tower Top Floor',10,9,1),(303009,203003,'Sealed Cave - Entrance',9,9,1),(303010,203003,'Sealed Cave - 1st Level',9,9,1),(303011,203003,'Sealed Cave - 2nd Level',9,9,1),(303012,203003,'Sealed Cave - 3rd Level',9,9,1),(303013,203003,'Sealed Cave - Deepest Reaches',10,9,1),(303014,203004,'Nepto Temple - Entrance',10,10,1),(303015,203004,'Nepto Temple - Into the Dragon',10,10,1),(303016,203004,'Nepto Temple - Fork in the Passage',10,10,1),(303017,203004,'Nepto Temple - Rat\'s Nest',11,10,1),(304001,204001,'Mist Cave - Entrance',2,1,0),(304002,204001,'Mist Cave - Waypoint',2,1,0),(304003,204001,'Mist Cave - Exit',3,1,0),(304004,204002,'Underground Waterway - South',2,0,0),(304005,204002,'Underground Waterway - North',2,1,1),(304006,204002,'Underground Waterway - Levelan Lake',3,1,1),(304015,204005,'Fabul Castle - 1st Battle',1,7,4),(304016,204005,'Fabul Castle - 2nd Battle',1,3,3),(304017,204005,'Fabul Castle - 3rd Battle',1,3,3),(304018,204005,'Fabul Castle - 4th Battle',1,3,3),(304019,204005,'Fabul Castle - 5th Battle',1,3,3),(304020,204005,'Fabul Castle - 6th Battle',1,9,9),(304021,204005,'Fabul Castle - Final Battle',2,39,39),(304030,204007,'Ancient Waterway - 3rd Level',4,0,0),(304031,204007,'Ancient Waterway - 2nd Level',4,0,0),(304032,204007,'Ancient Waterway - 1st Level',4,0,0),(304033,204007,'Baron Castle - 1st Floor',5,1,0),(304034,204007,'Baron Castle - Throne Room',5,1,0),(304035,204008,'Lodestone Cavern - 1st Level',7,1,1),(304036,204008,'Lodestone Cavern - 2nd Level',7,1,1),(304037,204008,'Lodestone Cavern - 3rd Level',7,1,1),(304038,204008,'Lodestone Cavern - 4th Level',7,1,1),(304039,204008,'Lodestone Cavern - Crystal Chamber',8,1,1),(304040,204009,'Tower of Zot - 1st Floor',7,1,1),(304041,204009,'Tower of Zot - 2nd Floor',7,1,1),(304042,204009,'Tower of Zot - 3rd Floor',7,1,1),(304043,204009,'Tower of Zot - 4th Floor',7,1,1),(304044,204009,'Tower of Zot - 5th Floor',8,1,1),(304045,204010,'Tower of Zot Pinnacle - 6th Floor',7,1,1),(304046,204010,'Tower of Zot Pinnacle - Top Floor',8,1,1),(304047,204011,'Dwarven Castle - Exterior',7,1,1),(304048,204011,'Dwarven Castle - 1st Floor',7,1,1),(304049,204011,'Dwarven Castle - Throne Room',7,1,1),(304050,204011,'Dwarven Castle - Crystal Chamber Entrance',8,1,1),(304051,204011,'Dwarven Castle - Crystal Chamber',8,1,1),(304052,204012,'Tower of Babil - 13th Level',5,1,1),(304053,204012,'Tower of Babil - 12th Level',5,1,1),(304054,204012,'Tower of Babil - 11th Level',5,1,1),(304055,204012,'Tower of Babil - 10th Level',5,1,1),(304056,204012,'Tower of Babil - 9th Level',5,1,1),(304057,204012,'Tower of Babil - 8th Level',5,1,1),(304058,204012,'Tower of Babil - 7th Level',6,1,1),(304059,204012,'Tower of Babil - 6th Level',6,1,1),(304060,204013,'Cave of Eblan - Entrance',7,1,1),(304061,204013,'Cave of Eblan - Town Passage',7,1,1),(304062,204013,'Cave of Eblan - Escape Route',7,1,1),(304063,204013,'Cave of Eblan - Exit',8,1,1),(304064,204014,'Tower of Babil - 1st Level',5,1,1),(304065,204014,'Tower of Babil - 2nd Level',5,1,1),(304066,204014,'Tower of Babil - 3rd Level',5,1,1),(304067,204014,'Tower of Babil - 4th Level',5,1,1),(304068,204014,'Tower of Babil - 5th Level',5,1,1),(304069,204014,'Tower of Babil - 6th Level',6,0,0),(304070,204014,'Tower of Babil - 7th Level',5,0,0),(304071,204014,'Tower of Babil - 8th Level',6,1,1),(304072,204015,'Passage of the Eidolons - 1st Level',7,2,2),(304073,204015,'Passage of the Eidolons - 2nd Level',7,1,1),(304074,204015,'Passage of the Eidolons - 3rd Level',7,1,1),(304075,204015,'Feymarch Throneroom - Queen\'s Trial',8,1,1),(304076,204015,'Feymarch Throneroom - King\'s Trial',8,1,1),(305001,205001,'Wind Shrine - 1st Floor',4,1,0),(305002,205001,'Wind Shrine - 2nd Floor',4,1,0),(305003,205001,'Wind Shrine - 3rd Floor',4,1,0),(305004,205001,'Wind Shrine - 4th Floor',4,1,0),(305005,205001,'Wind Shrine - Crystal Antechamber',5,1,0),(305006,205002,'Torna Canal - Gate',4,1,0),(305007,205002,'Torna Canal - Entrance',4,1,0),(305008,205002,'Torna Canal - Midway',4,1,0),(305009,205002,'Torna Canal - Bottleneck',5,1,0),(305010,205003,'Ship Graveyard - Shipwreck Deck',4,1,0),(305011,205003,'Ship Graveyard - Shipwreck Cabin',4,1,0),(305012,205003,'Ship Graveyard - Shipwreck Bow',4,1,0),(305013,205003,'Ship Graveyard - Exterior',5,1,0),(305014,205004,'North Mountain - Cavern',4,1,0),(305015,205004,'North Mountain - Pathway',4,1,0),(305016,205004,'North Mountain - Mountainside Cave',4,1,0),(305017,205004,'North Mountain - 5th Station',4,1,0),(305018,205004,'North Mountain - 8th Station',5,1,0),(305019,205005,'Walse Storm Tower - 1st Floor',10,8,1),(305020,205005,'Walse Storm Tower - 2nd Floor',10,8,1),(305021,205005,'Walse Storm Tower - 3rd Floor',10,8,1),(305022,205005,'Walse Storm Tower - 4th Floor',10,7,1),(305023,205005,'Walse Storm Tower - Chamber of the Seal',11,6,1),(305024,205006,'Walse Tower - 1st Floor',10,8,1),(305025,205006,'Walse Tower - 5th Floor',10,8,1),(305026,205006,'Walse Tower - 9th Floor',10,7,1),(305027,205006,'Walse Tower - Crystal Chamber',11,8,1),(305028,205007,'Karnak Castle - Crystal Chamber',10,7,1),(305029,205007,'Karnak Castle - Dungeon 4th Level',10,8,2),(305030,205007,'Karnak Castle - 1st Floor',10,8,2),(305031,205007,'Karnak Castle - Exterior',11,9,3),(305032,205008,'Library of the Ancients - 1st Floor',10,8,1),(305033,205008,'Library of the Ancients - Basement Archive',10,8,1),(305034,205008,'Library of the Ancients - Basement Hallway',10,8,2),(305035,205008,'Library of the Ancients - Basement Repository',11,7,2),(305036,205008,'Library of the Ancients - Deepest Archive',11,7,2),(306001,206001,'Narshe',5,1,0),(306002,206001,'North Mines - Entrance',5,1,0),(306003,206001,'North Mines - Midway',5,1,0),(306004,206001,'North Mines - Inner Mines',6,0,0),(306005,206002,'Abandoned Mineshaft - 1st Battle',5,1,0),(306006,206002,'Abandoned Mineshaft - 2nd Battle',5,1,0),(306007,206002,'Abandoned Mineshaft - 3rd Battle',5,1,0),(306008,206002,'Abandoned Mineshaft - Final Battle',6,1,0),(306009,206003,'Figaro Castle - 1st Floor',5,59,54),(306010,206003,'Figaro Castle - 2nd Floor',5,11,0),(306011,206003,'Figaro Castle - 3rd Floor',5,1,0),(306012,206003,'Figaro Castle - Throne Room',5,1,0),(306013,206003,'Figaro Castle - Exterior',6,1,0),(306014,206004,'Mt. Kolts - Path',5,2,1),(306015,206004,'Mt. Kolts - Suspension Bridge',5,2,1),(306016,206004,'Mt. Kolts - Passage',5,2,1),(306017,206004,'Mt. Kolts - Hidden Passage',5,2,1),(306018,206004,'Mt. Kolts - Sky Vault',5,2,1),(306019,206004,'Mt. Kolts - Descent',6,2,1),(306035,206008,'2nd Class - Carriage 4',3,7,7),(306036,206008,'2nd Class - Carriage 3',3,7,7),(306037,206008,'2nd Class - Carriage 2',3,6,6),(306038,206008,'2nd Class - Carriage 1',3,7,7),(306039,206008,'1st Class - Carriage 2',3,8,8),(306040,206008,'1st Class - Carriage 1',3,8,8),(306041,206008,'Locomotive',4,61,61),(306042,206009,'Esper Vale - 1st Battle',6,1,1),(306043,206009,'Esper Vale - 2nd Battle',6,1,1),(306044,206009,'Esper Vale - Last Stand',7,1,1),(306045,206010,'Zozo Tower - Lower Levels',6,1,1),(306046,206010,'Zozo Tower - Mid Levels',6,1,1),(306047,206010,'Zozo Tower - Upper Levels',6,1,1),(306048,206010,'Zozo Tower - Highest Level',7,1,1),(306049,206011,'Opera House - Right Stair',6,4,4),(306050,206011,'Opera House - Left Stair',6,1,1),(306051,206011,'Opera House - Catwalk',6,1,1),(306052,206011,'Opera House - Stage',7,1,1),(306053,206012,'Magitek Factory - Entrance',6,12,12),(306054,206012,'Magitek Factory - Center',6,5,5),(306055,206012,'Magitek Factory - Hidden Passage',6,1,1),(306056,206012,'Magitek Factory - Garbage Chute',7,0,0),(306057,206013,'Vector - Escape Route',6,1,1),(306058,206013,'Vector - Streets',6,33,9),(306059,206013,'Airship - Interception',7,0,0),(306060,206014,'Thamasa - House Entrance',6,1,1),(306061,206014,'Thamasa - House Passage',6,1,1),(306062,206014,'Thamasa - House Back Room',7,1,1),(306063,206015,'Esper Caves - Entrance',6,6,5),(306064,206015,'Esper Caves - Mountain Path',6,6,5),(306065,206015,'Esper Caves - Center',6,6,5),(306066,206015,'Esper Caves - Depths',7,90,71),(306067,206016,'Airship - 1st Encounter',6,1,1),(306068,206016,'Airship - 2nd Encounter',6,1,1),(306069,206016,'Airship - 3rd Counter',6,1,1),(306070,206016,'Airship - Above the Floating Continent',7,1,1),(306071,206016,'Airship - Descent',7,1,1),(306072,206017,'Floating Continent - West',6,1,1),(306073,206017,'Floating Continent - South',6,1,1),(306074,206017,'Floating Continent - East',6,1,1),(306075,206017,'Floating Continent - Central Hill',7,1,1),(306076,206018,'Floating Continent - Escape Route West',6,1,1),(306077,206018,'Floating Continent - Escape Route Center',6,1,1),(306078,206018,'Floating Continent - Escape Route East',6,1,1),(306079,206018,'Floating Continent - Airship',7,1,1),(306080,206019,'Solitary Island - Escape',7,13,13),(306081,206019,'Solitary Island - North Cliff',7,1,1),(306082,206019,'Solitary Island - Cabin Cellar',8,1,1),(306083,206020,'Mobliz Village - Eaves',8,1,1),(306084,206021,'South Figaro Cave - Entrance',7,1,1),(306085,206021,'South Figaro Cave - Passage',7,0,0),(306086,206021,'South Figaro Cave - Hidden Passage',7,1,1),(306087,206021,'Figaro Castle - Dungeon 2nd Floor',7,1,1),(306088,206021,'Figaro Castle - Inner Room',8,1,1),(306089,206022,'Darill\'s Tomb - 1st Level',7,2,2),(306090,206022,'Darill\'s Tomb - 2nd Level',7,2,2),(306091,206022,'Darill\'s Tomb - 2nd Level - Gravesite',7,1,1),(306092,206022,'Darill\'s Tomb - 2nd Level - Inner Chamber',8,1,1),(306093,206022,'Darill\'s Tomb - Undercroft',8,1,1),(307001,207001,'Mako Reactor No. 1',3,9,0),(307004,207002,'Winding Tunnel',2,1,0),(307005,207002,'Sector 4 Plate - Substructure',2,1,0),(307006,207002,'Mako Reactor No. 5',3,1,0),(308001,208001,'Fire Cavern - Entrance',8,5,1),(308002,208001,'Fire Cavern - Forked Path',8,7,1),(308003,208001,'Fire Cavern - Caldera Path',8,8,1),(308004,208001,'Fire Cavern - Caldera',9,8,1),(308005,208002,'SeeD Field Exam - Com Tower Entrance',8,9,1),(308006,208002,'SeeD Field Exam - Com Tower Passage',8,9,1),(308007,208002,'SeeD Field Exam - Elevator',8,9,0),(308008,208002,'SeeD Field Exam - Upper Com Tower',9,8,0),(308009,208002,'SeeD Field Exam - Com Tower Top',9,7,0),(308010,208003,'Dollet - Mountain Range',9,7,0),(308011,208003,'Dollet - Town Square',9,6,0),(308012,208003,'Dollet - Streets',9,6,0),(308013,208003,'Dollet - Beach',9,6,0),(308014,208004,'Balamb Garden - 1st Floor Hall',8,8,0),(308015,208004,'Balamb Garden - 1st Floor Corridor',8,8,0),(308016,208004,'Balamb Garden - Training Center Entrance',8,8,0),(308017,208004,'Balamb Garden - Training Center',8,9,0),(308018,208004,'Balamb Garden - Secret Area',9,7,0),(308019,208005,'Balamb Garden - 1st Floor Hall',8,6,0),(308020,208005,'Balamb Garden - 1st Floor Corridor',8,5,0),(308021,208005,'Balamb Garden - Card Reader',8,6,0),(308022,208005,'Balamb Garden - Road to the Front Gate',8,6,0),(308023,208005,'Balamb Garden - Front Gate',9,6,0),(308024,208006,'Presidential Train - Rear Car',8,4,0),(308025,208006,'Presidential Train - Rear Coupling',8,5,0),(308026,208006,'Presidential Train - Front Coupling',8,7,0),(308027,208006,'Presidential Train - President\'s Car',9,7,0),(308028,208007,'Centra Excavation Site - Entrance',8,7,0),(308029,208007,'Centra Excavation Site - Passage',8,8,0),(308030,208007,'Centra Excavation Site - Three Hatches',8,8,0),(308031,208007,'Centra Excavation Site - Rugged Boulder',8,8,0),(308032,208007,'Centra Excavation Site - Path to the Precipice',8,9,0),(308033,208008,'Unknown King\'s Tomb - Entrance',8,10,0),(308034,208008,'Unknown King\'s Tomb - Lost Blade Crossing',8,11,0),(308035,208008,'Unknown King\'s Tomb - Drawbridge',8,11,0),(308036,208008,'Unknown King\'s Tomb - Sarcophagus',9,10,0),(310001,210001,'Stadium',2,2,0),(310002,210001,'Overpass',2,1,0),(310003,210001,'Ruined Overpass',3,1,0),(310004,210002,'Village Slope',2,2,0),(310005,210002,'Promontory',2,2,0),(310006,210002,'Ancient Road',3,1,0),(310007,210003,'Deck - Aft',3,1,0),(310008,210003,'Deck - Amidships',3,1,0),(310009,210003,'Deck - Fore',4,1,0),(310010,210004,'Kilika - Pier',10,10,1),(310011,210004,'Kilika - Ruined House',10,10,1),(310012,210004,'Kilika Woods - Entrance',10,10,1),(310013,210004,'Kilika Woods - Forest Crossroads',11,10,1),(310014,210004,'Kilika - Pilgrimage Road',11,10,1),(310018,210005,'Luca Port',10,7,1),(310019,210005,'Luca Port - Dock 1',10,8,1),(310020,210005,'Luca Port - Dock 2',10,9,1),(310021,210005,'Luca Port - Dock 3',11,8,1),(310022,210006,'Mi\'ihen Highroad - Chocobo Stable',10,7,1),(310023,210006,'Mi\'ihen Highroad - South End',10,8,1),(310024,210006,'Mi\'ihen Highroad - Central',10,8,1),(310025,210006,'Mi\'ihen Highroad - Agency Front',11,8,1),(313001,213001,'The Hanging Edge - Aerorail Trussway 13-E',8,6,2),(313002,213001,'The Hanging Edge - Aerorail Trussway 12-E',8,6,2),(313003,213001,'The Hanging Edge - Aerorail Trussway 11-E',8,9,5),(313004,213001,'The Hanging Edge - Skybridge No. 369',9,4,1),(313005,213002,'Lake Bresha - The Waters Stilled',8,5,1),(313006,213002,'Lake Bresha - The Frozen Falls',8,4,1),(313007,213002,'Lake Bresha - A City No Longer',8,4,1),(313008,213002,'Lake Bresha - Echoes of the Past',9,5,1),(313009,213003,'Lake Bresha - A Silent Maelstrom, Part 1',8,6,1),(313010,213003,'Lake Bresha - A Silent Maelstrom, Part 2',8,14,5),(313011,213003,'Lake Bresha - A Silent Maelstrom, Part 3',8,5,1),(313012,213003,'Lake Bresha - A Silent Maelstrom, Part 4',9,6,1),(313013,213004,'The Vile Peaks - Dismal Dunescape',8,6,1),(313014,213004,'The Vile Peaks - Another Man\'s Treasure',8,6,1),(313015,213004,'The Vile Peaks - Devastated Dreams, Part 1',8,5,1),(313016,213004,'The Vile Peaks - Devastated Dreams, Part 2',9,6,1),(313017,213005,'The Vile Peaks - Mounds of Naught',8,5,0),(313018,213005,'The Vile Peaks - Scavenger\'s Trail, Part 1',8,5,0),(313019,213005,'The Vile Peaks - Scavenger\'s Trail, Part 2',8,5,0),(313020,213005,'The Vile Peaks - Scavenger\'s Trail, Part 3',9,5,0),(501001,401001,'Chaos Shrine - Entrance',12,1,1),(501002,401001,'Chaos Shrine - Great Hall',12,1,1),(501003,401001,'Chaos Shrine - Central Chamber',13,1,1),(501004,401002,'Marsh Cave - 1st Level',12,1,1),(501005,401002,'Marsh Cave - 2nd Level',12,1,1),(501006,401002,'Marsh Cave - 3rd Level',12,1,1),(501007,401002,'Western Keep - Throne Room',13,1,1),(501008,401003,'Cavern of Earth - 1st Level',13,8,2),(501009,401003,'Cavern of Earth - 2nd Level',13,8,2),(501010,401003,'Cavern of Earth - 3rd Level',13,7,2),(501011,401003,'Cavern of Earth - Stone Tablet',14,6,2),(501012,401004,'Cavern of Earth - Stone Tablet',13,4,0),(501013,401004,'Cavern of Earth - 4th Level',13,4,0),(501014,401004,'Cavern of Earth - 5th Level',13,2,0),(501015,401004,'Cavern of Earth - 6th Level',13,3,1),(501016,401004,'Cavern of Earth - Crystal Sanctum',14,5,2),(501017,401005,'Mount Gulg - 1st Level',13,8,3),(501018,401005,'Mount Gulg - 2nd Level',13,6,2),(501019,401005,'Mount Gulg - 3rd Level',13,6,2),(501020,401005,'Mount Gulg - 4th Level',13,7,2),(501021,401005,'Mount Gulg - Crystal Sanctum',14,7,2),(502001,402001,'Semitt Falls Cavern - 1st Level',13,2,2),(502002,402001,'Semitt Falls Cavern - 2nd Level',13,2,2),(502003,402001,'Semitt Falls Cavern - 3rd Level',13,2,2),(502004,402001,'Semitt Falls Cavern - 4th Level',13,2,2),(502005,402001,'Semitt Falls Cavern - 5th Level',14,2,2),(502006,402002,'Snow Cavern - 1st Level',13,2,2),(502007,402002,'Snow Cavern - 2nd Level',13,2,2),(502008,402002,'Snow Cavern - 3rd Level',13,2,2),(502009,402002,'Snow Cavern - 4th Level',13,2,2),(502010,402002,'Snow Cavern - 5th Level',13,2,2),(502011,402002,'Snow Cavern - 6th Level',14,2,2),(502012,402003,'Snow Cavern (Return) - 5th Level',13,1,1),(502013,402003,'Snow Cavern (Return) - 4th Level',13,1,1),(502014,402003,'Snow Cavern (Return) - 3rd Level',13,1,1),(502015,402003,'Snow Cavern (Return) - 2nd Level',13,1,1),(502016,402003,'Snow Cavern (Return) - 1st Level',14,1,1),(502017,402004,'Dreadnought - Hold',14,4,0),(502018,402004,'Dreadnought - Gun Deck',14,4,0),(502019,402004,'Dreadnought - Ammunition Storage',14,5,0),(502020,402004,'Dreadnought - Mess Hall',14,4,0),(502021,402004,'Dreadnought - Engine Room',15,4,0),(503001,403001,'Altar Cave - Bottom of the Pit',14,5,1),(503002,403001,'Altar Cave - Hidden Passage Entrance',14,5,1),(503003,403001,'Altar Cave - Forked Path',14,5,1),(503004,403001,'Altar Cave - Crystal Sanctum',15,4,1),(503005,403002,'Castle Sasune - West Tower 1st Floor',14,4,1),(503006,403002,'Castle Sasune - West Tower 2nd Floor',14,4,1),(503007,403002,'Castle Sasune - West Tower 3rd Floor',14,3,1),(503008,403002,'Castle Sasune - West Tower Top Floor',15,3,1),(503009,403003,'Sealed Cave - Entrance',14,5,1),(503010,403003,'Sealed Cave - 1st Level',14,5,1),(503011,403003,'Sealed Cave - 2nd Level',14,5,1),(503012,403003,'Sealed Cave - 3rd Level',14,4,1),(503013,403003,'Sealed Cave - Deepest Reaches',15,3,1),(503014,403004,'Nepto Temple - Entrance',15,3,1),(503015,403004,'Nepto Temple - Into the Dragon',15,3,1),(503016,403004,'Nepto Temple - Fork in the Passage',15,4,1),(503017,403004,'Nepto Temple - Rat\'s Nest',16,4,1),(504001,404001,'Mist Cave - Entrance',12,14,3),(504002,404001,'Mist Cave - Waypoint',12,14,4),(504003,404001,'Mist Cave - Exit',13,70,17),(504004,404002,'Underground Waterway - South',13,8,3),(504005,404002,'Underground Waterway - North',13,4,3),(504006,404002,'Underground Waterway - Levelan Lake',14,2,1),(504007,404003,'Antlion\'s Den - 1st Level',13,1,1),(504008,404003,'Antlion\'s Den - 2nd Level',13,1,1),(504009,404003,'Antlion\'s Den - 3rd Level',13,1,1),(504010,404003,'Antlion\'s Den - Central Chamber',14,1,1),(504011,404004,'Mount Hobs - 3rd Station',14,0,0),(504012,404004,'Mount Hobs - 5th Station',14,1,1),(504013,404004,'Mount Hobs - 7th Station',14,1,1),(504014,404004,'Mount Hobs - Summit',15,1,1),(504015,404005,'Fabul Castle - 1st Battle',4,2,1),(504016,404005,'Fabul Castle - 2nd Battle',4,2,1),(504017,404005,'Fabul Castle - 3rd Battle',4,2,1),(504018,404005,'Fabul Castle - 4th Battle',4,2,1),(504019,404005,'Fabul Castle - 5th Battle',4,2,1),(504020,404005,'Fabul Castle - 6th Battle',4,2,1),(504021,404005,'Fabul Castle - Final Battle',5,2,1),(504040,404009,'Tower of Zot - 1st Floor',14,1,0),(504041,404009,'Tower of Zot - 2nd Floor',14,1,0),(504042,404009,'Tower of Zot - 3rd Floor',14,1,0),(504043,404009,'Tower of Zot - 4th Floor',14,1,0),(504044,404009,'Tower of Zot - 5th Floor',15,1,0),(504045,404010,'Tower of Zot Pinnacle - 6th Floor',14,1,1),(504046,404010,'Tower of Zot Pinnacle - Top Floor',15,1,1),(505001,405001,'Wind Shrine - 1st Floor',14,83,47),(505002,405001,'Wind Shrine - 2nd Floor',14,2,2),(505003,405001,'Wind Shrine - 3rd Floor',14,3,3),(505004,405001,'Wind Shrine - 4th Floor',14,12,12),(505005,405001,'Wind Shrine - Crystal Antechamber',15,2,2),(505006,405002,'Torna Canal - Gate',14,1,1),(505007,405002,'Torna Canal - Entrance',14,1,1),(505008,405002,'Torna Canal - Midway',14,1,1),(505009,405002,'Torna Canal - Bottleneck',15,2,2),(505014,405004,'North Mountain - Cavern',14,2,2),(505015,405004,'North Mountain - Pathway',14,2,2),(505016,405004,'North Mountain - Mountainside Cave',14,2,2),(505017,405004,'North Mountain - 5th Station',14,2,2),(505018,405004,'North Mountain - 8th Station',15,1,1),(505024,405006,'Walse Tower - 1st Floor',15,1,1),(505025,405006,'Walse Tower - 5th Floor',15,1,1),(505026,405006,'Walse Tower - 9th Floor',15,1,1),(505027,405006,'Walse Tower - Crystal Chamber',16,1,1),(505028,405007,'Karnak Castle - Crystal Chamber',15,0,0),(505029,405007,'Karnak Castle - Dungeon 4th Level',15,0,0),(505030,405007,'Karnak Castle - 1st Floor',15,0,0),(505031,405007,'Karnak Castle - Exterior',16,0,0),(505032,405008,'Library of the Ancients - 1st Floor',15,0,0),(505033,405008,'Library of the Ancients - Basement Archive',15,0,0),(505034,405008,'Library of the Ancients - Basement Hallway',15,1,1),(505035,405008,'Library of the Ancients - Basement Repository',16,1,1),(505036,405008,'Library of the Ancients - Deepest Archive',16,1,1),(506001,406001,'Narshe',15,0,0),(506002,406001,'North Mines - Entrance',15,0,0),(506003,406001,'North Mines - Midway',15,0,0),(506004,406001,'North Mines - Inner Mines',16,1,1),(506005,406002,'Abandoned Mineshaft - 1st Battle',15,1,1),(506006,406002,'Abandoned Mineshaft - 2nd Battle',15,1,1),(506007,406002,'Abandoned Mineshaft - 3rd Battle',15,1,1),(506008,406002,'Abandoned Mineshaft - Final Battle',16,1,1),(506014,406004,'Mt. Kolts - Path',15,1,1),(506015,406004,'Mt. Kolts - Suspension Bridge',15,1,1),(506016,406004,'Mt. Kolts - Passage',15,1,1),(506017,406004,'Mt. Kolts - Hidden Passage',15,1,1),(506018,406004,'Mt. Kolts - Sky Vault',15,1,1),(506019,406004,'Mt. Kolts - Descent',16,1,1),(506035,406008,'2nd Class - Carriage 4',4,21,7),(506036,406008,'2nd Class - Carriage 3',4,23,9),(506037,406008,'2nd Class - Carriage 2',4,23,9),(506038,406008,'2nd Class - Carriage 1',4,23,9),(506039,406008,'1st Class - Carriage 2',4,23,9),(506040,406008,'1st Class - Carriage 1',4,23,9),(506041,406008,'Locomotive',5,95,61),(506042,406009,'Esper Vale - 1st Battle',12,1,1),(506043,406009,'Esper Vale - 2nd Battle',12,1,1),(506044,406009,'Esper Vale - Last Stand',13,1,1),(506045,406010,'Zozo Tower - Lower Levels',13,1,1),(506046,406010,'Zozo Tower - Mid Levels',13,1,1),(506047,406010,'Zozo Tower - Upper Levels',13,1,1),(506048,406010,'Zozo Tower - Highest Level',14,1,1),(506049,406011,'Opera House - Right Stair',13,2,2),(506050,406011,'Opera House - Left Stair',13,2,2),(506051,406011,'Opera House - Catwalk',13,2,2),(506052,406011,'Opera House - Stage',14,2,2),(506053,406012,'Magitek Factory - Entrance',13,2,2),(506054,406012,'Magitek Factory - Center',13,2,2),(506055,406012,'Magitek Factory - Hidden Passage',13,2,2),(506056,406012,'Magitek Factory - Garbage Chute',14,2,2),(506057,406013,'Vector - Escape Route',13,2,2),(506058,406013,'Vector - Streets',13,1,1),(506059,406013,'Airship - Interception',14,0,0),(506076,406018,'Floating Continent - Escape Route West',13,1,0),(506077,406018,'Floating Continent - Escape Route Center',13,1,0),(506078,406018,'Floating Continent - Escape Route East',13,1,0),(506079,406018,'Floating Continent - Airship',14,1,0),(506080,406019,'Solitary Island - Escape',15,1,1),(506081,406019,'Solitary Island - North Cliff',15,1,1),(506082,406019,'Solitary Island - Cabin Cellar',16,1,1),(506083,406020,'Mobliz Village - Eaves',16,24,0),(506084,406021,'South Figaro Cave - Entrance',15,0,0),(506085,406021,'South Figaro Cave - Passage',15,0,0),(506086,406021,'South Figaro Cave - Hidden Passage',15,0,0),(506087,406021,'Figaro Castle - Dungeon 2nd Floor',15,0,0),(506088,406021,'Figaro Castle - Inner Room',16,0,0),(506089,406022,'Darill\'s Tomb - 1st Level',15,2,0),(506090,406022,'Darill\'s Tomb - 2nd Level',15,2,0),(506091,406022,'Darill\'s Tomb - 2nd Level - Gravesite',15,2,0),(506092,406022,'Darill\'s Tomb - 2nd Level - Inner Chamber',16,41,0),(506093,406022,'Darill\'s Tomb - Undercroft',16,0,0),(507001,407001,'Mako Reactor No. 1',13,1,1),(507004,407002,'Winding Tunnel',12,1,1),(507005,407002,'Sector 4 Plate - Substructure',12,0,0),(507006,407002,'Mako Reactor No. 5',13,0,0),(508001,408001,'Fire Cavern - Entrance',13,9,2),(508002,408001,'Fire Cavern - Forked Path',13,9,2),(508003,408001,'Fire Cavern - Caldera Path',13,9,2),(508004,408001,'Fire Cavern - Caldera',14,8,2),(508005,408002,'SeeD Field Exam - Com Tower Entrance',13,6,0),(508006,408002,'SeeD Field Exam - Com Tower Passage',13,7,0),(508007,408002,'SeeD Field Exam - Elevator',13,7,0),(508008,408002,'SeeD Field Exam - Upper Com Tower',14,6,0),(508009,408002,'SeeD Field Exam - Com Tower Top',14,5,0),(508010,408003,'Dollet - Mountain Range',13,10,2),(508011,408003,'Dollet - Town Square',13,9,2),(508012,408003,'Dollet - Streets',13,8,2),(508013,408003,'Dollet - Beach',14,9,2),(508014,408004,'Balamb Garden - 1st Floor Hall',13,4,1),(508015,408004,'Balamb Garden - 1st Floor Corridor',13,4,1),(508016,408004,'Balamb Garden - Training Center Entrance',13,4,1),(508017,408004,'Balamb Garden - Training Center',14,4,1),(508018,408004,'Balamb Garden - Secret Area',14,4,1),(508019,408005,'Balamb Garden - 1st Floor Hall',13,4,1),(508020,408005,'Balamb Garden - 1st Floor Corridor',13,4,1),(508021,408005,'Balamb Garden - Card Reader',13,4,1),(508022,408005,'Balamb Garden - Road to the Front Gate',13,4,1),(508023,408005,'Balamb Garden - Front Gate',14,4,1),(508024,408006,'Presidential Train - Rear Car',13,5,2),(508025,408006,'Presidential Train - Rear Coupling',13,5,2),(508026,408006,'Presidential Train - Front Coupling',13,5,2),(508027,408006,'Presidential Train - President\'s Car',14,4,2),(508028,408007,'Centra Excavation Site - Entrance',13,4,2),(508029,408007,'Centra Excavation Site - Passage',13,5,2),(508030,408007,'Centra Excavation Site - Three Hatches',13,5,2),(508031,408007,'Centra Excavation Site - Rugged Boulder',13,4,3),(508032,408007,'Centra Excavation Site - Path to the Precipice',13,5,3),(508033,408008,'Unknown King\'s Tomb - Entrance',13,3,2),(508034,408008,'Unknown King\'s Tomb - Lost Blade Crossing',13,3,2),(508035,408008,'Unknown King\'s Tomb - Drawbridge',13,3,2),(508036,408008,'Unknown King\'s Tomb - Sarcophagus',14,3,2),(510001,410001,'Stadium',12,1,1),(510002,410001,'Overpass',12,1,1),(510003,410001,'Ruined Overpass',13,1,1),(510004,410002,'Village Slope',12,1,1),(510005,410002,'Promontory',12,1,1),(510006,410002,'Ancient Road',13,1,1),(510007,410003,'Deck - Aft',13,1,1),(510008,410003,'Deck - Amidships',13,1,1),(510009,410003,'Deck - Fore',14,1,1),(510010,410004,'Kilika - Pier',15,6,1),(510011,410004,'Kilika - Ruined House',15,5,1),(510012,410004,'Kilika Woods - Entrance',15,5,1),(510013,410004,'Kilika Woods - Forest Crossroads',16,5,1),(510014,410004,'Kilika - Pilgrimage Road',16,5,1),(510022,410006,'Mi\'ihen Highroad - Chocobo Stable',15,1,0),(510023,410006,'Mi\'ihen Highroad - South End',15,1,0),(510024,410006,'Mi\'ihen Highroad - Central',15,1,0),(510025,410006,'Mi\'ihen Highroad - Agency Front',16,1,0),(513001,413001,'The Hanging Edge - Aerorail Trussway 13-E',13,1,1),(513002,413001,'The Hanging Edge - Aerorail Trussway 12-E',13,1,1),(513003,413001,'The Hanging Edge - Aerorail Trussway 11-E',13,2,1),(513004,413001,'The Hanging Edge - Skybridge No. 369',14,1,1),(513005,413002,'Lake Bresha - The Waters Stilled',13,2,1),(513006,413002,'Lake Bresha - The Frozen Falls',13,2,1),(513007,413002,'Lake Bresha - A City No Longer',13,2,1),(513008,413002,'Lake Bresha - Echoes of the Past',14,2,1),(513009,413003,'Lake Bresha - A Silent Maelstrom, Part 1',13,3,1),(513010,413003,'Lake Bresha - A Silent Maelstrom, Part 2',13,5,1),(513011,413003,'Lake Bresha - A Silent Maelstrom, Part 3',13,2,1),(513012,413003,'Lake Bresha - A Silent Maelstrom, Part 4',14,1,1),(513013,413004,'The Vile Peaks - Dismal Dunescape',13,2,1),(513014,413004,'The Vile Peaks - Another Man\'s Treasure',13,2,1),(513015,413004,'The Vile Peaks - Devastated Dreams, Part 1',13,2,1),(513016,413004,'The Vile Peaks - Devastated Dreams, Part 2',14,2,1),(513017,413005,'The Vile Peaks - Mounds of Naught',13,2,1),(513018,413005,'The Vile Peaks - Scavenger\'s Trail, Part 1',13,2,1),(513019,413005,'The Vile Peaks - Scavenger\'s Trail, Part 2',13,2,1),(513020,413005,'The Vile Peaks - Scavenger\'s Trail, Part 3',14,3,1),(705001,605001,'Engine Room, Part 1 - Easy',3,1,1),(705002,605001,'Engine Room, Part 2 - Easy',3,1,1),(705003,605001,'Generator Room - Easy',4,1,1),(705004,605002,'Engine Room, Part 1 - Easy+',4,1,1),(705005,605002,'Engine Room, Part 2 - Easy+',4,1,1),(705006,605002,'Engine Room, Part 3 - Easy+',4,1,1),(705007,605002,'Generator Room - Easy+',5,1,1),(705008,605003,'Engine Room, Part 1 - Normal',5,8,8),(705009,605003,'Engine Room, Part 2 - Normal',5,8,8),(705010,605003,'Engine Room, Part 3 - Normal',5,9,9),(705011,605003,'Engine Room, Part 4 - Normal',5,8,8),(705012,605003,'Generator Room - Normal',6,8,8),(705013,605004,'Engine Room, Part 1 - Normal+',8,3,3),(705014,605004,'Engine Room, Part 2 - Normal+',8,3,3),(705015,605004,'Engine Room, Part 3 - Normal+',8,3,3),(705016,605004,'Engine Room, Part 4 - Normal+',8,3,3),(705017,605004,'Generator Room - Normal+',9,3,3),(705018,605005,'Engine Room, Part 1 - Hard',10,197,197),(705019,605005,'Engine Room, Part 2 - Hard',10,197,197),(705020,605005,'Engine Room, Part 3 - Hard',10,192,192),(705021,605005,'Engine Room, Part 4 - Hard',10,187,187),(705022,605005,'Generator Room - Hard',11,396,396),(708001,608001,'Caraway Mansion, Part 1',3,1,0),(708002,608001,'Caraway Mansion, Part 2',3,1,0),(708003,608001,'Caraway Mansion, Part 3',3,1,0),(708020,608007,'Deling City Sewer - Exit, Part 1',7,1,1),(708021,608007,'Deling City Sewer - Exit, Part 2',7,1,1),(708022,608007,'Deling City Sewer - Exit, Part 3',7,1,1),(708023,608007,'Deling City Sewer - Exit, Part 4',8,1,1),(708024,608008,'Gateway, Part 1',8,0,0),(708025,608008,'Gateway, Part 2',8,0,0),(708026,608008,'Gateway, Part 3',8,1,1),(708027,608008,'Gateway, Part 4',8,1,1),(708028,608009,'Presidential Residence, Part 1',9,1,1),(708029,608009,'Presidential Residence, Part 2',9,1,1),(708030,608009,'Presidential Residence, Part 3',9,1,1),(708031,608009,'Presidential Residence, Part 4',10,1,1),(708032,608010,'Parade Float, Part 1',10,1,1),(708033,608010,'Parade Float, Part 2',10,1,1),(708034,608010,'Parade Float, Part 3',11,1,1),(708035,608010,'Parade Float, Part 4',11,1,1),(708036,608011,'Caraway Mansion, Part 1 (Elite)',10,3,1),(708037,608011,'Caraway Mansion, Part 2 (Elite)',10,2,1),(708038,608011,'Caraway Mansion, Part 3 (Elite)',10,3,1),(708039,608012,'Deling City Sewers - Entrance, Part 1 (Elite)',11,3,1),(708040,608012,'Deling City Sewers - Entrance, Part 2 (Elite)',11,3,1),(708041,608012,'Deling City Sewers - Entrance, Part 3 (Elite)',11,2,1),(708042,608013,'Deling City Sewers - Junction, Part 1 (Elite)',12,2,0),(708043,608013,'Deling City Sewers - Junction, Part 2 (Elite)',12,3,0),(708044,608013,'Deling City Sewers - Junction, Part 3 (Elite)',12,3,0),(708045,608014,'Sorceress\'s Chamber, Part 1 (Elite)',12,2,0),(708046,608014,'Sorceress\'s Chamber, Part 2 (Elite)',12,2,0),(708047,608014,'Sorceress\'s Chamber, Part 3 (Elite)',13,2,0),(708048,608015,'Clocktower, Part 1 (Elite)',14,6,0),(708049,608015,'Clocktower, Part 2 (Elite)',14,6,0),(708050,608015,'Clocktower, Part 3 (Elite)',14,6,0),(708051,608016,'Deling City Sewer - Near the Exit, Part 1 (Elite)',14,4,2),(708052,608016,'Deling City Sewer - Near the Exit, Part 2 (Elite)',14,2,0),(708053,608016,'Deling City Sewer - Near the Exit, Part 3 (Elite)',14,3,0),(708054,608016,'Deling City Sewer - Near the Exit, Part 4 (Elite)',14,3,0),(708055,608017,'Deling City Sewer - Exit, Part 1 (Elite)',15,9,3),(708056,608017,'Deling City Sewer - Exit, Part 2 (Elite)',15,6,3),(708057,608017,'Deling City Sewer - Exit, Part 3 (Elite)',15,7,3),(708058,608017,'Deling City Sewer - Exit, Part 4 (Elite)',16,6,2),(708059,608018,'Gateway, Part 1 (Elite)',16,6,1),(708060,608018,'Gateway, Part 2 (Elite)',16,4,1),(708061,608018,'Gateway, Part 3 (Elite)',16,5,1),(708062,608018,'Gateway, Part 4 (Elite)',16,5,1),(708063,608019,'Presidential Residence, Part 1 (Elite)',16,3,1),(708064,608019,'Presidential Residence, Part 2 (Elite)',16,4,2),(708065,608019,'Presidential Residence, Part 3 (Elite)',16,3,1),(708066,608019,'Presidential Residence, Part 4 (Elite)',17,2,1),(708067,608020,'Parade Float, Part 1 (Elite)',17,1,1),(708068,608020,'Parade Float, Part 2 (Elite)',18,0,0),(708069,608020,'Parade Float, Part 3 (Elite)',18,0,0),(708070,608020,'Parade Float, Part 4 (Elite)',18,0,0),(713001,613001,'The Pulse Fal\'Cie, Part 1 - Easy',3,3,3),(713002,613001,'The Pulse Fal\'Cie, Part 2 - Easy',3,4,4),(713003,613001,'The Pulse Fal\'Cie, Part 3 - Easy',3,4,4),(713004,613001,'The Pulse Fal\'Cie, Part 4 - Easy',3,5,5),(713005,613001,'The Pulse Fal\'Cie, Part 5 - Easy',3,3,3),(713006,613002,'The Pulse Fal\'Cie, Part 1 - Normal',5,6,6),(713007,613002,'The Pulse Fal\'Cie, Part 2 - Normal',5,7,7),(713008,613002,'The Pulse Fal\'Cie, Part 3 - Normal',5,8,8),(713009,613002,'The Pulse Fal\'Cie, Part 4 - Normal',5,7,7),(713010,613002,'The Pulse Fal\'Cie, Part 5 - Normal',5,7,7),(713011,613003,'The Pulse Fal\'Cie, Part 1 - Hard',8,12,12),(713012,613003,'The Pulse Fal\'Cie, Part 2 - Hard',8,15,15),(713013,613003,'The Pulse Fal\'Cie, Part 3 - Hard',8,13,13),(713014,613003,'The Pulse Fal\'Cie, Part 4 - Hard',8,15,15),(713015,613003,'The Pulse Fal\'Cie, Part 5 - Hard',8,15,15),(713016,613003,'The Pulse Fal\'Cie, Part 6 - Hard',8,12,12),(713017,613003,'The Pulse Fal\'Cie, Part 7 - Hard',8,10,10),(713018,613004,'The Pulse Fal\'Cie, Part 1 - Heroic',12,4,4),(713019,613004,'The Pulse Fal\'Cie, Part 2 - Heroic',12,4,4),(713020,613004,'The Pulse Fal\'Cie, Part 3 - Heroic',12,4,4),(713021,613004,'The Pulse Fal\'Cie, Part 4 - Heroic',12,4,4),(713022,613004,'The Pulse Fal\'Cie, Part 5 - Heroic',12,4,4),(713023,613004,'The Pulse Fal\'Cie, Part 6 - Heroic',12,2,2),(713024,613004,'The Pulse Fal\'Cie, Part 7 - Heroic',12,2,2),(713025,613004,'The Pulse Fal\'Cie, Part 8 - Heroic',12,2,2),(720076,620026,'Sea of Elements, Part 1 - Normal',5,2,2),(720077,620026,'Sea of Elements, Part 2 - Normal',5,2,2),(720078,620026,'Sea of Elements, Part 3 - Normal',5,2,2),(720079,620027,'Sea of Elements, Part 1 - Hard',10,5,1),(720080,620027,'Sea of Elements, Part 2 - Hard',10,3,1),(720081,620027,'Sea of Elements, Part 3 - Hard',10,3,1),(720082,620028,'Sea of Elements, Part 1 - Heroic',15,73,7),(720083,620028,'Sea of Elements, Part 2 - Heroic',15,70,10),(720084,620028,'Sea of Elements, Part 3 - Heroic',15,9,2),(720085,620029,'Weapons Foundry, Part 1 - Easy',3,3,0),(720086,620029,'Weapons Foundry, Part 2 - Easy',3,3,0),(720087,620029,'Weapons Foundry, Part 3 - Easy',3,2,0),(720088,620030,'Weapons Foundry, Part 1 - Normal',5,4,2),(720089,620030,'Weapons Foundry, Part 2 - Normal',5,2,2),(720090,620030,'Weapons Foundry, Part 3 - Normal',5,2,2),(720091,620031,'Weapons Foundry, Part 1 - Hard',10,19,5),(720092,620031,'Weapons Foundry, Part 2 - Hard',10,15,4),(720093,620031,'Weapons Foundry, Part 3 - Hard',10,14,3),(720094,620032,'Weapons Foundry, Part 1 - Heroic',15,16,3),(720095,620032,'Weapons Foundry, Part 2 - Heroic',15,5,4),(720096,620032,'Weapons Foundry, Part 3 - Heroic',15,4,4),(720109,620033,'Mana Stronghold, Part 1 - Easy',3,1,1),(720110,620033,'Mana Stronghold, Part 2 - Easy',3,1,1),(720111,620033,'Mana Stronghold, Part 3 - Easy',3,1,1),(720112,620034,'Mana Stronghold, Part 1 - Normal',5,3,3),(720113,620034,'Mana Stronghold, Part 2 - Normal',5,3,3),(720114,620034,'Mana Stronghold, Part 3 - Normal',5,3,3),(720115,620035,'Mana Stronghold, Part 1 - Hard',10,10,10),(720116,620035,'Mana Stronghold, Part 2 - Hard',10,8,8),(720117,620035,'Mana Stronghold, Part 3 - Hard',10,8,8),(720118,620036,'Mana Stronghold, Part 1 - Heroic',15,92,92),(720119,620036,'Mana Stronghold, Part 2 - Heroic',15,34,34),(720120,620036,'Mana Stronghold, Part 3 - Heroic',15,19,19),(720121,620041,'Armor Mako Reactor, Part 1 - Easy',3,1,1),(720122,620041,'Armor Mako Reactor, Part 2 - Easy',3,1,1),(720123,620041,'Armor Mako Reactor, Part 3 - Easy',3,1,1),(720124,620042,'Armor Mako Reactor, Part 1 - Normal',5,4,4),(720125,620042,'Armor Mako Reactor, Part 2 - Normal',5,3,3),(720126,620042,'Armor Mako Reactor, Part 3 - Normal',5,4,4),(720127,620043,'Armor Mako Reactor, Part 1 - Hard',10,13,10),(720128,620043,'Armor Mako Reactor, Part 2 - Hard',10,11,10),(720129,620043,'Armor Mako Reactor, Part 3 - Hard',10,11,10),(720130,620044,'Armor Mako Reactor, Part 1 - Heroic',15,30,3),(720131,620044,'Armor Mako Reactor, Part 2 - Heroic',15,11,2),(720132,620044,'Armor Mako Reactor, Part 3 - Heroic',15,9,2),(720133,620037,'Castle of Elements, Part 1 - Easy',3,1,1),(720134,620037,'Castle of Elements, Part 2 - Easy',3,2,2),(720135,620037,'Castle of Elements, Part 3 - Easy',3,1,1),(720139,620039,'Castle of Elements, Part 1 - Hard',10,2,0),(720140,620039,'Castle of Elements, Part 2 - Hard',10,1,0),(720141,620039,'Castle of Elements, Part 3 - Hard',10,1,0),(720142,620040,'Castle of Elements, Part 1 - Heroic',15,62,30),(720143,620040,'Castle of Elements, Part 2 - Heroic',15,24,12),(720144,620040,'Castle of Elements, Part 3 - Heroic',15,20,9),(720148,620046,'Gil Grasslands, Part 1 - Normal',5,5,5),(720149,620046,'Gil Grasslands, Part 2 - Normal',5,5,5),(720150,620046,'Gil Grasslands, Part 3 - Normal',5,5,5),(720151,620047,'Gil Grasslands, Part 1 - Hard',10,3,1),(720152,620047,'Gil Grasslands, Part 2 - Hard',10,1,1),(720153,620047,'Gil Grasslands, Part 3 - Hard',10,1,1),(720154,620048,'Gil Grasslands, Part 1 - Heroic',15,10,2),(720155,620048,'Gil Grasslands, Part 2 - Heroic',15,10,2),(720156,620048,'Gil Grasslands, Part 3 - Heroic',15,10,2),(720163,620051,'Glade of Wisdom, Part 1 - Hard',10,16,4),(720164,620051,'Glade of Wisdom, Part 2 - Hard',10,7,0),(720165,620051,'Glade of Wisdom, Part 3 - Hard',10,6,0),(720166,620052,'Glade of Wisdom, Part 1 - Heroic',15,1,1),(720167,620052,'Glade of Wisdom, Part 2 - Heroic',15,0,0),(720168,620052,'Glade of Wisdom, Part 3 - Heroic',15,1,0);
/*!40000 ALTER TABLE `battles` ENABLE KEYS */;
UNLOCK TABLES;

--
-- Table structure for table `characters`
--

DROP TABLE IF EXISTS `characters`;
/*!40101 SET @saved_cs_client     = @@character_set_client */;
/*!40101 SET character_set_client = utf8 */;
CREATE TABLE `characters` (
  `id` int(10) unsigned NOT NULL,
  `name` varchar(45) NOT NULL,
  `series` int(10) unsigned NOT NULL,
  PRIMARY KEY (`id`),
  UNIQUE KEY `id_UNIQUE` (`id`),
  KEY `FK_character_series_idx` (`series`),
  CONSTRAINT `FK_character_series` FOREIGN KEY (`series`) REFERENCES `series` (`id`) ON DELETE NO ACTION ON UPDATE NO ACTION
) ENGINE=InnoDB DEFAULT CHARSET=latin1;
/*!40101 SET character_set_client = @saved_cs_client */;

--
-- Dumping data for table `characters`
--

LOCK TABLES `characters` WRITE;
/*!40000 ALTER TABLE `characters` DISABLE KEYS */;
INSERT INTO `characters` VALUES (10000200,'Tyro',200001),(10000300,'Warrior',200001),(10000400,'Knight',200001),(10000900,'Red Mage',200001),(10001100,'Black Mage',200001),(10001400,'White Mage',200001),(10001700,'Summoner',200001),(10002600,'Ranger',200001),(10002800,'Bard',200001),(10100100,'Warrior of Light',200001),(10200600,'Gordon',102001),(10200900,'Josef',102001),(10300100,'Luneth',103001),(10400100,'Cecil (DRK)',104001),(10400200,'Cecil (PLD)',104001),(10400300,'Kain',104001),(10400400,'Rydia',104001),(10500200,'Lenna',105001),(10600100,'Terra',106001),(10600400,'Celes',106001),(10600900,'Cyan',106001),(10700100,'Cloud',107001),(10700300,'Tifa',107001),(10700400,'Aerith',107001),(10701000,'Sephiroth',107001),(10800200,'Rinoa',108001),(11000100,'Tidus',110001),(11000300,'Wakka',110001),(11300200,'Snow',113001),(11300300,'Vanille',113001);
/*!40000 ALTER TABLE `characters` ENABLE KEYS */;
UNLOCK TABLES;

--
-- Temporary view structure for view `dungeon_drops`
--

DROP TABLE IF EXISTS `dungeon_drops`;
/*!50001 DROP VIEW IF EXISTS `dungeon_drops`*/;
SET @saved_cs_client     = @@character_set_client;
SET character_set_client = utf8;
/*!50001 CREATE VIEW `dungeon_drops` AS SELECT 
 1 AS `battleid`,
 1 AS `itemid`,
 1 AS `dungeon_id`,
 1 AS `dungeon_name`,
 1 AS `dungeon_type`,
 1 AS `battle_name`,
 1 AS `times_run`,
 1 AS `battle_stamina`,
 1 AS `times_run_with_histogram`,
 1 AS `item_name`,
 1 AS `item_rarity`,
 1 AS `item_series`,
 1 AS `item_type`,
 1 AS `item_subtype`,
 1 AS `histo_bucket`,
 1 AS `histo_value`*/;
SET character_set_client = @saved_cs_client;

--
-- Table structure for table `dungeons`
--

DROP TABLE IF EXISTS `dungeons`;
/*!40101 SET @saved_cs_client     = @@character_set_client */;
/*!40101 SET character_set_client = utf8 */;
CREATE TABLE `dungeons` (
  `id` int(10) unsigned NOT NULL,
  `world` int(10) unsigned NOT NULL,
  `series` int(10) unsigned NOT NULL,
  `name` varchar(100) NOT NULL,
  `type` tinyint(3) unsigned NOT NULL COMMENT '0 - classic\n1 - elite\n2 - event',
  `difficulty` smallint(5) unsigned NOT NULL,
  PRIMARY KEY (`id`),
  UNIQUE KEY `id_UNIQUE` (`id`),
  KEY `world_INDEX` (`world`),
  KEY `FK_dungeon_series_idx` (`series`),
  CONSTRAINT `FK_dungeon_series` FOREIGN KEY (`series`) REFERENCES `series` (`id`) ON DELETE NO ACTION ON UPDATE NO ACTION,
  CONSTRAINT `FK_dungeon_world` FOREIGN KEY (`world`) REFERENCES `worlds` (`id`) ON DELETE NO ACTION ON UPDATE NO ACTION
) ENGINE=InnoDB DEFAULT CHARSET=utf8;
/*!40101 SET character_set_client = @saved_cs_client */;

--
-- Dumping data for table `dungeons`
--

LOCK TABLES `dungeons` WRITE;
/*!40000 ALTER TABLE `dungeons` DISABLE KEYS */;
INSERT INTO `dungeons` VALUES (201001,101001,101001,'Chaos Shrine',1,15),(201002,101001,101001,'Western Keep',1,16),(201003,101001,101001,'Cavern of Earth 1',1,34),(201004,101001,101001,'Cavern of Earth 2',1,35),(201005,101001,101001,'Mount Gulg',1,36),(202001,102001,102001,'Semitt Falls Cavern',1,17),(202002,102001,102001,'Snow Cavern',1,17),(202003,102001,102001,'Snow Cavern (Return)',1,18),(202004,102001,102001,'Dreadnought',1,35),(203001,103001,103001,'Altar Cave',1,35),(203002,103001,103001,'Castle Sasune',1,36),(203003,103001,103001,'Sealed Cave',1,36),(203004,103001,103001,'Nepto Temple',1,37),(204001,104001,104001,'Mist Cave',1,3),(204002,104001,104001,'Underground Waterway',1,4),(204003,104001,104001,'Antlion\'s Den',1,6),(204004,104001,104001,'Mount Hobs',1,7),(204005,104001,104001,'Fabul Castle',1,8),(204007,104001,104001,'Baron Castle',1,10),(204008,104001,104001,'Lodestone Cavern',1,23),(204009,104001,104001,'Tower of Zot',1,24),(204010,104001,104001,'Tower of Zot - Spire',1,26),(204011,104001,104001,'Dwarven Castle',1,26),(204012,104001,104001,'Tower of Babil - Depths',1,25),(204013,104001,104001,'Cave of Eblan',1,27),(204014,104001,104001,'Tower of Babil - Heights',1,27),(204015,104001,104001,'The Feymarch',1,29),(205001,105001,105001,'Wind Shrine',1,6),(205002,105001,105001,'Torna Canal',1,7),(205003,105001,105001,'Ship Graveyard',1,8),(205004,105001,105001,'North Mountain',1,9),(205005,105001,105001,'Castle Walse',1,39),(205006,105001,105001,'Walse Tower',1,39),(205007,105001,105001,'Karnak Castle',1,40),(205008,105001,105001,'Library of the Ancients',1,41),(206001,106001,106001,'North Mines',1,9),(206002,106001,106001,'Abandoned Mineshaft',1,10),(206003,106001,106001,'Figaro Castle',1,11),(206004,106001,106001,'Mt. Kolts',1,12),(206006,106001,106001,'Imperial Camp',1,13),(206007,106001,106001,'South Figaro Cave',1,15),(206008,106001,106001,'Phantom Train',1,16),(206009,106001,106001,'Esper Valley',1,16),(206010,106001,106001,'Zozo',1,17),(206011,106001,106001,'Opera House',1,18),(206012,106001,106001,'Magitek Factory',1,18),(206013,106001,106001,'Vector',1,19),(206014,106001,106001,'Thamasa',1,20),(206015,106001,106001,'Esper Caves',1,21),(206016,106001,106001,'Airship',1,21),(206017,106001,106001,'Floating Continent 1',1,23),(206018,106001,106001,'Floating Continent 2',1,23),(206019,106001,106001,'Solitary Island',1,28),(206020,106001,106001,'Mobliz',1,29),(206021,106001,106001,'Figaro Castle 2',1,30),(206022,106001,106001,'Darill\'s Tomb',1,32),(207001,107001,107001,'Mako Reactor No. 1',1,1),(207002,107001,107001,'Mako Reactor No. 5',1,1),(208001,108001,108001,'Fire Cavern',1,32),(208002,108001,108001,'SeeD Field Exam',1,33),(208003,108001,108001,'Dollet',1,34),(208004,108001,108001,'Balamb Garden 1',1,34),(208005,108001,108001,'Balamb Garden 2',1,34),(208006,108001,108001,'Presidential Train',1,35),(208007,108001,108001,'Centra Excavation Site',1,34),(208008,108001,108001,'Unknown King\'s Tomb',1,35),(210001,110001,110001,'Zanarkand',1,2),(210002,110001,110001,'Besaid',1,3),(210003,110001,110001,'S.S. Liki',1,5),(210004,110001,110001,'Kilika Woods',1,37),(210005,110001,110001,'Luca',1,38),(210006,110001,110001,'Mi\'ihen Highroad',1,39),(213001,113001,113001,'The Hanging Edge',1,32),(213002,113001,113001,'Lake Bresha 1',1,33),(213003,113001,113001,'Lake Bresha 2',1,33),(213004,113001,113001,'The Vile Peaks 1',1,34),(213005,113001,113001,'The Vile Peaks 2',1,35),(401001,101001,101001,'Chaos Shrine',2,24),(401002,101001,101001,'Western Keep',2,25),(401003,101001,101001,'Cavern of Earth 1',2,48),(401004,101001,101001,'Cavern of Earth 2',2,50),(401005,101001,101001,'Mount Gulg',2,53),(402001,102001,102001,'Semitt Falls Cavern',2,27),(402002,102001,102001,'Snow Cavern',2,29),(402003,102001,102001,'Snow Cavern (Return)',2,31),(402004,102001,102001,'Dreadnought',2,53),(403001,103001,103001,'Altar Cave',2,55),(403002,103001,103001,'Castle Sasune',2,57),(403003,103001,103001,'Sealed Cave',2,59),(403004,103001,103001,'Nepto Temple',2,62),(404001,104001,104001,'Mist Cave',2,20),(404002,104001,104001,'Underground Waterway',2,23),(404003,104001,104001,'Antlion\'s Den',2,28),(404004,104001,104001,'Mount Hobs',2,32),(404005,104001,104001,'Fabul Castle',2,34),(404007,104001,104001,'Baron Castle',2,41),(404008,104001,104001,'Lodestone Cavern',2,43),(404009,104001,104001,'Tower of Zot',2,45),(404010,104001,104001,'Tower of Zot - Spire',2,48),(404011,104001,104001,'Dwarven Castle',2,50),(404012,104001,104001,'Tower of Babil - Depths',2,50),(404013,104001,104001,'Cave of Eblan',2,53),(404014,104001,104001,'Tower of Babil - Heights',2,55),(404015,104001,104001,'The Feymarch',2,58),(405001,105001,105001,'Wind Shrine',2,29),(405002,105001,105001,'Torna Canal',2,35),(405003,105001,105001,'Ship Graveyard',2,37),(405004,105001,105001,'North Mountain',2,42),(405005,105001,105001,'Castle Walse',2,71),(405006,105001,105001,'Walse Tower',2,73),(405007,105001,105001,'Karnak Castle',2,76),(405008,105001,105001,'Library of the Ancients',2,79),(406001,106001,106001,'North Mines',2,43),(406002,106001,106001,'Abandoned Mineshaft',2,46),(406003,106001,106001,'Figaro Castle',2,48),(406004,106001,106001,'Mt. Kolts',2,51),(406006,106001,106001,'Imperial Camp',2,54),(406007,106001,106001,'South Figaro Cave',2,58),(406008,106001,106001,'Phantom Train',2,23),(406009,106001,106001,'Esper Valley',2,25),(406010,106001,106001,'Zozo',2,26),(406011,106001,106001,'Opera House',2,28),(406012,106001,106001,'Magitek Factory',2,30),(406013,106001,106001,'Vector',2,32),(406014,106001,106001,'Thamasa',2,34),(406015,106001,106001,'Esper Caves',2,37),(406016,106001,106001,'Airship',2,38),(406017,106001,106001,'Floating Continent 1',2,40),(406018,106001,106001,'Floating Continent 2',2,41),(406019,106001,106001,'Solitary Island',2,58),(406020,106001,106001,'Mobliz',2,60),(406021,106001,106001,'Figaro Castle 2',2,63),(406022,106001,106001,'Darill\'s Tomb',2,67),(407001,107001,107001,'Mako Reactor No. 1',2,14),(407002,107001,107001,'Mako Reactor No. 5',2,15),(408001,108001,108001,'Fire Cavern',2,42),(408002,108001,108001,'SeeD Field Exam',2,43),(408003,108001,108001,'Dollet',2,45),(408004,108001,108001,'Balamb Garden 1',2,46),(408005,108001,108001,'Balamb Garden 2',2,47),(408006,108001,108001,'Presidential Train',2,49),(408007,108001,108001,'Centra Excavation Site',2,49),(408008,108001,108001,'Unknown King\'s Tomb',2,52),(410001,110001,110001,'Zanarkand',2,17),(410002,110001,110001,'Besaid',2,21),(410003,110001,110001,'S.S. Liki',2,26),(410004,110001,110001,'Kilika Woods',2,63),(410005,110001,110001,'Luca',2,66),(410006,110001,110001,'Mi\'ihen Highroad',2,69),(413001,113001,113001,'The Hanging Edge',2,42),(413002,113001,113001,'Lake Bresha 1',2,43),(413003,113001,113001,'Lake Bresha 2',2,44),(413004,113001,113001,'The Vile Peaks 1',2,46),(413005,113001,113001,'The Vile Peaks 2',2,48),(605001,105002,105001,'Fire-Powered Ship - Easy',1,5),(605002,105002,105001,'Fire-Powered Ship - Easy +',1,14),(605003,105002,105001,'Fire-Powered Ship - Normal',1,23),(605004,105002,105001,'Fire-Powered Ship - Normal +',1,36),(605005,105002,105001,'Fire-Powered Ship - Hard',1,50),(608001,108002,108001,'Caraway Mansion',1,4),(608002,108002,108001,'Deling City Sewers - Entrance',1,6),(608003,108002,108001,'Deling City Sewers - Junction',1,8),(608004,108002,108001,'Sorceress\'s Chamber',1,11),(608005,108002,108001,'Clocktower',1,14),(608006,108002,108001,'Deling City Sewer - Near the Exit',1,17),(608007,108002,108001,'Deling City Sewer - Exit',1,19),(608008,108002,108001,'Gateway',1,21),(608009,108002,108001,'Presidential Residence',1,23),(608010,108002,108001,'Parade Float',1,26),(608011,108002,108001,'Caraway Mansion',2,25),(608012,108002,108001,'Deling City Sewers - Entrance',2,33),(608013,108002,108001,'Deling City Sewers - Junction',2,42),(608014,108002,108001,'Sorceress\'s Chamber',2,50),(608015,108002,108001,'Clocktower',2,60),(608016,108002,108001,'Deling City Sewer - Near the Exit',2,70),(608017,108002,108001,'Deling City Sewer - Exit',2,80),(608018,108002,108001,'Gateway',2,90),(608019,108002,108001,'Presidential Residence',2,95),(608020,108002,108001,'Parade Float',2,99),(613001,113002,113001,'The Pulse Fal\'Cie - Easy',1,5),(613002,113002,113001,'The Pulse Fal\'Cie - Normal',1,23),(613003,113002,113001,'The Pulse Fal\'Cie - Hard',1,48),(613004,113002,113001,'The Pulse Fal\'Cie - Heroic',1,80),(620025,800001,110001,'Sea of Elements (X): Easy',1,5),(620026,800001,110001,'Sea of Elements (X): Normal',1,23),(620027,800001,110001,'Sea of Elements (X): Hard',1,50),(620028,800001,110001,'Sea of Elements (X): Heroic',1,80),(620029,800001,106001,'Weapons Foundry (VI): Easy',1,5),(620030,800001,106001,'Weapons Foundry (VI): Normal',1,23),(620031,800001,106001,'Weapons Foundry (VI): Hard',1,50),(620032,800001,106001,'Weapons Foundry (VI): Heroic',1,80),(620033,800001,102001,'Mana Stronghold (II): Easy',1,5),(620034,800001,102001,'Mana Stronghold (II): Normal',1,23),(620035,800001,102001,'Mana Stronghold (II): Hard',1,50),(620036,800001,102001,'Mana Stronghold (II): Heroic',1,80),(620037,800001,104001,'Castle of Elements (IV): Easy',1,5),(620038,800001,104001,'Castle of Elements (IV): Normal',1,23),(620039,800001,104001,'Castle of Elements (IV): Hard',1,50),(620040,800001,104001,'Castle of Elements (IV): Heroic',1,80),(620041,800001,107001,'Armor Mako Reactor (VII): Easy',1,5),(620042,800001,107001,'Armor Mako Reactor (VII): Normal',1,23),(620043,800001,107001,'Armor Mako Reactor (VII): Hard',1,50),(620044,800001,107001,'Armor Mako Reactor (VII): Heroic',1,80),(620045,800001,200001,'Gil Grasslands (Core): Easy',1,5),(620046,800001,200001,'Gil Grasslands (Core): Normal',1,23),(620047,800001,200001,'Gil Grasslands (Core): Hard',1,50),(620048,800001,200001,'Gil Grasslands (Core): Heroic',1,80),(620049,800001,1,'Glade of Wisdom: Easy',1,5),(620050,800001,1,'Glade of Wisdom: Normal',1,23),(620051,800001,1,'Glade of Wisdom: Hard',1,50),(620052,800001,1,'Glade of Wisdom: Heroic',1,80);
/*!40000 ALTER TABLE `dungeons` ENABLE KEYS */;
UNLOCK TABLES;

--
-- Table structure for table `enemies`
--

DROP TABLE IF EXISTS `enemies`;
/*!40101 SET @saved_cs_client     = @@character_set_client */;
/*!40101 SET character_set_client = utf8 */;
CREATE TABLE `enemies` (
  `id` int(10) unsigned NOT NULL,
  `name` varchar(45) NOT NULL,
  PRIMARY KEY (`id`)
) ENGINE=InnoDB DEFAULT CHARSET=latin1;
/*!40101 SET character_set_client = @saved_cs_client */;

--
-- Dumping data for table `enemies`
--

LOCK TABLES `enemies` WRITE;
/*!40000 ALTER TABLE `enemies` DISABLE KEYS */;
INSERT INTO `enemies` VALUES (301001,'Werewolf'),(301002,'Warg Wolf'),(301003,'Black Widow'),(301004,'Scorpion'),(301005,'Crawler'),(301006,'Earth Elemental'),(301007,'Red Dragon'),(302001,'Sprinter'),(302002,'Shadow'),(302003,'Goblin Guard'),(302004,'Sasquatch'),(302005,'Snowman'),(302006,'Icicle'),(302007,'Ogre Mage'),(302008,'Helldiver'),(302009,'Goblin Prince'),(302010,'Green Slime'),(302012,'Hornet'),(302013,'Brain'),(302015,'Mine'),(302016,'Werepanther'),(302017,'Wraith'),(302018,'Magician'),(302019,'Sea Dragon'),(302020,'Green Dragon'),(302021,'Ghost'),(302022,'Imp'),(303001,'Eye Fang'),(303002,'Cursed Copper'),(303003,'Blue Wisp'),(303004,'Red Wisp'),(303005,'Dark Eye'),(303006,'Shadow'),(303007,'Lilliputian'),(304001,'Goblin'),(304009,'Zombie'),(304010,'Red Marshmallow'),(304011,'Alligator'),(304012,'Domovoi'),(304016,'Leshy'),(304017,'Sand Worm'),(304018,'Cockatrice'),(304023,'Bloodbones'),(304024,'Gargoyle'),(304025,'Captain'),(304026,'Baron Marine'),(304027,'Sahagin'),(304049,'Yellow Jelly'),(304053,'Flan Princess'),(304058,'Mindflayer'),(304059,'Soldieress'),(304060,'Black Knight'),(304061,'Purple Bavarois'),(304062,'Medusa'),(304063,'Steel Golem'),(304064,'Coeurl'),(304065,'Thunder Dragon'),(304068,'Stone Golem'),(304069,'Mythril Golem'),(304072,'Black Knight'),(304073,'Red Dragon'),(304074,'Dinozombie'),(304075,'Armor Construct'),(304076,'Yellow Dragon'),(305001,'Black Goblin'),(305004,'Mani Wizard'),(305006,'Octokraken'),(305007,'Skeleton'),(305008,'Calcruthl'),(305012,'Gaelicat'),(305014,'Headstone'),(305032,'Crew Dust'),(305033,'Motor Trap'),(305034,'Garchimacera'),(305035,'Wyvern'),(305036,'Gigas'),(305037,'Page 32'),(305038,'Page 64'),(305039,'Page 128'),(305040,'Page 256'),(305044,'Defeater'),(305045,'Poltergeist'),(305046,'Black Goblin'),(305048,'Wyrm'),(305051,'Shield Dragon'),(305053,'Fury'),(305054,'Great Dragon'),(305057,'Bandercoeurl'),(305062,'Duel Knight'),(306001,'Wererat'),(306002,'Bandit'),(306003,'Spritzer'),(306006,'Megalodoth'),(306007,'Silver Lobo'),(306011,'Blackwind'),(306013,'Trillium'),(306016,'Lesser Lopros'),(306020,'Imperial Soldier'),(306022,'Satellite'),(306028,'Cartagra'),(306041,'Outsider'),(306045,'Belmodar'),(306050,'Sprinter'),(306052,'Greater Mantis'),(306073,'Ghost'),(306074,'Hunting Hound'),(306075,'Iron Fist'),(306076,'Goetia'),(306077,'Onion Knight'),(306078,'Destroyer'),(306079,'Chaser'),(306080,'Grenade'),(306081,'Spitfire'),(306082,'Behemoth'),(306083,'Dragon'),(306085,'Humpty'),(306086,'Cruller'),(306087,'Malboro'),(306091,'Proto Armor'),(306094,'Cloud'),(306095,'Angel Whisper'),(306096,'Oversoul'),(306097,'Hill Gigas'),(306098,'Gobbledygook'),(306099,'Veil Dancer'),(306100,'Dragon'),(306101,'Vector Chimera'),(306104,'Gorgimera'),(306105,'Chimera'),(306106,'Shambling Corpse'),(306107,'Joker'),(306108,'Duel Armor'),(306109,'Test Rider'),(306110,'Dante'),(306111,'Heavy Armor'),(306112,'Mugbear'),(306113,'Devil Fist'),(306115,'Litwor Chicken'),(306116,'Harvester'),(306117,'Neck Hunter'),(306118,'Punisher'),(306120,'Fossil Dragon'),(306121,'Platinum Dragon'),(306122,'Borghese'),(306123,'Glasya Labolas'),(306124,'Great Behemoth'),(306126,'Slagworm'),(306127,'Slagworm'),(306128,'Slagworm'),(306129,'Slagworm'),(307001,'MP'),(307004,'Sweeper'),(307007,'Special Combatant'),(307008,'Smogger'),(307009,'Blood Taste'),(307015,'Aero Combatant'),(307016,'Hedgehog Pie'),(307047,'Valron'),(307048,'Custom Sweeper'),(307049,'SOLDIER 3rd Class'),(307050,'Sword Dance'),(308001,'Red Bat'),(308002,'Geezard'),(308003,'Anacondaur'),(308004,'Archaeosaur'),(308005,'Esthar Soldier'),(308006,'Buer'),(308007,'Grat'),(308008,'Esthar Soldier'),(308009,'Gesper'),(308010,'Forbidden'),(308011,'Grand Mantis'),(308012,'Grat'),(308013,'Gesper'),(308014,'Forbidden'),(308015,'Grand Mantis'),(310001,'Green Sinscale'),(310004,'Dingo'),(310005,'Condor'),(310006,'Water Flan'),(310007,'Garuda'),(310008,'Dinonix'),(310009,'Sahagin Chief'),(310010,'White Element'),(310011,'Vouivre'),(310012,'Murussu'),(310013,'Ragora'),(310014,'Behemoth'),(310015,'Nidhogg'),(310016,'Dual Horn'),(310017,'Killer Bee'),(310018,'Thunder Flan'),(313001,'PSICOM Enforcer'),(313002,'Myrmidon'),(313003,'PSICOM Tracker'),(313004,'Wight'),(313005,'Ghast'),(313006,'Crusader'),(313007,'Uhlan'),(313009,'Myrmidon'),(313010,'Ghast'),(313011,'Wight'),(313013,'PSICOM Enforcer'),(401001,'Garland'),(401002,'Astos'),(401003,'Vampire'),(401004,'Lich'),(401005,'Marilith'),(402001,'Sergeant'),(402002,'Adamantoise'),(402003,'Borghen'),(402005,'Captain'),(403001,'Great Tortoise'),(403002,'Griffon'),(403003,'Djinn'),(403004,'Giant Rat'),(404001,'Mist Dragon'),(404002,'Octomammoth'),(404003,'Antlion'),(404004,'Bomb'),(404010,'Baigan'),(404013,'Cagnazzo'),(404018,'Dark Elf'),(404019,'Sandy'),(404020,'Barbariccia'),(404021,'Brina'),(404022,'Shadow Dragon'),(404023,'Barnabas-Z'),(404024,'Lugaeborg'),(404025,'Rubicante'),(404028,'Asura'),(404029,'Leviathan'),(404030,'Dragoon'),(404031,'Rubicante'),(405001,'Wing Raptor'),(405002,'Karlabos'),(405003,'Siren'),(405004,'Forza'),(405005,'Liquid Flame'),(405006,'Shiva'),(405007,'Garula'),(405008,'Cur Nakk'),(405009,'Ifrit'),(405010,'Byblos'),(406001,''),(406003,'Guard Leader'),(406006,'Ipooh'),(406010,'Magitek Armor'),(406012,'Phantom Train'),(406013,'Kefka'),(406014,'Dadaluma'),(406015,'Orthros'),(406016,'Ifrit'),(406020,'Grenade Flame Eater'),(406021,'Orthros'),(406022,'Orthros'),(406023,'Air Force'),(406024,'Ultima Weapon'),(406025,'Nelapa'),(406026,'Black Dragon'),(406027,'Humbaba'),(406028,'Tentacle'),(406029,''),(406030,'Dullahan'),(407001,'Guard Scorpion'),(407002,'Air Buster'),(408001,'Ifrit'),(408002,'Biggs'),(408003,'Elvoret'),(408004,'X-ATM092'),(408005,'Granaldo'),(408006,'Diabolos'),(408007,'Fake President'),(408008,'Sekhret'),(408009,'Iguion'),(408010,'Seifer'),(408011,'Edea'),(408012,'X-ATM092'),(408013,'X-ATM092'),(408014,'X-ATM092'),(408015,'Archaeosaur'),(410001,'Green Sinscale'),(410002,'???'),(410003,'Blue Sinscale'),(410005,'Sinspawn Echuilles'),(410006,'Lord Ochu'),(410007,'Tentacle'),(410008,'Oblitzerator'),(410009,'Chocobo Eater'),(413002,'Dreadnought'),(413003,'Dreadnought'),(413004,'Garuda Interceptor'),(413005,'Nix'),(413006,'Anima'),(413007,'Manasvin Warmech'),(413009,'PSICOM Marauder'),(413010,'Odin'),(413020,'Manasvin Warmech'),(413021,'Beta Behemoth');
/*!40000 ALTER TABLE `enemies` ENABLE KEYS */;
UNLOCK TABLES;

--
-- Table structure for table `equip_usage`
--

DROP TABLE IF EXISTS `equip_usage`;
/*!40101 SET @saved_cs_client     = @@character_set_client */;
/*!40101 SET character_set_client = utf8 */;
CREATE TABLE `equip_usage` (
  `character_id` int(10) unsigned NOT NULL,
  `equip_category` tinyint(4) unsigned NOT NULL,
  PRIMARY KEY (`character_id`,`equip_category`),
  CONSTRAINT `FK_Equip_Character` FOREIGN KEY (`character_id`) REFERENCES `characters` (`id`) ON DELETE NO ACTION ON UPDATE NO ACTION
) ENGINE=InnoDB DEFAULT CHARSET=latin1;
/*!40101 SET character_set_client = @saved_cs_client */;

--
-- Dumping data for table `equip_usage`
--

LOCK TABLES `equip_usage` WRITE;
/*!40000 ALTER TABLE `equip_usage` DISABLE KEYS */;
INSERT INTO `equip_usage` VALUES (10000200,1),(10000200,2),(10000200,3),(10000200,4),(10000200,5),(10000200,6),(10000200,7),(10000200,8),(10000200,9),(10000200,10),(10000200,11),(10000200,12),(10000200,13),(10000200,14),(10000200,30),(10000200,50),(10000200,51),(10000200,52),(10000200,53),(10000200,54),(10000200,55),(10000200,56),(10000300,1),(10000300,2),(10000300,4),(10000300,5),(10000300,50),(10000300,51),(10000300,52),(10000300,53),(10000300,54),(10000300,56),(10000300,80),(10000400,1),(10000400,2),(10000400,4),(10000400,5),(10000400,50),(10000400,51),(10000400,52),(10000400,53),(10000400,54),(10000400,56),(10000400,80),(10000900,1),(10000900,2),(10000900,6),(10000900,8),(10000900,9),(10000900,10),(10000900,51),(10000900,53),(10000900,55),(10000900,56),(10000900,80),(10001100,1),(10001100,8),(10001100,51),(10001100,55),(10001100,56),(10001100,80),(10001400,1),(10001400,9),(10001400,51),(10001400,55),(10001400,56),(10001400,80),(10001700,1),(10001700,8),(10001700,9),(10001700,10),(10001700,51),(10001700,55),(10001700,56),(10001700,80),(10002600,1),(10002600,10),(10002600,51),(10002600,53),(10002600,56),(10002600,80),(10002800,1),(10002800,11),(10002800,51),(10002800,53),(10002800,55),(10002800,56),(10002800,80),(10100100,1),(10100100,2),(10100100,4),(10100100,5),(10100100,50),(10100100,51),(10100100,52),(10100100,53),(10100100,54),(10100100,56),(10100100,80),(10200600,1),(10200600,2),(10200600,6),(10200600,9),(10200600,10),(10200600,50),(10200600,51),(10200600,53),(10200600,56),(10200900,1),(10200900,4),(10200900,5),(10200900,7),(10200900,50),(10200900,51),(10200900,53),(10200900,55),(10200900,56),(10300100,1),(10300100,2),(10300100,4),(10300100,5),(10300100,50),(10300100,51),(10300100,52),(10300100,53),(10300100,54),(10300100,56),(10400100,1),(10400100,2),(10400100,50),(10400100,51),(10400100,52),(10400100,53),(10400100,56),(10400200,1),(10400200,2),(10400200,5),(10400200,50),(10400200,51),(10400200,52),(10400200,53),(10400200,54),(10400200,56),(10400300,1),(10400300,4),(10400300,6),(10400300,50),(10400300,51),(10400300,52),(10400300,53),(10400300,54),(10400300,56),(10400400,1),(10400400,8),(10400400,12),(10400400,51),(10400400,55),(10400400,56),(10500200,1),(10500200,8),(10500200,9),(10500200,10),(10500200,51),(10500200,55),(10500200,56),(10600100,1),(10600100,2),(10600100,8),(10600100,50),(10600100,51),(10600100,52),(10600100,53),(10600100,54),(10600100,55),(10600100,56),(10600400,1),(10600400,2),(10600400,50),(10600400,51),(10600400,52),(10600400,53),(10600400,54),(10600400,55),(10600400,56),(10600900,1),(10600900,3),(10600900,50),(10600900,51),(10600900,52),(10600900,53),(10600900,55),(10600900,56),(10700100,1),(10700100,2),(10700100,3),(10700100,50),(10700100,51),(10700100,52),(10700100,53),(10700100,54),(10700100,56),(10700300,1),(10700300,7),(10700300,51),(10700300,53),(10700300,55),(10700300,56),(10700400,1),(10700400,8),(10700400,9),(10700400,51),(10700400,55),(10700400,56),(10701000,1),(10701000,3),(10701000,6),(10701000,50),(10701000,51),(10701000,52),(10701000,53),(10701000,54),(10701000,56),(10800200,1),(10800200,8),(10800200,13),(10800200,51),(10800200,53),(10800200,55),(10800200,56),(11000100,1),(11000100,2),(11000100,50),(11000100,51),(11000100,52),(11000100,53),(11000100,54),(11000100,56),(11000300,1),(11000300,10),(11000300,13),(11000300,30),(11000300,50),(11000300,51),(11000300,52),(11000300,53),(11000300,54),(11000300,56),(11300200,1),(11300200,7),(11300200,51),(11300200,53),(11300200,55),(11300200,56),(11300300,1),(11300300,8),(11300300,9),(11300300,50),(11300300,51),(11300300,55),(11300300,56);
/*!40000 ALTER TABLE `equip_usage` ENABLE KEYS */;
UNLOCK TABLES;

--
-- Table structure for table `equipment_stats`
--

DROP TABLE IF EXISTS `equipment_stats`;
/*!40101 SET @saved_cs_client     = @@character_set_client */;
/*!40101 SET character_set_client = utf8 */;
CREATE TABLE `equipment_stats` (
  `equipment_id` int(10) unsigned NOT NULL,
  `base_atk` smallint(6) DEFAULT NULL,
  `base_mag` smallint(6) DEFAULT NULL,
  `base_acc` smallint(6) DEFAULT NULL,
  `base_def` smallint(6) DEFAULT NULL,
  `base_res` smallint(6) DEFAULT NULL,
  `base_eva` smallint(6) DEFAULT NULL,
  `base_mnd` smallint(6) DEFAULT NULL,
  `max_atk` smallint(6) DEFAULT NULL,
  `max_mag` smallint(6) DEFAULT NULL,
  `max_acc` smallint(6) DEFAULT NULL,
  `max_def` smallint(6) DEFAULT NULL,
  `max_res` smallint(6) DEFAULT NULL,
  `max_eva` smallint(6) DEFAULT NULL,
  `max_mnd` smallint(6) DEFAULT NULL,
  PRIMARY KEY (`equipment_id`),
  UNIQUE KEY `equipment_id_UNIQUE` (`equipment_id`),
  CONSTRAINT `FK_equipment_stat_id` FOREIGN KEY (`equipment_id`) REFERENCES `items` (`id`) ON DELETE NO ACTION ON UPDATE NO ACTION
) ENGINE=InnoDB DEFAULT CHARSET=latin1;
/*!40101 SET character_set_client = @saved_cs_client */;

--
-- Dumping data for table `equipment_stats`
--

LOCK TABLES `equipment_stats` WRITE;
/*!40000 ALTER TABLE `equipment_stats` DISABLE KEYS */;
INSERT INTO `equipment_stats` VALUES (21001001,4,NULL,83,NULL,NULL,NULL,NULL,19,NULL,83,NULL,NULL,NULL,NULL),(21001002,11,NULL,86,NULL,NULL,NULL,NULL,33,NULL,86,NULL,NULL,NULL,NULL),(21001003,4,NULL,83,NULL,NULL,NULL,NULL,20,NULL,83,NULL,NULL,NULL,NULL),(21001004,5,NULL,83,NULL,NULL,NULL,NULL,21,NULL,83,NULL,NULL,NULL,NULL),(21001005,11,NULL,86,NULL,NULL,2,NULL,31,NULL,86,NULL,NULL,2,NULL),(21001006,11,NULL,86,NULL,NULL,NULL,NULL,32,NULL,86,NULL,NULL,NULL,NULL),(21001007,37,NULL,92,NULL,NULL,NULL,NULL,71,NULL,92,NULL,NULL,NULL,NULL),(21001008,11,NULL,86,NULL,NULL,NULL,NULL,33,NULL,86,NULL,NULL,NULL,NULL),(21001009,19,NULL,89,NULL,NULL,NULL,NULL,46,NULL,89,NULL,NULL,NULL,NULL),(21001010,18,3,83,NULL,NULL,3,NULL,44,3,89,NULL,NULL,3,NULL),(21001011,19,NULL,89,NULL,NULL,NULL,NULL,45,NULL,89,NULL,NULL,NULL,NULL),(21001012,20,NULL,89,NULL,NULL,NULL,NULL,48,NULL,89,NULL,NULL,NULL,NULL),(21001013,18,NULL,89,NULL,NULL,4,NULL,44,NULL,89,NULL,NULL,4,NULL),(21001014,19,NULL,89,NULL,NULL,NULL,NULL,45,NULL,89,NULL,NULL,NULL,NULL),(21001015,18,NULL,89,NULL,NULL,NULL,NULL,44,NULL,89,NULL,NULL,NULL,NULL),(21001016,37,NULL,92,NULL,NULL,NULL,NULL,71,NULL,92,NULL,NULL,NULL,NULL),(21001017,38,NULL,92,NULL,NULL,NULL,NULL,72,NULL,92,NULL,NULL,NULL,NULL),(21001019,38,NULL,92,NULL,NULL,5,NULL,72,NULL,92,NULL,NULL,5,NULL),(21001020,37,NULL,92,NULL,NULL,5,NULL,71,NULL,92,NULL,NULL,5,NULL),(21001021,69,NULL,89,NULL,NULL,NULL,NULL,113,NULL,95,NULL,NULL,NULL,NULL),(21001029,39,4,89,NULL,NULL,2,NULL,73,4,89,NULL,NULL,2,NULL),(21002001,4,NULL,83,NULL,NULL,NULL,NULL,20,NULL,83,NULL,NULL,NULL,NULL),(21002002,12,NULL,86,NULL,NULL,NULL,NULL,35,NULL,86,NULL,NULL,NULL,NULL),(21002003,5,NULL,83,NULL,NULL,NULL,NULL,23,NULL,83,NULL,NULL,NULL,NULL),(21002004,12,NULL,86,NULL,NULL,NULL,NULL,36,NULL,86,NULL,NULL,NULL,NULL),(21002005,12,NULL,86,NULL,NULL,NULL,NULL,36,NULL,86,NULL,NULL,NULL,NULL),(21002006,13,NULL,86,NULL,NULL,NULL,NULL,37,NULL,86,NULL,NULL,NULL,NULL),(21002007,14,NULL,86,NULL,NULL,NULL,NULL,40,NULL,86,NULL,NULL,NULL,NULL),(21002008,20,3,89,NULL,NULL,NULL,NULL,48,3,89,NULL,NULL,NULL,NULL),(21002009,19,5,89,NULL,NULL,NULL,NULL,47,5,89,NULL,NULL,NULL,NULL),(21002010,22,NULL,89,NULL,NULL,NULL,NULL,48,NULL,89,NULL,NULL,NULL,NULL),(21002011,12,NULL,86,NULL,NULL,NULL,NULL,36,NULL,86,NULL,NULL,NULL,NULL),(21002012,21,NULL,89,NULL,NULL,NULL,NULL,51,NULL,89,NULL,NULL,NULL,NULL),(21002013,19,3,89,NULL,NULL,NULL,NULL,48,3,89,NULL,NULL,NULL,NULL),(21002015,22,NULL,89,NULL,NULL,NULL,NULL,52,NULL,89,NULL,NULL,NULL,NULL),(21002016,23,NULL,89,NULL,NULL,NULL,NULL,54,NULL,89,NULL,NULL,NULL,NULL),(21002018,18,NULL,89,NULL,NULL,NULL,NULL,46,NULL,89,NULL,NULL,NULL,NULL),(21002019,20,3,89,NULL,NULL,NULL,NULL,48,3,89,NULL,NULL,NULL,NULL),(21002020,21,NULL,89,NULL,NULL,NULL,NULL,50,NULL,89,NULL,NULL,NULL,NULL),(21002021,18,NULL,89,NULL,NULL,NULL,NULL,46,NULL,89,NULL,NULL,NULL,NULL),(21002022,42,NULL,92,NULL,NULL,NULL,NULL,81,NULL,92,NULL,NULL,NULL,NULL),(21002023,76,NULL,95,NULL,NULL,NULL,NULL,126,NULL,95,NULL,NULL,NULL,NULL),(21002026,77,NULL,95,2,NULL,NULL,NULL,128,NULL,95,2,NULL,NULL,NULL),(21002029,76,NULL,95,NULL,NULL,NULL,NULL,125,NULL,95,NULL,NULL,NULL,NULL),(21002030,42,NULL,92,NULL,NULL,NULL,NULL,80,NULL,92,NULL,NULL,NULL,NULL),(21002031,20,NULL,89,NULL,NULL,NULL,NULL,48,NULL,89,NULL,NULL,NULL,NULL),(21002033,71,NULL,95,NULL,NULL,NULL,NULL,120,NULL,95,NULL,NULL,NULL,NULL),(21002039,55,77,95,NULL,NULL,NULL,NULL,95,127,95,NULL,NULL,NULL,NULL),(21002043,12,NULL,86,NULL,NULL,NULL,NULL,36,NULL,86,NULL,NULL,NULL,NULL),(21003001,11,NULL,86,NULL,NULL,NULL,NULL,33,NULL,86,NULL,NULL,NULL,NULL),(21003005,80,NULL,95,NULL,NULL,NULL,NULL,132,NULL,95,NULL,NULL,NULL,NULL),(21003007,76,NULL,95,NULL,NULL,NULL,NULL,129,NULL,95,NULL,NULL,NULL,NULL),(21003022,29,77,95,NULL,NULL,NULL,46,59,128,95,NULL,NULL,NULL,71),(21004001,6,NULL,83,NULL,NULL,NULL,NULL,27,NULL,83,NULL,NULL,NULL,NULL),(21004002,4,NULL,83,NULL,NULL,NULL,NULL,23,NULL,83,NULL,NULL,NULL,NULL),(21004003,5,NULL,83,NULL,NULL,NULL,NULL,20,NULL,83,NULL,NULL,NULL,NULL),(21004004,13,NULL,86,NULL,NULL,NULL,NULL,38,NULL,86,NULL,NULL,NULL,NULL),(21004005,14,NULL,86,NULL,NULL,NULL,NULL,40,NULL,86,NULL,NULL,NULL,NULL),(21004006,24,NULL,89,NULL,NULL,NULL,NULL,57,NULL,89,NULL,NULL,NULL,NULL),(21004007,46,3,92,NULL,NULL,NULL,NULL,87,3,92,NULL,NULL,NULL,NULL),(21004008,23,NULL,89,NULL,NULL,NULL,NULL,54,NULL,89,NULL,NULL,NULL,NULL),(21004009,47,NULL,92,NULL,NULL,NULL,NULL,90,NULL,92,NULL,NULL,NULL,NULL),(21004011,46,NULL,92,NULL,NULL,NULL,NULL,87,NULL,92,NULL,NULL,NULL,NULL),(21005001,4,NULL,83,NULL,NULL,NULL,NULL,21,NULL,83,NULL,NULL,NULL,NULL),(21005002,12,NULL,86,NULL,NULL,NULL,NULL,36,NULL,86,NULL,NULL,NULL,NULL),(21005003,12,NULL,86,NULL,NULL,NULL,NULL,36,NULL,86,NULL,NULL,NULL,NULL),(21005004,21,NULL,89,NULL,NULL,NULL,NULL,50,NULL,89,NULL,NULL,NULL,NULL),(21005005,41,NULL,92,NULL,NULL,NULL,NULL,79,NULL,92,NULL,NULL,NULL,NULL),(21006001,4,NULL,83,NULL,NULL,NULL,NULL,21,NULL,83,NULL,NULL,NULL,NULL),(21006002,5,NULL,83,NULL,NULL,NULL,NULL,22,NULL,83,NULL,NULL,NULL,NULL),(21006003,14,NULL,86,NULL,NULL,NULL,NULL,36,NULL,86,NULL,NULL,NULL,NULL),(21006004,12,NULL,86,NULL,NULL,NULL,NULL,35,NULL,86,NULL,NULL,NULL,NULL),(21006005,12,NULL,86,NULL,NULL,NULL,NULL,36,NULL,86,NULL,NULL,NULL,NULL),(21006006,21,NULL,89,NULL,NULL,NULL,NULL,50,NULL,89,NULL,NULL,NULL,NULL),(21006007,20,NULL,89,NULL,NULL,NULL,NULL,47,NULL,89,NULL,NULL,NULL,NULL),(21006008,23,NULL,89,NULL,NULL,NULL,NULL,54,NULL,89,NULL,NULL,NULL,NULL),(21006009,21,NULL,89,NULL,NULL,NULL,NULL,51,NULL,89,NULL,NULL,NULL,NULL),(21006010,41,NULL,92,NULL,NULL,NULL,NULL,79,NULL,92,NULL,NULL,NULL,NULL),(21006011,79,NULL,95,NULL,NULL,NULL,NULL,128,NULL,95,NULL,NULL,NULL,NULL),(21006012,73,NULL,95,NULL,NULL,NULL,NULL,123,NULL,95,NULL,NULL,NULL,NULL),(21007001,4,NULL,83,NULL,NULL,NULL,NULL,19,NULL,83,NULL,NULL,NULL,NULL),(21007002,4,NULL,83,NULL,NULL,NULL,NULL,20,NULL,83,NULL,NULL,NULL,NULL),(21007003,11,NULL,86,NULL,NULL,NULL,NULL,31,NULL,86,NULL,NULL,NULL,NULL),(21007004,11,NULL,86,NULL,NULL,NULL,NULL,33,NULL,86,NULL,NULL,NULL,NULL),(21007005,4,NULL,83,NULL,NULL,NULL,NULL,20,NULL,83,NULL,NULL,NULL,NULL),(21007006,11,NULL,86,NULL,NULL,NULL,NULL,32,NULL,86,NULL,NULL,NULL,NULL),(21007007,19,NULL,89,NULL,NULL,NULL,NULL,46,NULL,89,NULL,NULL,NULL,NULL),(21007008,21,NULL,89,NULL,NULL,NULL,NULL,49,NULL,89,NULL,NULL,NULL,NULL),(21007009,20,NULL,89,NULL,NULL,NULL,NULL,48,NULL,89,NULL,NULL,NULL,NULL),(21007010,19,NULL,89,NULL,NULL,NULL,NULL,45,NULL,89,NULL,NULL,NULL,NULL),(21007013,71,NULL,95,NULL,NULL,NULL,NULL,115,NULL,95,NULL,NULL,NULL,NULL),(21007015,39,NULL,92,NULL,NULL,NULL,NULL,74,NULL,92,NULL,NULL,NULL,NULL),(21007018,66,NULL,95,NULL,NULL,NULL,NULL,110,NULL,95,NULL,NULL,NULL,NULL),(21008001,4,12,86,NULL,NULL,NULL,6,11,35,86,NULL,NULL,NULL,18),(21008002,2,4,83,NULL,NULL,NULL,2,7,21,83,NULL,NULL,NULL,11),(21008003,4,13,86,NULL,NULL,NULL,6,11,36,86,NULL,NULL,NULL,18),(21008004,4,13,86,NULL,NULL,NULL,7,12,39,86,NULL,NULL,NULL,20),(21008005,6,19,89,NULL,NULL,NULL,10,15,48,89,NULL,NULL,NULL,24),(21008006,6,19,89,NULL,NULL,NULL,10,15,48,89,NULL,NULL,NULL,24),(21008007,7,21,89,NULL,NULL,NULL,11,16,51,89,NULL,NULL,NULL,26),(21008008,7,21,89,NULL,NULL,NULL,11,16,51,89,NULL,NULL,NULL,26),(21008009,6,19,89,NULL,NULL,NULL,10,15,47,89,NULL,NULL,NULL,24),(21008010,10,20,89,NULL,NULL,NULL,11,20,50,89,NULL,NULL,NULL,26),(21008011,7,23,89,NULL,NULL,NULL,12,17,54,89,NULL,NULL,NULL,27),(21008012,23,76,95,NULL,NULL,NULL,50,38,125,95,NULL,NULL,NULL,75),(21008013,13,41,92,NULL,NULL,NULL,21,24,79,92,NULL,NULL,NULL,40),(21008014,13,42,92,NULL,NULL,NULL,21,24,80,92,NULL,NULL,NULL,40),(21008017,6,19,89,NULL,NULL,NULL,10,15,48,89,NULL,NULL,NULL,24),(21008018,13,42,92,NULL,NULL,NULL,21,25,81,92,NULL,NULL,NULL,41),(21008019,2,4,83,NULL,NULL,NULL,2,7,22,83,NULL,NULL,NULL,11),(21008020,7,21,89,NULL,NULL,NULL,11,15,50,89,NULL,NULL,NULL,25),(21009001,2,2,83,NULL,NULL,NULL,4,7,11,83,NULL,NULL,NULL,22),(21009002,2,3,83,NULL,NULL,NULL,5,7,12,83,NULL,NULL,NULL,24),(21009003,2,2,83,NULL,NULL,NULL,4,7,11,83,NULL,NULL,NULL,21),(21009004,4,6,86,NULL,NULL,NULL,12,11,18,86,NULL,NULL,NULL,35),(21009005,4,6,86,NULL,NULL,NULL,12,11,18,86,NULL,NULL,NULL,36),(21009006,4,7,86,NULL,NULL,NULL,13,12,19,86,NULL,NULL,NULL,37),(21009007,10,11,89,NULL,NULL,NULL,20,18,25,89,NULL,NULL,NULL,49),(21009008,7,11,89,NULL,NULL,NULL,21,15,25,89,NULL,NULL,NULL,50),(21009009,7,11,89,NULL,NULL,NULL,22,16,26,89,NULL,NULL,NULL,52),(21009010,7,12,89,NULL,NULL,NULL,23,17,27,89,NULL,NULL,NULL,54),(21009011,6,10,89,NULL,NULL,NULL,20,15,24,89,NULL,NULL,NULL,48),(21009012,6,10,89,NULL,NULL,NULL,20,15,24,89,NULL,NULL,NULL,48),(21009013,6,10,89,NULL,NULL,NULL,20,15,24,89,NULL,NULL,NULL,48),(21009015,7,11,89,NULL,NULL,NULL,NULL,15,25,89,NULL,NULL,NULL,50),(21009016,7,14,89,NULL,NULL,NULL,22,16,30,89,NULL,NULL,NULL,53),(21009017,13,21,92,NULL,NULL,NULL,41,24,40,92,NULL,NULL,NULL,79),(21009018,13,21,92,NULL,NULL,NULL,42,24,40,92,NULL,NULL,NULL,80),(21009019,23,38,95,NULL,NULL,NULL,76,38,63,95,NULL,NULL,NULL,126),(21009020,8,6,86,NULL,NULL,NULL,12,14,18,86,NULL,NULL,NULL,36),(21009021,10,11,89,NULL,NULL,NULL,22,19,27,89,NULL,NULL,NULL,53),(21010001,4,2,83,NULL,NULL,NULL,2,21,8,83,NULL,NULL,NULL,8),(21010002,3,2,83,NULL,NULL,NULL,2,17,7,83,NULL,NULL,NULL,7),(21010003,4,2,83,NULL,NULL,NULL,2,18,7,83,NULL,NULL,NULL,7),(21010004,10,5,86,NULL,NULL,NULL,4,28,11,86,NULL,NULL,NULL,11),(21010005,10,5,86,NULL,NULL,NULL,4,28,11,86,NULL,NULL,NULL,11),(21010006,10,5,86,NULL,NULL,NULL,4,28,11,86,NULL,NULL,NULL,11),(21010007,16,NULL,89,NULL,NULL,NULL,6,39,15,89,NULL,NULL,NULL,15),(21010008,17,7,89,NULL,NULL,NULL,7,41,16,89,NULL,NULL,NULL,16),(21010009,18,7,89,NULL,NULL,NULL,7,43,16,89,NULL,NULL,NULL,16),(21010010,33,13,92,NULL,NULL,NULL,13,63,24,92,NULL,NULL,NULL,24),(21010011,34,13,92,NULL,NULL,NULL,13,65,25,92,NULL,NULL,NULL,25),(21010012,10,4,86,NULL,NULL,NULL,4,29,11,86,NULL,NULL,NULL,11),(21011001,13,9,89,NULL,NULL,NULL,9,30,20,89,NULL,NULL,NULL,20),(21011002,26,17,92,NULL,NULL,NULL,17,49,33,92,NULL,NULL,NULL,33),(21012001,7,11,86,NULL,NULL,NULL,NULL,21,32,86,NULL,NULL,NULL,NULL),(21012002,13,19,89,NULL,NULL,NULL,NULL,30,45,89,NULL,NULL,NULL,NULL),(21012003,46,77,95,NULL,NULL,NULL,NULL,75,129,95,NULL,NULL,NULL,NULL),(21013001,33,NULL,92,NULL,NULL,NULL,NULL,64,NULL,92,NULL,NULL,NULL,NULL),(21013002,3,NULL,83,NULL,NULL,NULL,NULL,17,NULL,83,NULL,NULL,NULL,NULL),(21013003,10,NULL,86,NULL,NULL,NULL,NULL,28,NULL,86,NULL,NULL,NULL,NULL),(21013004,17,NULL,89,NULL,NULL,NULL,NULL,40,NULL,89,NULL,NULL,NULL,NULL),(21014001,57,57,95,NULL,NULL,NULL,57,87,108,95,NULL,NULL,NULL,118),(21030001,65,NULL,95,NULL,NULL,NULL,NULL,110,NULL,95,NULL,NULL,NULL,NULL),(22050001,NULL,NULL,NULL,3,2,96,NULL,NULL,NULL,NULL,17,11,96,NULL),(22050002,NULL,NULL,NULL,4,2,96,NULL,NULL,NULL,NULL,18,12,96,NULL),(22050003,NULL,NULL,NULL,4,3,96,NULL,NULL,NULL,NULL,20,13,96,NULL),(22050004,NULL,NULL,NULL,4,2,96,NULL,NULL,NULL,NULL,18,12,96,NULL),(22050005,NULL,NULL,NULL,10,6,99,NULL,NULL,NULL,NULL,28,18,99,NULL),(22050006,NULL,NULL,NULL,10,6,99,NULL,NULL,NULL,NULL,29,18,99,NULL),(22050007,NULL,NULL,NULL,17,11,102,NULL,NULL,NULL,NULL,41,26,102,NULL),(22050008,NULL,NULL,NULL,18,12,102,NULL,NULL,NULL,NULL,44,27,102,NULL),(22050009,NULL,NULL,NULL,16,13,102,NULL,NULL,NULL,NULL,40,29,102,NULL),(22050010,NULL,NULL,NULL,16,10,102,NULL,NULL,NULL,NULL,39,24,102,NULL),(22050011,NULL,NULL,NULL,16,10,102,NULL,NULL,NULL,NULL,39,24,102,NULL),(22050012,NULL,NULL,NULL,13,15,102,NULL,NULL,NULL,NULL,36,36,102,NULL),(22050013,NULL,NULL,NULL,34,21,105,NULL,NULL,NULL,NULL,64,40,105,NULL),(22050014,NULL,NULL,NULL,62,39,108,NULL,NULL,NULL,NULL,102,64,108,NULL),(22050015,NULL,NULL,NULL,63,40,108,15,NULL,NULL,NULL,103,65,108,15),(22050016,NULL,NULL,NULL,10,6,99,NULL,NULL,NULL,NULL,29,18,99,NULL),(22051001,NULL,1,NULL,3,5,93,1,NULL,5,NULL,12,24,93,5),(22051002,2,1,NULL,2,4,93,1,2,5,NULL,11,21,93,5),(22051003,NULL,1,NULL,2,4,93,1,NULL,5,NULL,2,23,93,5),(22051004,NULL,1,NULL,2,5,93,1,NULL,5,NULL,11,22,93,1),(22051006,NULL,7,NULL,12,22,99,5,NULL,15,NULL,26,51,99,11),(22051007,NULL,6,NULL,11,21,99,5,NULL,12,NULL,26,52,99,11),(22051008,NULL,5,NULL,13,21,99,5,NULL,11,NULL,26,51,99,11),(22051009,3,5,NULL,12,23,99,5,3,11,NULL,28,54,99,11),(22051010,NULL,9,NULL,21,41,102,9,NULL,16,NULL,40,79,102,16),(22051011,3,9,NULL,21,42,102,9,3,16,NULL,42,80,102,16),(22051013,NULL,5,NULL,2,4,93,3,NULL,8,NULL,11,22,93,9),(22051014,NULL,3,NULL,7,13,96,3,NULL,8,NULL,20,39,96,8),(22051015,NULL,5,NULL,12,23,99,5,NULL,11,NULL,27,54,99,11),(22051016,NULL,3,NULL,6,12,96,6,NULL,8,NULL,18,36,96,12),(22051017,NULL,3,NULL,7,13,96,3,NULL,8,NULL,19,37,96,8),(22051018,NULL,9,NULL,19,40,102,9,NULL,17,NULL,39,79,102,17),(22052001,1,NULL,NULL,4,4,NULL,93,3,NULL,NULL,20,18,NULL,93),(22052002,1,NULL,NULL,3,3,NULL,93,3,NULL,NULL,19,17,NULL,93),(22052003,2,NULL,NULL,11,10,96,NULL,4,NULL,NULL,31,28,96,NULL),(22052004,2,NULL,NULL,11,10,96,NULL,4,NULL,NULL,32,29,96,NULL),(22052005,2,NULL,NULL,11,11,96,NULL,4,NULL,NULL,28,28,96,NULL),(22052006,4,NULL,NULL,14,10,96,NULL,7,NULL,NULL,33,29,96,NULL),(22052007,2,NULL,NULL,11,10,96,NULL,4,NULL,NULL,32,29,96,NULL),(22052008,3,NULL,NULL,20,18,99,NULL,6,NULL,NULL,48,43,99,NULL),(22052009,3,NULL,NULL,19,17,99,NULL,6,NULL,NULL,46,41,99,NULL),(22052010,2,NULL,NULL,18,16,99,NULL,5,NULL,NULL,38,39,99,NULL),(22052011,3,NULL,NULL,19,17,99,NULL,6,NULL,NULL,46,41,99,NULL),(22052012,3,NULL,NULL,21,19,99,NULL,6,NULL,NULL,51,45,99,NULL),(22052013,8,NULL,NULL,69,62,105,NULL,13,NULL,NULL,114,102,105,NULL),(22052014,5,NULL,NULL,37,33,102,NULL,8,NULL,NULL,71,63,102,NULL),(22052015,9,3,NULL,39,35,102,NULL,19,3,NULL,76,67,102,NULL),(22052017,5,NULL,NULL,36,32,102,NULL,9,NULL,NULL,71,63,102,NULL),(22053001,NULL,NULL,NULL,4,3,NULL,93,NULL,NULL,NULL,21,21,NULL,93),(22053002,NULL,NULL,NULL,3,4,NULL,93,NULL,NULL,NULL,19,18,NULL,93),(22053003,NULL,NULL,NULL,4,3,NULL,93,NULL,NULL,NULL,20,19,NULL,93),(22053005,NULL,NULL,NULL,14,10,96,NULL,NULL,NULL,NULL,32,31,96,NULL),(22053006,NULL,NULL,NULL,12,11,96,NULL,NULL,NULL,NULL,35,33,96,NULL),(22053007,3,NULL,NULL,12,12,96,NULL,3,NULL,NULL,35,35,96,NULL),(22053008,5,NULL,NULL,9,11,96,NULL,5,NULL,NULL,30,31,96,NULL),(22053009,NULL,NULL,NULL,19,19,109,NULL,NULL,NULL,NULL,45,45,109,NULL),(22053010,5,NULL,NULL,20,20,99,NULL,5,NULL,NULL,47,47,99,NULL),(22053013,NULL,NULL,NULL,20,20,99,NULL,NULL,NULL,NULL,48,48,99,NULL),(22053014,NULL,NULL,NULL,38,38,112,NULL,NULL,NULL,NULL,72,72,112,NULL),(22053015,5,NULL,NULL,39,39,102,NULL,5,NULL,NULL,76,76,102,NULL),(22053019,NULL,NULL,NULL,68,71,100,NULL,NULL,NULL,NULL,114,117,100,NULL),(22054001,NULL,NULL,NULL,6,3,NULL,93,NULL,NULL,NULL,28,12,NULL,93),(22054002,NULL,NULL,NULL,5,2,NULL,93,NULL,NULL,NULL,25,11,NULL,93),(22054003,NULL,NULL,NULL,5,2,NULL,93,NULL,NULL,NULL,26,11,NULL,93),(22054004,NULL,NULL,NULL,15,6,96,NULL,NULL,NULL,NULL,44,18,96,NULL),(22054005,NULL,NULL,NULL,13,6,96,NULL,NULL,NULL,NULL,42,18,96,NULL),(22054007,NULL,NULL,NULL,15,6,96,NULL,NULL,NULL,NULL,43,18,96,NULL),(22054008,NULL,NULL,NULL,25,11,99,NULL,NULL,NULL,NULL,61,26,99,NULL),(22054009,NULL,NULL,NULL,25,11,99,NULL,NULL,NULL,NULL,59,25,99,NULL),(22054010,NULL,NULL,NULL,27,11,99,NULL,NULL,NULL,NULL,63,26,99,NULL),(22054012,NULL,NULL,NULL,24,10,99,NULL,NULL,NULL,NULL,58,24,99,NULL),(22054013,NULL,NULL,NULL,24,10,99,NULL,NULL,NULL,NULL,58,24,99,NULL),(22054014,NULL,NULL,NULL,52,22,102,NULL,NULL,NULL,NULL,101,42,102,NULL),(22054015,NULL,NULL,NULL,92,39,105,NULL,NULL,NULL,NULL,137,64,105,NULL),(22054016,NULL,NULL,NULL,50,21,102,NULL,NULL,NULL,NULL,96,40,102,NULL),(22054017,NULL,NULL,NULL,24,10,99,NULL,NULL,NULL,NULL,58,24,99,NULL),(22054018,NULL,NULL,NULL,25,11,99,NULL,NULL,NULL,NULL,59,25,99,NULL),(22054022,NULL,NULL,NULL,15,6,96,NULL,NULL,NULL,NULL,44,18,96,NULL),(22055001,NULL,NULL,NULL,4,6,NULL,NULL,NULL,NULL,NULL,17,29,NULL,NULL),(22055002,NULL,NULL,NULL,3,5,NULL,NULL,NULL,NULL,NULL,15,25,NULL,NULL),(22055003,NULL,NULL,NULL,3,5,NULL,NULL,NULL,NULL,NULL,16,27,NULL,NULL),(22055004,NULL,NULL,NULL,8,14,96,NULL,NULL,NULL,NULL,25,42,96,NULL),(22055005,NULL,2,NULL,9,15,96,NULL,NULL,2,NULL,25,43,96,NULL),(22055006,NULL,3,NULL,9,15,96,NULL,NULL,3,NULL,25,43,96,NULL),(22055007,NULL,4,NULL,15,25,99,NULL,NULL,4,NULL,35,60,99,NULL),(22055008,NULL,NULL,NULL,15,26,99,NULL,NULL,NULL,NULL,37,63,99,NULL),(22055009,NULL,NULL,NULL,16,27,99,NULL,NULL,NULL,NULL,38,65,99,NULL),(22055011,NULL,NULL,NULL,16,27,99,4,NULL,NULL,NULL,38,65,99,4),(22055012,NULL,5,NULL,30,50,102,NULL,NULL,5,NULL,56,96,102,NULL),(22055013,NULL,NULL,NULL,30,59,102,5,NULL,NULL,NULL,56,96,102,5),(22055014,NULL,NULL,NULL,54,92,105,NULL,NULL,NULL,NULL,89,137,105,NULL),(22055015,NULL,NULL,NULL,28,49,102,NULL,NULL,NULL,NULL,55,96,102,NULL),(22056001,1,1,NULL,2,3,93,1,5,5,NULL,11,15,93,5),(22056002,1,1,NULL,2,3,93,1,5,5,NULL,11,15,93,5),(22056003,3,3,NULL,6,9,96,3,8,8,NULL,18,25,96,8),(22056004,3,3,NULL,6,9,96,3,8,8,NULL,18,26,96,8),(22056005,4,4,NULL,10,14,99,4,10,10,NULL,24,34,99,10),(22056006,5,5,NULL,11,15,99,5,10,10,NULL,25,35,99,10),(22056007,9,9,NULL,19,27,102,9,16,16,NULL,42,56,102,16),(22056008,5,7,NULL,11,13,99,5,10,13,NULL,25,30,99,10),(23080001,NULL,NULL,NULL,NULL,NULL,NULL,NULL,NULL,NULL,NULL,NULL,NULL,NULL,NULL),(23080002,NULL,NULL,NULL,NULL,NULL,NULL,NULL,NULL,NULL,NULL,NULL,NULL,NULL,NULL),(23080003,NULL,NULL,NULL,NULL,NULL,NULL,NULL,NULL,NULL,NULL,NULL,NULL,NULL,NULL),(23080009,NULL,NULL,NULL,NULL,NULL,NULL,NULL,NULL,NULL,NULL,NULL,NULL,NULL,NULL),(23080010,NULL,NULL,NULL,NULL,NULL,NULL,NULL,NULL,NULL,NULL,NULL,NULL,NULL,NULL),(23080011,NULL,NULL,NULL,NULL,NULL,NULL,NULL,NULL,NULL,NULL,NULL,NULL,NULL,NULL),(23080012,NULL,NULL,NULL,NULL,NULL,NULL,NULL,NULL,NULL,NULL,NULL,NULL,NULL,NULL),(23080016,NULL,NULL,NULL,NULL,NULL,NULL,NULL,NULL,NULL,NULL,NULL,NULL,NULL,NULL),(23080017,NULL,NULL,NULL,NULL,NULL,NULL,NULL,NULL,NULL,NULL,NULL,NULL,NULL,NULL),(23080018,11,NULL,86,NULL,NULL,NULL,NULL,11,NULL,86,NULL,NULL,NULL,NULL),(23080019,NULL,NULL,NULL,NULL,NULL,NULL,NULL,NULL,NULL,NULL,NULL,NULL,NULL,NULL),(23080020,NULL,NULL,NULL,NULL,NULL,NULL,NULL,NULL,NULL,NULL,NULL,NULL,NULL,NULL);
/*!40000 ALTER TABLE `equipment_stats` ENABLE KEYS */;
UNLOCK TABLES;

--
-- Table structure for table `items`
--

DROP TABLE IF EXISTS `items`;
/*!40101 SET @saved_cs_client     = @@character_set_client */;
/*!40101 SET character_set_client = utf8 */;
CREATE TABLE `items` (
  `id` int(10) unsigned NOT NULL,
  `name` varchar(45) NOT NULL,
  `rarity` tinyint(3) unsigned NOT NULL,
  `series` int(10) unsigned DEFAULT NULL,
  `type` tinyint(3) unsigned NOT NULL COMMENT 'equipment,item,orb',
  `subtype` tinyint(4) unsigned DEFAULT NULL COMMENT 'type: 1 (equipment), 2 (item), 3 (orb)\ntype 1, subtype:\n1 Dagger\n2 Sword\n3 Spear\n4 Bow\n5 Ball\n6 Axe\n7 Thrown\n8 Katana\n9 Book\n10 Whip\n11 Fist\n12 Staff\n13 Rod\n14 Shield\n15 Helm\n16 Hat\n17 Robe\n18 Light Armor\n19 Armor\n20 Bracer\n21 Accessory\n22 Instrument\n23 Hammer\n\ntype 3, subtype\n1 power\n2 white\n3 black\n4 non-elem\n5 fire\n6 ice\n7 lightning\n8 earth\n9 wind\n10 holy\n11 dark\n12 blue\n13 summon',
  PRIMARY KEY (`id`),
  UNIQUE KEY `id_UNIQUE` (`id`),
  KEY `realm_INDEX` (`series`),
  KEY `rarity_INDEX` (`rarity`),
  CONSTRAINT `FK_item_series` FOREIGN KEY (`series`) REFERENCES `series` (`id`) ON DELETE NO ACTION ON UPDATE NO ACTION
) ENGINE=InnoDB DEFAULT CHARSET=utf8;
/*!40101 SET character_set_client = @saved_cs_client */;

--
-- Dumping data for table `items`
--

LOCK TABLES `items` WRITE;
/*!40000 ALTER TABLE `items` DISABLE KEYS */;
INSERT INTO `items` VALUES (21001001,'Knife (II)',1,102001,1,1),(21001002,'Mythril Knife (II)',2,102001,1,1),(21001003,'Dagger (IX)',1,109001,1,1),(21001004,'Kunai (IV)',1,104001,1,1),(21001005,'Kodachi (V)',2,105001,1,1),(21001006,'Chopper (XII)',2,112001,1,1),(21001007,'Cat Claws (II)',4,102001,1,1),(21001008,'Mythril Dagger (IX)',2,109001,1,1),(21001009,'Orichalcum Dirk (V)',3,105001,1,1),(21001010,'Dancing Dagger (V)',3,105001,1,1),(21001011,'Avenger (XII)',3,112001,1,1),(21001012,'Ripper (II)',3,102001,1,1),(21001013,'Main Gauche (VI)',3,106001,1,1),(21001014,'Air Knife (VI)',3,106001,1,1),(21001015,'Mage Masher (IV)',3,104001,1,1),(21001016,'Platinum Dagger (XII)',4,112001,1,1),(21001017,'Gladius (IX)',4,109001,1,1),(21001019,'Maneater (VI)',4,106001,1,1),(21001020,'Swordbreaker (VI)',4,106001,1,1),(21001021,'Danjuro (XII)',5,112001,1,1),(21001029,'Dancing Dagger (IV)',4,104001,1,1),(21001030,'Mesmerize Blade (VIII)',4,108001,1,1),(21002001,'Broadsword (V)',1,105001,1,2),(21002002,'Iron Sword (XII)',2,112001,1,2),(21002003,'Longsword (XII)',1,112001,1,2),(21002004,'Mythril Sword (IV)',2,104001,1,2),(21002005,'Coral Sword (V)',2,105001,1,2),(21002006,'Mythril Blade (XII)',2,112001,1,2),(21002007,'Greatsword (VI)',2,106001,1,2),(21002008,'Rune Blade (V)',3,105001,1,2),(21002009,'Enhancer (V)',3,105001,1,2),(21002010,'Ancient Sword (XII)',3,112001,1,2),(21002011,'Zwill Blade (XII)',2,112001,1,2),(21002012,'Platinum Sword (XII)',3,112001,1,2),(21002013,'Flametongue (VI)',3,106001,1,2),(21002015,'Falchion (VI)',3,106001,1,2),(21002016,'Bastard Sword (VI)',3,106001,1,2),(21002018,'Sleep Blade (IV)',3,104001,1,2),(21002019,'Icebrand (IV)',3,104001,1,2),(21002020,'Defender (IV)',3,104001,1,2),(21002021,'Stoneblade (VI)',3,106001,1,2),(21002022,'Crystal Sword (VI)',4,106001,1,2),(21002023,'Buster Sword (VII)',5,107001,1,2),(21002026,'Dark Sword',5,104001,1,2),(21002029,'Soul Sabre (VI)',5,106001,1,2),(21002030,'Diamond Sword (XII)',4,112001,1,2),(21002031,'Claymore (XII)',3,112001,1,2),(21002033,'Zantetsuken (VI)',5,106001,1,2),(21002038,'Wing Sword (II)',4,102001,1,2),(21002039,'Enhancer (VI)',5,106001,1,2),(21002040,'Warrior\'s Sword (X)',4,110001,1,2),(21002041,'Defender (I)',4,101001,1,2),(21002042,'Blitz Sword (VIII)',5,108001,1,2),(21002043,'Galbadian Blade (VIII)',2,108001,1,2),(21003001,'Kazekiri (V)',2,105001,1,3),(21003005,'Masamune',5,107001,1,3),(21003007,'Kiku-ichimonji (VI)',5,106001,1,3),(21003010,'Nodachi (X)',4,110001,1,3),(21003022,'Binding Rod (XIII)',5,113001,1,8),(21004001,'Battle Axe (V)',1,105001,1,4),(21004002,'Handaxe (XII)',1,112001,1,4),(21004003,'Broadaxe (XII)',1,112001,1,4),(21004004,'Slasher (XII)',2,112001,1,4),(21004005,'Ogrekiller (IV)',2,104001,1,4),(21004006,'Death Sickle (V)',3,105001,1,4),(21004007,'Rune Axe (V)',4,105001,1,4),(21004008,'Poison Axe (IV)',3,104001,1,4),(21004009,'Giant\'s Axe (V)',4,105001,1,4),(21004011,'Hammerhead (XII)',4,112001,1,4),(21005001,'Hammer (IV)',1,104001,1,5),(21005002,'Mythril Hammer (IV)',2,104001,1,5),(21005003,'War Hammer (V)',2,105001,1,5),(21005004,'Gaia Hammer (V)',3,105001,1,5),(21005005,'Sledgehammer (XII)',4,112001,1,5),(21006001,'Spear (XII)',1,112001,1,6),(21006002,'Wind Spear (V)',1,105001,1,6),(21006003,'Partisan (XII)',2,112001,1,6),(21006004,'Heavy Lance (XII)',2,112001,1,6),(21006005,'Mythril Spear (VI)',2,106001,1,6),(21006006,'Javelin (V)',3,105001,1,6),(21006007,'Storm Spear (XII)',3,112001,1,6),(21006008,'Obelisk (XII)',3,112001,1,6),(21006009,'Halberd (XII)',3,112001,1,6),(21006010,'Trident (XII)',4,112001,1,6),(21006011,'Blood Lance (IV)',5,104001,1,6),(21006012,'Golden Spear (VI)',5,106001,1,6),(21007001,'Leather Glove (VII)',1,107001,1,7),(21007002,'Cat Claws (III)',1,103001,1,7),(21007003,'Metal Knuckles (VI)',2,106001,1,7),(21007004,'Sonic Knuckles (III)',2,103001,1,7),(21007005,'Bronze Knuckles (III)',1,103001,1,7),(21007006,'Mythril Claws (VI)',2,106001,1,7),(21007007,'Diamond Knuckle (VII)',3,107001,1,7),(21007008,'Wyvern Claws (III)',3,103001,1,7),(21007009,'Tiger Claws (III)',3,103001,1,7),(21007010,'Venom Claws (VI)',3,106001,1,7),(21007013,'Grand Glove',5,107001,1,7),(21007015,'Metal Knuckle (VII)',4,107001,1,7),(21007018,'Kaiser Knuckles (XIII)',5,113001,1,7),(21008001,'Mythril Rod (VI)',2,106001,1,8),(21008002,'Rod (IV)',1,104001,1,8),(21008003,'Serpent Rod (XII)',2,112001,1,8),(21008004,'Healing Rod (XII)',2,112001,1,8),(21008005,'Flame Rod (V)',3,105001,1,8),(21008006,'Thunder Rod (V)',3,105001,1,8),(21008007,'Gaia Rod (XII)',3,112001,1,8),(21008008,'Power Rod (XII)',3,112001,1,8),(21008009,'Poison Rod (VI)',3,106001,1,8),(21008010,'Punisher (VI)',3,106001,1,8),(21008011,'Lilith Rod (IV)',3,104001,1,8),(21008012,'Guard Stick',5,107001,1,8),(21008013,'Light Rod (III)',4,103001,1,8),(21008014,'Empyrean Rod (XII)',4,112001,1,8),(21008017,'Ice Rod (IV)',3,104001,1,8),(21008018,'Gravity Rod (VI)',4,106001,1,8),(21008019,'Mace (XII)',1,112001,1,8),(21008020,'Bronze Mace (XII)',3,112001,1,8),(21009001,'Cherry Staff (XII)',1,112001,1,9),(21009002,'Oak Staff (XII)',1,112001,1,9),(21009003,'Staff (IV)',1,104001,1,9),(21009004,'Mage\'s Staff (II)',2,102001,1,9),(21009005,'Mythril Staff (IV)',2,104001,1,9),(21009006,'Power Staff (IV)',2,104001,1,9),(21009007,'Golem Staff (III)',3,103001,1,9),(21009008,'Diamond Mace (II)',3,102001,1,9),(21009009,'Wizard\'s Staff (XII)',3,112001,1,9),(21009010,'Golden Staff (XII)',3,112001,1,9),(21009011,'Storm Staff (XII)',3,112001,1,9),(21009012,'Glacial Staff (XII)',3,112001,1,9),(21009013,'Flame Staff (XII)',3,112001,1,9),(21009015,'Aura Staff (IV)',3,104001,1,9),(21009016,'Rune Staff (IV)',3,104001,1,9),(21009017,'Light Staff (III)',4,103001,1,9),(21009018,'Sage\'s Staff (IV)',4,104001,1,9),(21009019,'Judgment Staff (V)',5,105001,1,9),(21009020,'Oaken Pole (XII)',2,112001,1,9),(21009021,'Cypress Pole (XII)',3,112001,1,9),(21009024,'Healer\'s Staff (XIII)',4,113001,1,9),(21010001,'Silver Bow (V)',1,105001,1,10),(21010002,'Shortbow (XII)',1,112001,1,10),(21010003,'Longbow (XII)',1,112001,1,10),(21010004,'Flame Bow (V)',2,105001,1,10),(21010005,'Frost Bow (V)',2,105001,1,10),(21010006,'Thunder Bow (V)',2,105001,1,10),(21010007,'Dark Bow (V)',3,105001,1,10),(21010008,'Elven Bow (V)',3,105001,1,10),(21010009,'Aevis Killer (XII)',3,112001,1,10),(21010010,'Killer Bow (V)',4,105001,1,10),(21010011,'Hayate Bow (V)',4,105001,1,10),(21010012,'Bowgun (XII)',2,112001,1,10),(21011001,'Silver Harp (V)',3,105001,1,11),(21011002,'Madhura Harp (III)',4,103001,1,11),(21012001,'Whip (IV)',2,104001,1,12),(21012002,'Blitz Whip (IV)',3,104001,1,12),(21012003,'Ice Whip',5,104001,1,12),(21013001,'Moonring Blade (VI)',4,106001,1,13),(21013002,'Boomerang (VI)',1,106001,1,13),(21013003,'Chakram (III)',2,103001,1,13),(21013004,'Shuriken (III)',3,103001,1,13),(21014001,'Healing Grimoire',5,200001,1,14),(21014003,'Sentinel\'s Grimoire',5,200001,1,14),(21030001,'Official Ball (X)',5,110001,1,30),(22050001,'Leather Shield (V)',1,105001,2,50),(22050002,'Bronze Shield (V)',1,105001,2,50),(22050003,'Round Shield (XII)',1,112001,2,50),(22050004,'Buckler (XII)',1,112001,2,50),(22050005,'Iron Shield (IV)',2,104001,2,50),(22050006,'Mythril Shield (IV)',2,104001,2,50),(22050007,'Golden Shield (V)',3,105001,2,50),(22050008,'Diamond Shield (V)',3,105001,2,50),(22050009,'Shell Shield (XII)',3,112001,2,50),(22050010,'Flame Shield (IV)',3,104001,2,50),(22050011,'Ice Shield (IV)',3,104001,2,50),(22050012,'Aegis Shield (IV)',3,104001,2,50),(22050013,'Crystal Shield (VI)',4,106001,2,50),(22050014,'Genji Shield (IV)',5,104001,2,50),(22050015,'Lustrous Shield',5,104001,2,50),(22050016,'Heavy Shield (VI)',2,106001,2,50),(22050018,'Golden Shield (II)',4,102001,2,50),(22051001,'Plumed Hat (V)',1,105001,2,51),(22051002,'Twist Headband (V)',1,105001,2,51),(22051003,'Leather Cap (VI)',1,106001,2,51),(22051004,'Hairband (VI)',1,106001,2,51),(22051006,'Gold Hairpin (V)',3,105001,2,51),(22051007,'Lamia\'s Tiara (V)',3,105001,2,51),(22051008,'Circlet (V)',3,105001,2,51),(22051009,'Red Cap (VI)',3,106001,2,51),(22051010,'Hypno Crown (V)',4,105001,2,51),(22051011,'Royal Crown (VI)',4,106001,2,51),(22051013,'Wizard\'s Hat (IV)',1,104001,2,51),(22051014,'Green Beret (IV)',2,104001,2,51),(22051015,'Black Cowl (IV)',3,104001,2,51),(22051016,'Sage\'s Miter (IV)',2,104001,2,51),(22051017,'Beret (VI)',2,106001,2,51),(22051018,'Feathered Hat (III)',4,103001,2,51),(22052001,'Bronze Helm (V)',1,105001,2,52),(22052002,'Bronze Helm (II)',1,102001,2,52),(22052003,'Iron Helm (IV)',2,104001,2,52),(22052004,'Shell Helm (III)',2,103001,2,52),(22052005,'Flame Helm (II)',2,102001,2,52),(22052006,'Giant\'s Helm (II)',2,102001,2,52),(22052007,'Mythril Helm (IV)',2,104001,2,52),(22052008,'Dragon Helm (III)',3,103001,2,52),(22052009,'Viking Helm (III)',3,103001,2,52),(22052010,'Ice Helm (III)',3,103001,2,52),(22052011,'Golden Helm (VI)',3,106001,2,52),(22052012,'Diamond Helm (VI)',4,106001,2,52),(22052013,'Genji Helm (V)',5,105001,2,52),(22052014,'Thornlet (V)',4,105001,2,52),(22052015,'Crystal Helm (VI)',4,106001,2,52),(22052017,'Diamond Helm (III)',4,103001,2,52),(22053001,'Copper Cuirass (V)',1,105001,2,53),(22053002,'Vest (III)',1,103001,2,53),(22053003,'Leather Clothing (IV)',1,104001,2,53),(22053005,'Protect Vest (VII)',2,107001,2,53),(22053006,'Ninja Gear (VI)',2,106001,2,53),(22053007,'Kenpo Gi (IV)',2,104001,2,53),(22053008,'Power Sash (IV)',2,104001,2,53),(22053009,'Mirage Vest (V)',3,105001,2,53),(22053010,'Black Belt Gi (III)',3,103001,2,53),(22053013,'Diamond Vest (VI)',3,106001,2,53),(22053014,'Black Garb (IV)',4,104001,2,53),(22053015,'Red Jacket (VI)',4,106001,2,53),(22053018,'Bright Armguard (X)',4,110001,2,53),(22053019,'Balamb Garden Uniform (VIII)',5,108001,2,53),(22054001,'Bronze Armor (V)',1,105001,2,54),(22054002,'Leather Armor (III)',1,103001,2,54),(22054003,'Leather Armor (VI)',1,106001,2,54),(22054004,'Iron Armor (IV)',2,104001,2,54),(22054005,'Bone Mail (V)',2,105001,2,54),(22054007,'Mythril Armor (IV)',2,104001,2,54),(22054008,'Knight Armor (III)',3,103001,2,54),(22054009,'Demon Mail (III)',3,103001,2,54),(22054010,'Golden Armor (VI)',3,106001,2,54),(22054012,'Flame Mail (IV)',3,104001,2,54),(22054013,'Ice Armor (IV)',3,104001,2,54),(22054014,'Crystal Armor (V)',4,105001,2,54),(22054015,'Genji Armor (V)',5,105001,2,54),(22054016,'Diamond Armor (VI)',4,106001,2,54),(22054017,'Mythril Vest (VI)',3,106001,2,54),(22054018,'Mythril Mail (VI)',3,106001,2,54),(22054021,'Knight\'s Armor (I)',4,101001,2,54),(22054022,'Galbadian Armor (VIII)',2,108001,2,54),(22055001,'Mage Robe (III)',1,103001,2,55),(22055002,'Cotton Robe (VI)',1,106001,2,55),(22055003,'Silk Robe (VI)',1,106001,2,55),(22055004,'Scholar Robe (III)',2,103001,2,55),(22055005,'Bard\'s Tunic (IV)',2,104001,2,55),(22055006,'Gaia Gear (IV)',2,104001,2,55),(22055007,'Luminous Robe (V)',3,105001,2,55),(22055008,'White Dress (VI)',3,106001,2,55),(22055009,'Magus Robe (VI)',3,106001,2,55),(22055011,'Sage\'s Surplice (IV)',3,104001,2,55),(22055012,'Black Robe (IV)',4,104001,2,55),(22055013,'White Robe (IV)',4,104001,2,55),(22055014,'Regal Gown (VI)',5,106001,2,55),(22055015,'Gaia Vest (III)',4,103001,2,55),(22056001,'Bronze Bangle (VII)',1,107001,2,56),(22056002,'Iron Bangle (VII)',1,107001,2,56),(22056003,'Mythril Armlet (VII)',2,107001,2,56),(22056004,'Carbon Bangle (VII)',2,107001,2,56),(22056005,'Silver Armlet (VII)',3,107001,2,56),(22056006,'Diamond Bangle (VII)',3,107001,2,56),(22056007,'Crystal Bangle (VII)',4,107001,2,56),(22056008,'Rune Armlet (VII)',3,107001,2,56),(22056012,'Wizard Armlet (X)',4,110001,2,56),(22056013,'Gold Bangle (XIII)',5,113001,2,56),(22056014,'Silver Bangle (XIII)',4,113001,2,56),(23080001,'Power Wrist (VII)',1,107001,3,80),(23080002,'Earring (VII)',2,107001,3,80),(23080003,'Talisman (VII)',2,107001,3,80),(23080005,'Fire Ring (VII)',4,107001,3,80),(23080006,'Ice Ring (VII)',4,107001,3,80),(23080009,'Choco Feather (VII)',2,107001,3,80),(23080010,'Star Pendant (VII)',3,107001,3,80),(23080011,'Silver Glasses (VII)',3,107001,3,80),(23080012,'Protect Ring (VII)',2,107001,3,80),(23080014,'Peace Ring (VII)',3,107001,3,80),(23080016,'Sniper Eye (VI)',1,106001,3,80),(23080017,'Jeweled Ring (VI)',3,106001,3,80),(23080018,'Angel Wings (VI)',3,106001,3,80),(23080019,'Hyper Wrist (VI)',3,106001,3,80),(23080020,'Hero\'s Ring (VI)',3,106001,3,80),(23080021,'Angel Ring (V)',3,105001,3,80),(23080023,'Durable Power Wristband (XIII)',3,113001,3,80),(24098001,'Tiny Scarletite',1,1,4,98),(24098002,'Small Scarletite',2,1,4,98),(24098003,'Scarletite',3,1,4,98),(24098004,'Large Scarletite',4,1,4,98),(24098005,'Giant Scarletite',5,1,4,98),(24099001,'Tiny Adamantite',1,1,4,99),(24099002,'Small Adamantite',2,1,4,99),(24099003,'Adamantite',3,1,4,99),(24099004,'Large Adamantite',4,1,4,99),(24099005,'Giant Adamantite',5,1,4,99),(40000001,'Minor Power Orb',1,NULL,5,1),(40000002,'Lesser Power Orb',2,NULL,5,1),(40000003,'Power Orb',3,NULL,5,1),(40000004,'Greater Power Orb',4,NULL,5,1),(40000005,'Major Power Orb',5,NULL,5,1),(40000006,'Minor White Orb',1,NULL,5,2),(40000007,'Lesser White Orb',2,NULL,5,2),(40000008,'White Orb',3,NULL,5,2),(40000009,'Greater White Orb',4,NULL,5,2),(40000010,'Major White Orb',5,NULL,5,2),(40000011,'Minor Black Orb',1,NULL,5,3),(40000012,'Lesser Black Orb',2,NULL,5,3),(40000013,'Black Orb',3,NULL,5,3),(40000014,'Greater Black Orb',4,NULL,5,3),(40000015,'Major Black Orb',5,NULL,5,3),(40000016,'Minor Blue Orb',1,NULL,5,12),(40000017,'Lesser Blue Orb',2,NULL,5,12),(40000018,'Blue Orb',3,NULL,5,12),(40000019,'Greater Blue Orb',4,NULL,5,12),(40000020,'Major Blue Orb',5,NULL,5,12),(40000021,'Minor Summon Orb',1,NULL,5,13),(40000022,'Lesser Summon Orb',2,NULL,5,13),(40000023,'Summon Orb',3,NULL,5,13),(40000024,'Greater Summon Orb',4,NULL,5,13),(40000025,'Major Summon Orb',5,NULL,5,13),(40000026,'Minor Non-Elemental Orb',1,NULL,5,4),(40000027,'Lesser Non-Elemental Orb',2,NULL,5,4),(40000028,'Non-Elemental Orb',3,NULL,5,4),(40000029,'Greater Non-Elemental Orb',4,NULL,5,4),(40000030,'Major Non-Elemental Orb',5,NULL,5,4),(40000031,'Minor Fire Orb',1,NULL,5,5),(40000032,'Lesser Fire Orb',2,NULL,5,5),(40000033,'Fire Orb',3,NULL,5,5),(40000034,'Greater Fire Orb',4,NULL,5,5),(40000035,'Major Fire Orb',5,NULL,5,5),(40000036,'Minor Ice Orb',1,NULL,5,6),(40000037,'Lesser Ice Orb',2,NULL,5,6),(40000038,'Ice Orb',3,NULL,5,6),(40000039,'Greater Ice Orb',4,NULL,5,6),(40000040,'Major Ice Orb',5,NULL,5,6),(40000041,'Minor Lightning Orb',1,NULL,5,7),(40000042,'Lesser Lightning Orb',2,NULL,5,7),(40000043,'Lightning Orb',3,NULL,5,7),(40000044,'Greater Lightning Orb',4,NULL,5,7),(40000045,'Major Lightning Orb',5,NULL,5,7),(40000046,'Minor Earth Orb',1,NULL,5,8),(40000047,'Lesser Earth Orb',2,NULL,5,8),(40000048,'Earth Orb',3,NULL,5,8),(40000049,'Greater Earth Orb',4,NULL,5,8),(40000050,'Major Earth Orb',5,NULL,5,8),(40000051,'Minor Wind Orb',1,NULL,5,9),(40000052,'Lesser Wind Orb',2,NULL,5,9),(40000053,'Wind Orb',3,NULL,5,9),(40000054,'Greater Wind Orb',4,NULL,5,9),(40000055,'Major Wind Orb',5,NULL,5,9),(40000056,'Minor Holy Orb',1,NULL,5,10),(40000057,'Lesser Holy Orb',2,NULL,5,10),(40000058,'Holy Orb',3,NULL,5,10),(40000059,'Greater Holy Orb',4,NULL,5,10),(40000060,'Major Holy Orb',5,NULL,5,10),(40000061,'Minor Dark Orb',1,NULL,5,11),(40000062,'Lesser Dark Orb',2,NULL,5,11),(40000063,'Dark Orb',3,NULL,5,11),(40000064,'Greater Dark Orb',4,NULL,5,11),(40000065,'Major Dark Orb',5,NULL,5,11),(95001001,'Magicite',1,NULL,61,1);
/*!40000 ALTER TABLE `items` ENABLE KEYS */;
UNLOCK TABLES;

--
-- Table structure for table `missing_items`
--

DROP TABLE IF EXISTS `missing_items`;
/*!40101 SET @saved_cs_client     = @@character_set_client */;
/*!40101 SET character_set_client = utf8 */;
CREATE TABLE `missing_items` (
  `equipment_id` int(10) unsigned NOT NULL,
  `name` varchar(45) NOT NULL,
  `rarity` tinyint(3) unsigned NOT NULL,
  `series` int(10) unsigned NOT NULL,
  `type` tinyint(3) unsigned NOT NULL,
  `subtype` tinyint(3) unsigned NOT NULL,
  `base_atk` smallint(6) DEFAULT NULL,
  `base_mag` smallint(6) DEFAULT NULL,
  `base_acc` smallint(6) DEFAULT NULL,
  `base_def` smallint(6) DEFAULT NULL,
  `base_res` smallint(6) DEFAULT NULL,
  `base_eva` smallint(6) DEFAULT NULL,
  `base_mnd` smallint(6) DEFAULT NULL,
  `max_atk` smallint(6) DEFAULT NULL,
  `max_mag` smallint(6) DEFAULT NULL,
  `max_acc` smallint(6) DEFAULT NULL,
  `max_def` smallint(6) DEFAULT NULL,
  `max_res` smallint(6) DEFAULT NULL,
  `max_eva` smallint(6) DEFAULT NULL,
  `max_mnd` smallint(6) DEFAULT NULL,
  PRIMARY KEY (`equipment_id`)
) ENGINE=InnoDB DEFAULT CHARSET=latin1;
/*!40101 SET character_set_client = @saved_cs_client */;

--
-- Dumping data for table `missing_items`
--

LOCK TABLES `missing_items` WRITE;
/*!40000 ALTER TABLE `missing_items` DISABLE KEYS */;
INSERT INTO `missing_items` VALUES (21001030,'Mesmerize Blade (VIII)',4,101001,1,2,NULL,NULL,NULL,NULL,NULL,NULL,NULL,NULL,NULL,NULL,NULL,NULL,NULL,NULL),(21002038,'Wing Sword (II)',4,102001,1,2,NULL,NULL,NULL,NULL,NULL,NULL,NULL,NULL,NULL,NULL,NULL,NULL,NULL,NULL),(21002040,'Warrior\'s Sword (X)',4,110001,1,2,NULL,NULL,NULL,NULL,NULL,NULL,NULL,NULL,NULL,NULL,NULL,NULL,NULL,NULL),(21002041,'Defender (I)',4,101001,1,2,NULL,NULL,NULL,NULL,NULL,NULL,NULL,NULL,NULL,NULL,NULL,NULL,NULL,NULL),(21002042,'Blitz Sword (VIII)',5,108001,1,2,NULL,NULL,NULL,NULL,NULL,NULL,NULL,NULL,NULL,NULL,NULL,NULL,NULL,NULL),(21003010,'Nodachi (X)',4,110001,1,3,NULL,NULL,NULL,NULL,NULL,NULL,NULL,NULL,NULL,NULL,NULL,NULL,NULL,NULL),(21009024,'Healer\'s Staff (XIII)',5,113001,1,9,NULL,NULL,NULL,NULL,NULL,NULL,NULL,NULL,NULL,NULL,NULL,NULL,NULL,NULL),(22054021,'Knight\'s Armor (I)',4,101001,2,54,NULL,NULL,NULL,NULL,NULL,NULL,NULL,NULL,NULL,NULL,NULL,NULL,NULL,NULL),(22056012,'Wizard Armlet (X)',4,110001,2,56,NULL,NULL,NULL,NULL,NULL,NULL,NULL,NULL,NULL,NULL,NULL,NULL,NULL,NULL),(22056013,'Gold Bangle (XIII)',5,113001,2,56,NULL,NULL,NULL,NULL,NULL,NULL,NULL,NULL,NULL,NULL,NULL,NULL,NULL,NULL),(22056014,'Silver Bangle (XIII)',4,113001,2,56,NULL,NULL,NULL,NULL,NULL,NULL,NULL,NULL,NULL,NULL,NULL,NULL,NULL,NULL),(23080017,'Jeweled Ring (VI)',3,106001,3,80,NULL,NULL,NULL,NULL,NULL,NULL,NULL,NULL,NULL,NULL,NULL,NULL,NULL,NULL);
/*!40000 ALTER TABLE `missing_items` ENABLE KEYS */;
UNLOCK TABLES;

--
-- Table structure for table `per_battle_drops`
--

DROP TABLE IF EXISTS `per_battle_drops`;
/*!40101 SET @saved_cs_client     = @@character_set_client */;
/*!40101 SET character_set_client = utf8 */;
CREATE TABLE `per_battle_drops` (
  `battleid` int(10) unsigned NOT NULL,
  `itemid` int(10) unsigned NOT NULL,
  `histo_bucket` int(10) NOT NULL,
  `histo_value` int(10) unsigned NOT NULL,
  PRIMARY KEY (`battleid`,`itemid`,`histo_bucket`),
  KEY `FK_per_battle_drop_item_idx` (`itemid`),
  CONSTRAINT `FK_per_battle_drop_battle` FOREIGN KEY (`battleid`) REFERENCES `battles` (`id`) ON DELETE NO ACTION ON UPDATE NO ACTION,
  CONSTRAINT `FK_per_battle_drop_item` FOREIGN KEY (`itemid`) REFERENCES `items` (`id`) ON DELETE NO ACTION ON UPDATE NO ACTION
) ENGINE=InnoDB DEFAULT CHARSET=latin1;
/*!40101 SET character_set_client = @saved_cs_client */;

--
-- Dumping data for table `per_battle_drops`
--

LOCK TABLES `per_battle_drops` WRITE;
/*!40000 ALTER TABLE `per_battle_drops` DISABLE KEYS */;
INSERT INTO `per_battle_drops` VALUES (301001,21008002,-1,2),(301001,21008002,2,1),(301001,22053002,-1,1),(301001,40000037,-1,1),(301001,40000052,-1,1),(301001,40000062,-1,1),(301001,40000062,1,1),(301002,21004003,-1,1),(301002,21004003,1,1),(301002,22051002,-1,1),(301002,22051002,1,1),(301002,40000037,-1,1),(301002,40000037,1,1),(301002,40000052,-1,2),(301002,40000052,2,1),(301003,21006001,-1,2),(301003,21006001,2,1),(301003,22056001,-1,1),(301003,22056001,1,1),(301003,40000052,-1,3),(301003,40000052,3,1),(301004,21004003,-1,1),(301004,21004003,1,1),(301004,21007001,-1,1),(301004,21007001,1,1),(301004,40000062,-1,1),(301004,40000062,1,1),(301005,22056001,-1,2),(301005,22056001,2,1),(301005,40000062,-1,2),(301005,40000062,2,1),(301006,21004003,-1,1),(301006,21004003,1,1),(301006,40000037,-1,1),(301006,40000037,1,1),(301006,40000047,-1,1),(301006,40000047,1,1),(301006,40000062,-1,1),(301006,40000062,1,1),(301007,40000033,-1,1),(301007,40000033,1,1),(301007,40000037,-1,2),(301007,40000037,2,1),(301007,40000062,-1,1),(301007,40000062,1,1),(301008,22050003,-1,1),(301008,22050003,1,1),(301008,22053002,-1,1),(301008,40000012,-1,5),(301008,40000032,-1,7),(301008,40000032,1,1),(301008,40000047,-1,7),(301008,40000047,2,1),(301009,21006001,-1,1),(301009,22056001,-1,2),(301009,40000012,-1,11),(301009,40000012,1,1),(301009,40000032,-1,10),(301009,40000032,2,1),(301009,40000033,-1,1),(301009,40000047,-1,7),(301010,21007001,-1,4),(301010,21008002,-1,3),(301010,21008002,2,1),(301010,22053002,-1,2),(301010,40000012,-1,5),(301010,40000032,-1,19),(301010,40000032,2,1),(301010,40000033,-1,2),(301010,40000047,-1,5),(301010,40000047,1,1),(301011,21004003,-1,4),(301011,22051002,-1,1),(301011,40000012,-1,4),(301011,40000032,-1,12),(301011,40000032,1,1),(301011,40000033,-1,1),(301011,40000047,-1,3),(301012,21008002,-1,1),(301012,21013002,-1,1),(301012,22056001,-1,5),(301012,22056001,1,1),(301012,40000007,-1,5),(301012,40000007,1,1),(301012,40000008,-1,1),(301012,40000012,-1,4),(301012,40000012,1,1),(301012,40000027,-1,7),(301012,40000047,-1,4),(301012,40000048,-1,1),(301013,21007001,-1,2),(301013,22050003,-1,1),(301013,22051002,-1,1),(301013,22051002,1,1),(301013,40000007,-1,6),(301013,40000007,1,1),(301013,40000012,-1,4),(301013,40000012,1,1),(301013,40000013,-1,1),(301013,40000027,-1,11),(301013,40000027,1,1),(301013,40000047,-1,1),(301014,22051013,-1,4),(301014,22056001,-1,1),(301014,40000007,-1,3),(301014,40000012,-1,9),(301014,40000012,2,1),(301014,40000027,-1,10),(301014,40000027,1,1),(301014,40000028,-1,1),(301015,21007001,-1,1),(301015,21013002,-1,2),(301015,22053002,-1,1),(301015,40000007,-1,5),(301015,40000012,-1,6),(301015,40000027,-1,14),(301016,22050003,-1,3),(301016,22056001,-1,2),(301016,40000007,-1,4),(301016,40000012,-1,7),(301016,40000013,-1,1),(301016,40000027,-1,7),(301016,40000028,-1,1),(301016,40000043,-1,1),(301017,21008002,-1,1),(301017,40000007,-1,5),(301017,40000012,-1,5),(301017,40000013,-1,1),(301017,40000047,-1,2),(301018,21004003,-1,1),(301018,40000007,-1,10),(301018,40000012,-1,2),(301018,40000047,-1,4),(301019,21004005,-1,2),(301019,21006001,-1,1),(301019,21008002,-1,1),(301019,40000007,-1,7),(301019,40000012,-1,13),(301019,40000047,-1,1),(301020,21007001,-1,2),(301020,22053002,-1,3),(301020,40000007,-1,4),(301020,40000012,-1,12),(301020,40000047,-1,2),(301021,40000007,-1,6),(301021,40000008,-1,1),(301021,40000012,-1,3),(301021,40000013,-1,3),(302001,40000037,-1,1),(302001,40000037,1,1),(302001,40000047,-1,1),(302001,40000047,1,1),(302001,40000062,-1,1),(302001,40000062,1,1),(302002,21004003,-1,1),(302002,21004003,1,1),(302002,22051002,-1,4),(302002,22051002,2,2),(302002,40000047,-1,2),(302002,40000047,2,1),(302003,21006001,-1,2),(302003,21006001,1,2),(302003,21008002,-1,3),(302003,21008002,1,3),(302003,40000002,-1,2),(302003,40000002,2,1),(302003,40000037,-1,1),(302003,40000037,1,1),(302003,40000047,-1,7),(302003,40000047,1,3),(302003,40000047,2,2),(302003,40000062,-1,2),(302003,40000062,1,2),(302004,21004003,-1,1),(302004,21004003,1,1),(302004,22050003,-1,1),(302004,22050003,1,1),(302004,40000047,-1,3),(302004,40000047,3,1),(302004,40000062,-1,2),(302004,40000062,2,1),(302005,21006001,-1,1),(302005,21006001,1,1),(302005,40000002,-1,1),(302005,40000002,1,1),(302005,40000047,-1,1),(302005,40000047,1,1),(302006,22053002,-1,1),(302006,22053002,1,1),(302007,40000062,-1,1),(302007,40000062,1,1),(302008,21008002,-1,1),(302008,21008002,1,1),(302008,40000037,-1,1),(302008,40000037,1,1),(302010,40000047,-1,1),(302010,40000047,1,1),(302011,22053002,-1,2),(302011,22053002,2,1),(302012,40000037,-1,3),(302012,40000037,3,1),(302013,21008002,-1,1),(302013,21008002,1,1),(302013,40000037,-1,1),(302013,40000037,1,1),(302014,21004003,-1,1),(302014,21004003,1,1),(302014,40000047,-1,2),(302014,40000047,2,1),(302015,40000047,-1,2),(302015,40000047,2,1),(302016,40000003,-1,1),(302016,40000003,1,1),(302016,40000047,-1,1),(302016,40000047,1,1),(302017,21004003,-1,1),(302017,21007001,-1,1),(302017,21013002,-1,1),(302017,22051016,-1,3),(302017,40000013,-1,1),(302017,40000032,-1,1),(302017,40000037,-1,8),(302017,40000037,2,1),(302017,40000047,-1,3),(302018,21006001,-1,5),(302018,22051002,-1,1),(302018,22051002,1,1),(302018,40000012,-1,1),(302018,40000032,-1,1),(302018,40000037,-1,14),(302018,40000037,1,1),(302018,40000038,-1,1),(302018,40000047,-1,9),(302018,40000048,-1,1),(302019,21008002,-1,3),(302019,40000032,-1,1),(302019,40000037,-1,5),(302019,40000047,-1,17),(302019,40000047,3,1),(302019,40000048,-1,2),(302020,21004003,-1,2),(302020,21004003,1,1),(302020,22050003,-1,1),(302020,22051002,-1,1),(302020,40000032,-1,4),(302020,40000037,-1,6),(302020,40000037,2,1),(302020,40000047,-1,8),(302020,40000047,1,1),(302021,21006001,-1,2),(302021,21006001,1,1),(302021,22052007,-1,2),(302021,40000028,-1,5),(302021,40000032,-1,1),(302021,40000037,-1,5),(302021,40000037,1,1),(302021,40000047,-1,10),(302021,40000047,1,1),(303001,21007001,-1,2),(303001,22050003,-1,2),(303001,40000032,-1,2),(303001,40000047,-1,2),(303001,40000047,1,1),(303001,40000062,-1,5),(303002,21006001,-1,3),(303002,22051002,-1,1),(303002,22051013,-1,2),(303002,22056001,-1,1),(303002,40000032,-1,1),(303002,40000037,-1,6),(303002,40000047,-1,4),(303002,40000062,-1,5),(303002,40000063,-1,1),(303002,40000063,1,1),(303003,21008002,-1,1),(303003,21013002,-1,8),(303003,21013002,1,1),(303003,40000032,-1,3),(303003,40000037,-1,3),(303003,40000047,-1,2),(303003,40000062,-1,4),(303003,40000063,-1,1),(303004,22050003,-1,2),(303004,22051013,-1,1),(303004,40000032,-1,4),(303004,40000037,-1,4),(303004,40000047,-1,4),(303004,40000048,-1,3),(303004,40000062,-1,4),(303004,40000062,2,1),(303005,21013002,-1,2),(303005,22055004,-1,1),(303005,22056001,-1,1),(303005,40000027,-1,2),(303005,40000032,-1,2),(303005,40000032,1,1),(303005,40000037,-1,2),(303005,40000037,1,1),(303005,40000062,-1,6),(303005,40000062,2,1),(303006,21004003,-1,2),(303006,22050003,-1,3),(303006,40000032,-1,2),(303006,40000037,-1,2),(303006,40000037,1,1),(303006,40000038,-1,1),(303006,40000062,-1,7),(303006,40000062,1,1),(303006,40000063,-1,1),(303007,21008002,-1,1),(303007,22051013,-1,2),(303007,22051013,1,1),(303007,40000027,-1,3),(303007,40000028,-1,1),(303007,40000032,-1,5),(303007,40000037,-1,5),(303007,40000062,-1,9),(303008,21007001,-1,1),(303008,21013002,-1,1),(303008,22053002,-1,1),(303008,40000032,-1,3),(303008,40000037,-1,6),(303008,40000053,-1,2),(303008,40000053,1,1),(303008,40000062,-1,7),(303008,40000063,-1,2),(303009,22051002,-1,3),(303009,22051013,-1,1),(303009,40000027,-1,3),(303009,40000032,-1,5),(303009,40000032,1,1),(303009,40000033,-1,1),(303009,40000037,-1,5),(303009,40000038,-1,1),(303009,40000062,-1,2),(303010,21007001,-1,3),(303010,21008002,-1,4),(303010,21013002,-1,2),(303010,40000027,-1,4),(303010,40000027,1,1),(303010,40000028,-1,1),(303010,40000032,-1,2),(303010,40000032,1,1),(303010,40000037,-1,10),(303010,40000037,1,1),(303010,40000038,-1,2),(303011,22050016,-1,3),(303011,22050016,2,1),(303011,40000027,-1,3),(303011,40000027,1,1),(303011,40000032,-1,7),(303011,40000032,2,1),(303011,40000037,-1,7),(303012,21006001,-1,1),(303012,21006001,1,1),(303012,40000027,-1,2),(303012,40000032,-1,8),(303012,40000032,2,1),(303012,40000033,-1,1),(303012,40000033,1,1),(303012,40000037,-1,4),(303013,21007001,-1,3),(303013,22053002,-1,1),(303013,40000032,-1,9),(303013,40000032,2,1),(303013,40000037,-1,4),(303013,40000037,1,1),(303014,21006001,-1,1),(303014,21008002,-1,2),(303014,40000027,-1,3),(303014,40000027,1,1),(303014,40000032,-1,11),(303014,40000032,1,1),(303014,40000052,-1,4),(303014,40000052,1,1),(303015,21004003,-1,1),(303015,21007001,-1,5),(303015,21007001,1,1),(303015,40000032,-1,11),(303015,40000052,-1,12),(303015,40000052,2,1),(303015,40000053,-1,1),(303016,21006001,-1,1),(303016,22051013,-1,1),(303016,40000027,-1,2),(303016,40000032,-1,8),(303016,40000033,-1,2),(303016,40000052,-1,6),(303016,40000052,2,1),(303016,40000062,-1,1),(303017,21007001,-1,1),(303017,21013002,-1,2),(303017,22053002,-1,3),(303017,22053002,1,1),(303017,40000032,-1,12),(303017,40000052,-1,7),(304002,40000051,-1,1),(304005,22054002,-1,1),(304005,22054002,1,1),(304005,40000001,-1,3),(304005,40000001,3,1),(304005,40000041,-1,1),(304005,40000041,1,1),(304006,22054002,-1,1),(304006,22054002,1,1),(304006,40000001,-1,1),(304006,40000001,1,1),(304006,40000056,-1,1),(304006,40000056,1,1),(304015,21002001,-1,1),(304015,21008019,-1,1),(304015,21008019,1,1),(304015,40000011,-1,3),(304015,40000061,-1,3),(304015,40000061,1,2),(304016,21002001,-1,1),(304016,21002001,1,1),(304016,40000061,-1,2),(304016,40000061,2,1),(304017,22055003,-1,2),(304017,22055003,1,2),(304018,40000061,-1,3),(304018,40000061,1,1),(304018,40000061,2,1),(304019,22055003,-1,1),(304019,22055003,1,1),(304020,21001004,-1,2),(304020,21001004,1,2),(304020,40000011,-1,3),(304020,40000011,1,1),(304020,40000011,2,1),(304020,40000026,-1,5),(304020,40000026,1,3),(304020,40000026,2,1),(304021,21012001,-1,3),(304021,21012001,1,3),(304021,40000027,-1,23),(304021,40000027,1,23),(304033,40000056,-1,1),(304034,40000012,-1,1),(304037,40000027,-1,1),(304037,40000027,1,1),(304038,40000007,-1,1),(304038,40000007,1,1),(304038,40000027,-1,1),(304038,40000027,1,1),(304038,40000052,-1,1),(304038,40000052,1,1),(304040,21013002,-1,1),(304040,21013002,1,1),(304040,40000007,-1,1),(304040,40000007,1,1),(304042,22051013,-1,1),(304042,22051013,1,1),(304042,40000012,-1,1),(304042,40000012,1,1),(304042,40000027,-1,1),(304042,40000027,1,1),(304043,40000007,-1,1),(304043,40000007,1,1),(304043,40000057,-1,1),(304043,40000057,1,1),(304044,40000012,-1,2),(304044,40000012,2,1),(304045,21008002,-1,1),(304045,21008002,1,1),(304045,21013002,-1,1),(304045,21013002,1,1),(304045,22056001,-1,1),(304045,22056001,1,1),(304045,40000057,-1,1),(304045,40000057,1,1),(304046,22050003,-1,1),(304046,22050003,1,1),(304046,40000027,-1,1),(304046,40000027,1,1),(304047,21008002,-1,2),(304047,21008002,2,1),(304048,22050003,-1,1),(304048,22050003,1,1),(304048,40000027,-1,1),(304048,40000027,1,1),(304048,40000057,-1,1),(304048,40000057,1,1),(304048,40000062,-1,1),(304048,40000062,1,1),(304049,40000062,-1,1),(304049,40000062,1,1),(304052,40000062,-1,1),(304052,40000062,1,1),(304054,40000062,-1,1),(304054,40000062,1,1),(304055,21004003,-1,1),(304055,21004003,1,1),(304055,40000012,-1,1),(304055,40000012,1,1),(304056,40000057,-1,1),(304056,40000057,1,1),(304057,40000057,-1,1),(304057,40000057,1,1),(304060,22051002,-1,1),(304060,22051002,1,1),(304060,40000012,-1,1),(304060,40000012,1,1),(304060,40000062,-1,1),(304060,40000062,1,1),(304061,22056001,-1,1),(304061,22056001,1,1),(304061,40000062,-1,1),(304061,40000062,1,1),(304062,40000047,-1,1),(304062,40000047,1,1),(304062,40000062,-1,3),(304062,40000062,3,1),(304063,21006001,-1,1),(304063,21006001,1,1),(304064,21013002,-1,1),(304064,21013002,1,1),(304066,22056001,-1,1),(304066,22056001,1,1),(304068,22056001,-1,1),(304068,22056001,1,1),(304068,40000062,-1,2),(304068,40000062,2,1),(304071,40000033,-1,1),(304071,40000033,1,1),(304072,22051013,-1,1),(304072,22051013,1,1),(304072,40000047,-1,1),(304072,40000047,1,1),(304072,40000052,-1,1),(304072,40000052,1,1),(304073,21013002,-1,1),(304073,21013002,1,1),(304075,40000003,-1,1),(304075,40000003,1,1),(305001,21004002,-1,2),(305001,40000031,-1,2),(305002,21004002,-1,1),(305002,21007001,-1,1),(305002,40000001,-1,1),(305002,40000036,-1,2),(305003,21004002,-1,1),(305003,21007001,-1,1),(305003,40000031,-1,2),(305004,40000001,-1,3),(305005,40000032,-1,1),(305005,40000036,-1,1),(305006,21004002,-1,1),(305007,21004002,-1,1),(305007,21007001,-1,1),(305007,40000046,-1,1),(305008,40000051,-1,1),(305009,40000052,-1,1),(305010,21009001,-1,1),(305010,40000031,-1,1),(305010,40000036,-1,2),(305012,22053001,-1,1),(305012,40000006,-1,1),(305012,40000036,-1,1),(305013,21009001,-1,1),(305013,40000007,-1,1),(305014,21010002,-1,1),(305014,40000061,-1,3),(305015,40000001,-1,1),(305016,21010002,-1,1),(305016,40000001,-1,1),(305016,40000026,-1,1),(305016,40000061,-1,1),(305017,22053001,-1,1),(305017,40000026,-1,1),(305017,40000061,-1,2),(305018,21005001,-1,1),(305018,40000061,-1,2),(305018,40000062,-1,1),(305019,21004003,-1,1),(305019,22050003,-1,1),(305019,22051002,-1,1),(305019,22051013,-1,1),(305019,40000027,-1,2),(305019,40000027,1,1),(305019,40000032,-1,2),(305019,40000032,1,1),(305019,40000042,-1,3),(305019,40000052,-1,3),(305020,21008002,-1,1),(305020,22056001,-1,1),(305020,40000027,-1,1),(305020,40000032,-1,1),(305020,40000042,-1,1),(305020,40000052,-1,4),(305021,21004003,-1,1),(305021,40000027,-1,4),(305021,40000027,1,1),(305021,40000032,-1,1),(305021,40000052,-1,6),(305021,40000052,2,1),(305022,22055004,-1,1),(305022,22056001,-1,2),(305022,40000027,-1,1),(305022,40000032,-1,1),(305022,40000033,-1,1),(305022,40000042,-1,2),(305022,40000043,-1,1),(305022,40000052,-1,4),(305022,40000053,-1,2),(305023,40000027,-1,1),(305023,40000032,-1,3),(305023,40000033,-1,1),(305023,40000038,-1,3),(305023,40000038,1,1),(305023,40000042,-1,1),(305023,40000052,-1,2),(305023,40000052,1,1),(305024,22051013,-1,2),(305024,40000012,-1,1),(305024,40000033,-1,1),(305024,40000042,-1,4),(305024,40000052,-1,2),(305024,40000052,1,1),(305025,21013002,-1,2),(305025,22056001,-1,2),(305025,40000032,-1,2),(305025,40000042,-1,2),(305025,40000042,1,1),(305025,40000043,-1,1),(305025,40000052,-1,1),(305026,22050003,-1,1),(305026,40000012,-1,1),(305026,40000012,1,1),(305026,40000032,-1,1),(305026,40000032,1,1),(305026,40000042,-1,1),(305026,40000042,1,1),(305026,40000052,-1,1),(305026,40000053,-1,1),(305027,21013002,-1,1),(305027,21013002,1,1),(305027,40000008,-1,3),(305027,40000012,-1,1),(305027,40000013,-1,1),(305027,40000032,-1,1),(305027,40000033,-1,1),(305027,40000042,-1,1),(305027,40000052,-1,2),(305028,21004003,-1,1),(305028,21007001,-1,2),(305028,40000037,-1,1),(305028,40000042,-1,2),(305028,40000047,-1,1),(305029,22056001,-1,1),(305029,22056001,1,1),(305029,40000037,-1,2),(305029,40000037,1,1),(305029,40000042,-1,1),(305029,40000047,-1,5),(305029,40000047,1,1),(305029,40000052,-1,1),(305030,21008002,-1,2),(305030,40000037,-1,2),(305030,40000037,1,1),(305030,40000052,-1,2),(305031,22051002,-1,1),(305031,22051013,-1,2),(305031,40000037,-1,4),(305031,40000037,1,1),(305031,40000037,2,1),(305031,40000052,-1,1),(305031,40000063,-1,4),(305032,22056001,-1,1),(305032,40000007,-1,2),(305032,40000012,-1,4),(305032,40000037,-1,1),(305033,21005003,-1,2),(305033,21005003,1,1),(305033,22050003,-1,1),(305033,22050003,1,1),(305033,40000007,-1,4),(305033,40000008,-1,1),(305033,40000012,-1,2),(305033,40000012,1,1),(305033,40000037,-1,2),(305033,40000057,-1,1),(305034,21006001,-1,3),(305034,21006001,1,1),(305034,21008002,-1,1),(305034,21008002,1,1),(305034,22051013,-1,1),(305034,22052005,-1,1),(305034,40000007,-1,3),(305034,40000007,1,1),(305034,40000012,-1,5),(305034,40000012,1,1),(305034,40000037,-1,4),(305034,40000037,1,1),(305034,40000057,-1,2),(305034,40000057,1,1),(305035,21004003,-1,2),(305035,40000007,-1,3),(305035,40000033,-1,1),(305035,40000037,-1,1),(305035,40000057,-1,1),(305035,40000057,1,1),(305036,40000007,-1,1),(305036,40000007,1,1),(305036,40000012,-1,2),(305036,40000012,1,1),(305036,40000037,-1,1),(305036,40000037,1,1),(305036,40000063,-1,3),(305036,40000063,1,1),(306001,21002003,-1,2),(306001,40000052,-1,1),(306002,40000047,-1,1),(306003,40000007,-1,1),(306003,40000052,-1,2),(306005,22051013,-1,1),(306005,40000012,-1,1),(306005,40000032,-1,1),(306006,40000037,-1,1),(306009,21004003,-1,2),(306009,21004003,1,1),(306009,21010003,-1,31),(306009,21010003,1,15),(306009,21010003,2,4),(306009,21010003,3,1),(306009,22051013,-1,15),(306009,22051013,1,15),(306009,22054001,-1,9),(306009,22054001,1,9),(306009,40000002,-1,26),(306009,40000002,1,11),(306009,40000002,2,4),(306009,40000042,-1,5),(306009,40000042,1,5),(306009,40000057,-1,21),(306009,40000057,1,16),(306009,40000057,2,2),(306010,21010003,-1,5),(306010,22051013,-1,5),(306010,40000002,-1,2),(306010,40000042,-1,4),(306010,40000057,-1,3),(306011,40000042,-1,2),(306011,40000057,-1,1),(306012,40000002,-1,1),(306013,40000002,-1,1),(306013,40000057,-1,1),(306014,40000007,-1,1),(306014,40000007,1,1),(306014,40000027,-1,2),(306014,40000027,1,1),(306015,40000027,-1,2),(306015,40000027,1,1),(306015,40000062,-1,1),(306016,21004003,-1,1),(306016,21004003,1,1),(306016,21006002,-1,2),(306016,21006002,1,1),(306016,40000027,-1,1),(306017,21004003,-1,2),(306017,21006002,-1,1),(306017,40000007,-1,1),(306017,40000007,1,1),(306017,40000027,-1,1),(306017,40000027,1,1),(306018,40000027,-1,1),(306018,40000027,1,1),(306018,40000062,-1,1),(306019,21004003,-1,1),(306019,40000027,-1,1),(306019,40000028,-1,2),(306019,40000028,1,1),(306035,21008002,-1,2),(306035,21008002,1,2),(306035,40000037,-1,6),(306035,40000037,1,3),(306035,40000037,3,1),(306036,21004003,-1,2),(306036,21004003,1,2),(306036,22050003,-1,1),(306036,22050003,1,1),(306036,40000037,-1,5),(306036,40000037,1,3),(306036,40000037,2,1),(306036,40000052,-1,1),(306036,40000052,1,1),(306036,40000062,-1,1),(306036,40000062,1,1),(306037,40000012,-1,1),(306037,40000012,1,1),(306037,40000037,-1,7),(306037,40000037,1,1),(306037,40000037,2,3),(306037,40000052,-1,2),(306037,40000052,1,2),(306038,22053002,-1,1),(306038,22053002,1,1),(306038,40000037,-1,5),(306038,40000037,1,3),(306038,40000037,2,1),(306039,22051002,-1,5),(306039,22051002,1,1),(306039,22051002,2,2),(306039,40000037,-1,11),(306039,40000037,1,2),(306039,40000037,2,3),(306039,40000037,3,1),(306040,21008002,-1,3),(306040,21008002,1,1),(306040,21008002,2,1),(306040,40000037,-1,7),(306040,40000037,1,3),(306040,40000037,4,1),(306041,22053006,-1,7),(306041,22053006,1,7),(306041,40000063,-1,16),(306041,40000063,1,16),(306043,22050003,-1,1),(306043,22050003,1,1),(306044,21008002,-1,1),(306044,21008002,1,1),(306044,40000057,-1,1),(306044,40000057,1,1),(306045,21004003,-1,1),(306045,21004003,1,1),(306045,40000027,-1,1),(306045,40000027,1,1),(306046,22051013,-1,1),(306046,22051013,1,1),(306046,40000027,-1,3),(306046,40000027,3,1),(306047,21008002,-1,1),(306047,21008002,1,1),(306047,21013002,-1,1),(306047,21013002,1,1),(306048,22050003,-1,1),(306048,22050003,1,1),(306048,40000027,-1,1),(306048,40000027,1,1),(306049,21008002,-1,1),(306049,21008002,1,1),(306049,21013002,-1,2),(306049,21013002,1,2),(306049,40000002,-1,1),(306049,40000002,1,1),(306049,40000032,-1,2),(306049,40000032,1,2),(306049,40000052,-1,1),(306049,40000052,1,1),(306050,21007001,-1,1),(306050,21007001,1,1),(306050,40000032,-1,1),(306050,40000032,1,1),(306051,40000002,-1,1),(306051,40000002,1,1),(306051,40000042,-1,1),(306051,40000042,1,1),(306052,21013002,-1,1),(306052,21013002,1,1),(306052,40000002,-1,1),(306052,40000002,1,1),(306052,40000052,-1,1),(306052,40000052,1,1),(306053,21006001,-1,3),(306053,21006001,1,3),(306053,22051002,-1,1),(306053,22051002,1,1),(306053,22051013,-1,2),(306053,22051013,1,2),(306053,22056001,-1,3),(306053,22056001,1,1),(306053,22056001,2,1),(306053,40000002,-1,6),(306053,40000002,1,6),(306053,40000012,-1,3),(306053,40000012,1,3),(306053,40000042,-1,1),(306053,40000042,1,1),(306053,40000047,-1,1),(306053,40000047,1,1),(306054,21007001,-1,2),(306054,21007001,2,1),(306054,21013002,-1,2),(306054,21013002,1,2),(306054,22050003,-1,2),(306054,22050003,2,1),(306054,40000002,-1,1),(306054,40000002,1,1),(306054,40000032,-1,1),(306054,40000032,1,1),(306054,40000047,-1,3),(306054,40000047,1,1),(306054,40000047,2,1),(306055,40000047,-1,2),(306055,40000047,2,1),(306057,22056001,-1,1),(306057,22056001,1,1),(306057,40000047,-1,1),(306057,40000047,1,1),(306058,21007001,-1,38),(306058,21007001,1,4),(306058,21007001,2,1),(306058,21007001,4,1),(306058,21013002,-1,25),(306058,21013002,1,3),(306058,40000032,-1,77),(306058,40000032,1,1),(306058,40000032,2,2),(306058,40000032,3,2),(306058,40000032,4,2),(306058,40000047,-1,71),(306058,40000047,2,4),(306058,40000047,3,1),(306058,40000047,4,1),(306058,40000047,5,3),(306060,21007001,-1,1),(306060,21007001,1,1),(306061,22051013,-1,1),(306061,22051013,1,1),(306061,40000047,-1,4),(306061,40000047,4,1),(306062,40000032,-1,1),(306062,40000032,1,1),(306062,40000047,-1,1),(306062,40000047,1,1),(306063,22051002,-1,1),(306063,22051013,-1,1),(306063,22051013,1,1),(306063,40000002,-1,3),(306063,40000002,1,3),(306063,40000032,-1,1),(306063,40000042,-1,4),(306063,40000042,1,2),(306063,40000042,2,1),(306064,21013002,-1,3),(306064,21013002,1,3),(306064,22053002,-1,1),(306064,22053002,1,1),(306064,40000032,-1,5),(306064,40000032,1,2),(306064,40000032,2,1),(306064,40000042,-1,2),(306064,40000042,1,2),(306065,21004003,-1,1),(306065,21004003,1,1),(306065,22050003,-1,4),(306065,22050003,1,1),(306065,22050003,2,1),(306065,22051002,-1,2),(306065,22051002,1,1),(306065,40000002,-1,1),(306065,40000002,1,1),(306065,40000032,-1,9),(306065,40000032,1,3),(306065,40000032,2,2),(306065,40000042,-1,1),(306065,40000042,1,1),(306066,21001005,-1,6),(306066,21001005,1,4),(306066,21006001,-1,5),(306066,21006001,1,4),(306066,21008002,-1,20),(306066,21008002,1,12),(306066,21008002,2,2),(306066,22051013,-1,4),(306066,22051013,1,4),(306066,22056001,-1,16),(306066,22056001,1,11),(306066,22056001,2,2),(306066,40000002,-1,16),(306066,40000002,1,11),(306066,40000032,-1,80),(306066,40000032,1,30),(306066,40000032,2,10),(306066,40000032,3,4),(306066,40000042,-1,8),(306066,40000042,1,6),(306066,40000058,-1,20),(306066,40000058,1,16),(306067,21004003,-1,1),(306067,21004003,1,1),(306068,40000027,-1,2),(306068,40000027,2,1),(306069,40000062,-1,2),(306069,40000062,2,1),(306072,21007001,-1,1),(306072,21007001,1,1),(306073,21013002,-1,1),(306073,21013002,1,1),(306073,40000032,-1,1),(306073,40000032,1,1),(306075,21002005,-1,1),(306075,21002005,1,1),(306075,40000032,-1,1),(306075,40000032,1,1),(306075,40000042,-1,1),(306075,40000042,1,1),(306076,21008002,-1,1),(306076,21008002,1,1),(306076,40000042,-1,3),(306076,40000042,3,1),(306077,21004003,-1,1),(306077,21004003,1,1),(306077,22050003,-1,1),(306077,22050003,1,1),(306077,40000032,-1,1),(306077,40000032,1,1),(306078,21013002,-1,1),(306078,21013002,1,1),(306078,22056001,-1,2),(306078,22056001,2,1),(306079,40000028,-1,1),(306079,40000028,1,1),(306079,40000032,-1,1),(306079,40000032,1,1),(306080,21006001,-1,1),(306080,21006001,1,1),(306080,22051013,-1,1),(306080,22051013,1,1),(306080,40000002,-1,10),(306080,40000002,1,7),(306080,40000002,3,1),(306080,40000052,-1,9),(306080,40000052,1,9),(306081,21008002,-1,1),(306081,21008002,1,1),(306081,40000052,-1,1),(306081,40000052,1,1),(306082,40000013,-1,1),(306082,40000013,1,1),(306082,40000052,-1,2),(306082,40000052,2,1),(306084,40000027,-1,1),(306084,40000027,1,1),(306086,40000002,-1,1),(306086,40000002,1,1),(306086,40000027,-1,4),(306086,40000027,4,1),(306087,40000027,-1,3),(306087,40000027,3,1),(306088,40000052,-1,1),(306088,40000052,1,1),(306089,22056001,-1,1),(306089,22056001,1,1),(306089,40000012,-1,1),(306089,40000012,1,1),(306089,40000027,-1,4),(306089,40000027,2,2),(306090,22050003,-1,1),(306090,22050003,1,1),(306090,40000002,-1,1),(306090,40000002,1,1),(306090,40000027,-1,2),(306090,40000027,2,1),(306091,21008002,-1,1),(306091,21008002,1,1),(306092,40000002,-1,1),(306092,40000002,1,1),(306092,40000048,-1,1),(306092,40000048,1,1),(306092,40000052,-1,1),(306092,40000052,1,1),(306093,40000002,-1,1),(306093,40000002,1,1),(306093,40000052,-1,1),(306093,40000052,1,1),(307001,21001002,-1,1),(307001,21008002,-1,1),(307001,21009003,-1,1),(307001,22053003,-1,2),(307001,40000007,-1,2),(307001,40000031,-1,4),(307001,40000036,-1,13),(307004,21008002,-1,1),(307004,40000041,-1,1),(307005,21008002,-1,1),(307005,40000056,-1,2),(307006,40000011,-1,1),(307006,40000012,-1,1),(308001,40000027,-1,2),(308001,40000032,-1,1),(308001,40000047,-1,3),(308002,21004003,-1,2),(308002,40000027,-1,3),(308002,40000047,-1,1),(308002,40000052,-1,1),(308003,21008002,-1,1),(308003,22056001,-1,2),(308003,40000027,-1,2),(308003,40000032,-1,3),(308003,40000047,-1,5),(308003,40000047,1,1),(308003,40000052,-1,1),(308003,40000052,1,1),(308004,22053002,-1,1),(308004,40000027,-1,1),(308004,40000027,1,1),(308004,40000032,-1,1),(308004,40000033,-1,2),(308004,40000033,1,1),(308004,40000047,-1,1),(308004,40000052,-1,2),(308005,21006001,-1,2),(308005,22051013,-1,1),(308005,40000027,-1,4),(308005,40000047,-1,5),(308005,40000052,-1,3),(308005,40000052,1,1),(308006,21004003,-1,1),(308006,21007001,-1,2),(308006,21013002,-1,1),(308006,22053002,-1,1),(308006,40000027,-1,2),(308006,40000042,-1,2),(308006,40000047,-1,4),(308006,40000047,1,1),(308006,40000052,-1,2),(308007,22050003,-1,2),(308007,22051002,-1,2),(308007,22053006,-1,2),(308007,40000027,-1,1),(308007,40000042,-1,1),(308007,40000047,-1,3),(308007,40000052,-1,2),(308008,40000003,-1,3),(308009,40000053,-1,2),(308010,21008002,-1,1),(308010,22056001,-1,1),(308010,40000027,-1,4),(308010,40000047,-1,3),(308011,21007001,-1,1),(308011,22050003,-1,1),(308011,22051002,-1,1),(308011,40000042,-1,3),(308012,21008002,-1,1),(308012,22051013,-1,1),(308012,40000042,-1,1),(308012,40000047,-1,2),(308012,40000062,-1,1),(308013,21004003,-1,1),(308013,21013002,-1,1),(308013,40000027,-1,1),(308013,40000043,-1,2),(308013,40000062,-1,3),(308014,22051002,-1,1),(308014,40000042,-1,3),(308014,40000057,-1,3),(308014,40000062,-1,3),(308015,21008002,-1,2),(308015,21013002,-1,1),(308015,40000027,-1,2),(308015,40000042,-1,1),(308015,40000057,-1,2),(308016,21004003,-1,1),(308016,40000042,-1,2),(308016,40000062,-1,2),(308017,21008002,-1,1),(308017,21013002,-1,1),(308017,40000027,-1,2),(308017,40000042,-1,4),(308017,40000057,-1,3),(308017,40000062,-1,2),(308018,40000048,-1,4),(308019,22056001,-1,1),(308019,40000002,-1,1),(308019,40000042,-1,2),(308019,40000057,-1,2),(308019,40000062,-1,1),(308020,21013002,-1,2),(308020,40000042,-1,1),(308020,40000057,-1,4),(308020,40000062,-1,1),(308021,22050003,-1,1),(308021,40000042,-1,3),(308021,40000057,-1,2),(308021,40000062,-1,2),(308022,40000042,-1,1),(308022,40000057,-1,6),(308023,40000063,-1,2),(308024,21006001,-1,2),(308024,40000012,-1,1),(308024,40000057,-1,3),(308025,21004003,-1,1),(308025,21007001,-1,1),(308025,22053002,-1,1),(308025,40000002,-1,1),(308025,40000057,-1,2),(308025,40000062,-1,1),(308026,22051002,-1,1),(308026,22051013,-1,2),(308026,40000002,-1,2),(308026,40000012,-1,2),(308026,40000057,-1,3),(308026,40000062,-1,2),(308027,21007001,-1,1),(308027,21008002,-1,2),(308027,21013002,-1,1),(308027,40000028,-1,2),(308027,40000057,-1,5),(308027,40000062,-1,1),(308028,40000032,-1,2),(308028,40000052,-1,6),(308028,40000057,-1,2),(308029,21008002,-1,1),(308029,40000032,-1,2),(308029,40000052,-1,1),(308029,40000053,-1,1),(308029,40000057,-1,2),(308030,21007001,-1,2),(308030,22050003,-1,1),(308030,40000027,-1,2),(308030,40000032,-1,1),(308030,40000052,-1,1),(308030,40000057,-1,1),(308030,40000058,-1,1),(308031,21006001,-1,1),(308031,21008002,-1,1),(308031,22056001,-1,4),(308031,40000027,-1,1),(308031,40000032,-1,2),(308031,40000033,-1,1),(308031,40000052,-1,5),(308031,40000053,-1,2),(308031,40000057,-1,3),(308032,21004003,-1,2),(308032,21007001,-1,2),(308032,22053002,-1,1),(308032,40000032,-1,1),(308032,40000052,-1,4),(308032,40000057,-1,2),(308032,40000058,-1,1),(308033,21006001,-1,1),(308033,22050003,-1,1),(308033,22051013,-1,1),(308033,40000032,-1,4),(308033,40000033,-1,1),(308033,40000047,-1,1),(308033,40000052,-1,5),(308034,21008002,-1,3),(308034,40000027,-1,1),(308034,40000032,-1,2),(308034,40000033,-1,1),(308034,40000047,-1,1),(308034,40000052,-1,2),(308035,21002004,-1,2),(308035,21007001,-1,3),(308035,22050003,-1,1),(308035,40000027,-1,3),(308035,40000032,-1,6),(308035,40000033,-1,1),(308035,40000047,-1,2),(308035,40000052,-1,3),(308036,22056001,-1,1),(308036,40000027,-1,2),(308036,40000032,-1,1),(308036,40000047,-1,1),(308036,40000048,-1,5),(308036,40000052,-1,3),(310001,40000001,-1,4),(310001,40000031,-1,2),(310002,40000036,-1,1),(310002,40000061,-1,1),(310003,22053003,-1,1),(310003,40000002,-1,1),(310004,21013002,-1,1),(310004,40000011,-1,1),(310004,40000031,-1,2),(310004,40000036,-1,1),(310005,40000011,-1,3),(310005,40000031,-1,1),(310006,40000031,-1,1),(310007,40000011,-1,2),(310008,40000061,-1,1),(310009,22053003,-1,1),(310009,40000031,-1,1),(310009,40000036,-1,1),(310010,21007001,-1,1),(310010,22053002,-1,1),(310010,40000002,-1,1),(310010,40000047,-1,3),(310010,40000048,-1,1),(310010,40000052,-1,5),(310010,40000052,1,1),(310010,40000053,-1,1),(310010,40000062,-1,2),(310011,21006001,-1,1),(310011,22050003,-1,3),(310011,22051002,-1,1),(310011,40000002,-1,3),(310011,40000047,-1,5),(310011,40000052,-1,3),(310012,22053002,-1,2),(310012,22053002,1,1),(310012,22056001,-1,3),(310012,40000002,-1,4),(310012,40000047,-1,9),(310012,40000047,1,1),(310012,40000048,-1,1),(310012,40000053,-1,2),(310013,21004003,-1,1),(310013,21007001,-1,2),(310013,22051002,-1,1),(310013,22051013,-1,1),(310013,40000002,-1,1),(310013,40000002,1,1),(310013,40000047,-1,4),(310013,40000048,-1,2),(310013,40000048,1,1),(310013,40000052,-1,5),(310013,40000053,-1,1),(310014,22054004,-1,2),(310014,22056001,-1,1),(310014,40000002,-1,2),(310014,40000047,-1,6),(310014,40000052,-1,3),(310014,40000052,1,1),(310014,40000063,-1,4),(310014,40000063,1,1),(310018,40000002,-1,2),(310018,40000052,-1,3),(310018,40000062,-1,1),(310018,40000062,1,1),(310019,22056001,-1,1),(310019,40000002,-1,5),(310019,40000003,-1,1),(310019,40000037,-1,2),(310019,40000038,-1,1),(310019,40000052,-1,2),(310019,40000052,2,1),(310019,40000063,-1,1),(310020,21013002,-1,1),(310020,22053002,-1,2),(310020,40000002,-1,2),(310020,40000037,-1,3),(310020,40000052,-1,1),(310020,40000053,-1,1),(310021,21006001,-1,1),(310021,22051013,-1,1),(310021,40000002,-1,2),(310021,40000037,-1,2),(310021,40000043,-1,2),(310021,40000063,-1,1),(310022,21007001,-1,2),(310022,21013002,-1,1),(310022,22053002,-1,2),(310022,40000002,-1,1),(310022,40000007,-1,2),(310022,40000037,-1,4),(310022,40000037,1,1),(310023,22050003,-1,1),(310023,40000007,-1,4),(310023,40000037,-1,1),(310023,40000037,1,1),(310023,40000062,-1,1),(310024,21006001,-1,1),(310024,22056001,-1,1),(310024,40000002,-1,1),(310024,40000007,-1,4),(310024,40000007,1,1),(310024,40000008,-1,1),(310024,40000037,-1,2),(310025,40000002,-1,1),(310025,40000007,-1,1),(310025,40000037,-1,4),(310025,40000048,-1,4),(310025,40000062,-1,1),(313001,21006001,-1,2),(313001,21006001,1,1),(313001,40000002,-1,2),(313001,40000027,-1,2),(313001,40000027,1,1),(313001,40000057,-1,4),(313001,40000057,1,1),(313002,40000002,-1,4),(313002,40000002,1,1),(313002,40000042,-1,1),(313002,40000042,1,1),(313002,40000057,-1,3),(313002,40000057,1,2),(313003,21009020,-1,1),(313003,21009020,1,1),(313003,22051013,-1,1),(313003,22051013,1,1),(313003,40000002,-1,3),(313003,40000002,1,2),(313003,40000027,-1,6),(313003,40000027,1,1),(313003,40000027,2,1),(313003,40000042,-1,2),(313003,40000042,1,1),(313004,40000002,-1,1),(313004,40000057,-1,2),(313004,40000057,1,1),(313005,22051002,-1,1),(313005,22051013,-1,1),(313005,40000042,-1,4),(313005,40000042,1,1),(313005,40000047,-1,3),(313005,40000052,-1,2),(313005,40000052,1,1),(313005,40000057,-1,2),(313006,21006001,-1,1),(313006,22056001,-1,1),(313006,40000047,-1,2),(313006,40000047,1,1),(313006,40000057,-1,1),(313007,21007001,-1,1),(313007,40000042,-1,3),(313007,40000052,-1,2),(313008,22051013,-1,1),(313008,40000057,-1,1),(313008,40000057,1,1),(313009,21002002,-1,3),(313009,21002002,1,1),(313009,40000042,-1,3),(313009,40000047,-1,2),(313009,40000052,-1,1),(313010,21002005,-1,2),(313010,21002005,1,2),(313010,22050003,-1,1),(313010,22050003,1,1),(313010,22051013,-1,1),(313010,22051013,1,1),(313010,40000042,-1,5),(313010,40000042,1,1),(313010,40000047,-1,3),(313010,40000047,1,2),(313010,40000052,-1,1),(313010,40000057,-1,2),(313010,40000057,1,1),(313011,21008002,-1,1),(313011,21008002,1,1),(313011,22056001,-1,1),(313011,40000042,-1,4),(313011,40000042,1,1),(313011,40000047,-1,2),(313011,40000047,1,1),(313011,40000052,-1,2),(313011,40000052,1,1),(313012,21007001,-1,3),(313012,21007001,1,1),(313012,22050003,-1,1),(313012,40000038,-1,2),(313012,40000042,-1,2),(313012,40000052,-1,1),(313012,40000057,-1,1),(313013,21008002,-1,1),(313013,21013002,-1,1),(313013,40000037,-1,1),(313013,40000042,-1,4),(313013,40000057,-1,3),(313013,40000057,1,1),(313013,40000062,-1,4),(313013,40000062,1,1),(313014,21007001,-1,2),(313014,40000037,-1,2),(313014,40000037,1,1),(313014,40000042,-1,4),(313014,40000057,-1,1),(313014,40000057,1,1),(313014,40000062,-1,4),(313015,40000003,-1,4),(313015,40000003,1,1),(313015,40000037,-1,1),(313015,40000042,-1,3),(313015,40000042,1,1),(313015,40000057,-1,1),(313016,40000042,-1,4),(313016,40000043,-1,2),(313016,40000043,1,1),(313016,40000057,-1,1),(313016,40000062,-1,1),(313017,22051002,-1,1),(313017,40000037,-1,1),(313017,40000042,-1,4),(313017,40000057,-1,1),(313018,21007001,-1,1),(313018,40000042,-1,2),(313018,40000057,-1,3),(313018,40000062,-1,4),(313019,21004003,-1,1),(313019,22051002,-1,1),(313019,22051013,-1,1),(313019,40000042,-1,4),(313019,40000062,-1,2),(313020,21006001,-1,1),(313020,22056001,-1,2),(313020,40000042,-1,2),(313020,40000063,-1,2),(501001,40000048,-1,1),(501001,40000048,1,1),(501001,40000062,-1,1),(501001,40000062,1,1),(501002,21004003,-1,2),(501002,21004003,2,1),(501002,22050003,-1,2),(501002,22050003,2,1),(501002,40000062,-1,1),(501002,40000062,1,1),(501003,40000009,-1,1),(501003,40000009,1,1),(501003,40000048,-1,1),(501003,40000048,1,1),(501003,40000052,-1,1),(501003,40000052,1,1),(501003,40000053,-1,1),(501003,40000053,1,1),(501004,40000062,-1,1),(501004,40000062,1,1),(501005,21006001,-1,2),(501005,21006001,2,1),(501005,21008002,-1,1),(501005,21008002,1,1),(501005,40000062,-1,1),(501005,40000062,1,1),(501006,21013002,-1,3),(501006,21013002,3,1),(501006,40000012,-1,1),(501006,40000012,1,1),(501006,40000048,-1,1),(501006,40000048,1,1),(501006,40000063,-1,1),(501006,40000063,1,1),(501007,40000062,-1,1),(501007,40000062,1,1),(501008,21002004,-1,1),(501008,22051002,-1,1),(501008,22051013,-1,1),(501008,40000012,-1,4),(501008,40000012,1,1),(501008,40000012,2,1),(501008,40000013,-1,3),(501008,40000032,-1,9),(501008,40000032,1,1),(501008,40000033,-1,1),(501008,40000033,1,1),(501008,40000047,-1,2),(501009,21006001,-1,1),(501009,21006001,1,1),(501009,21013002,-1,1),(501009,21013002,1,1),(501009,40000012,-1,5),(501009,40000012,1,1),(501009,40000013,-1,4),(501009,40000013,1,1),(501009,40000032,-1,7),(501009,40000032,2,1),(501009,40000033,-1,1),(501009,40000047,-1,4),(501009,40000047,2,1),(501009,40000048,-1,2),(501009,40000048,1,1),(501010,21004003,-1,1),(501010,22050003,-1,1),(501010,22050003,1,1),(501010,22053002,-1,4),(501010,40000012,-1,5),(501010,40000012,1,1),(501010,40000032,-1,4),(501010,40000032,2,1),(501010,40000033,-1,5),(501010,40000033,1,1),(501010,40000047,-1,1),(501010,40000048,-1,2),(501011,22051002,-1,1),(501011,22051002,1,1),(501011,40000012,-1,5),(501011,40000012,2,2),(501011,40000013,-1,1),(501011,40000032,-1,7),(501011,40000032,2,2),(501011,40000033,-1,2),(501011,40000047,-1,3),(501012,21004003,-1,1),(501012,40000008,-1,1),(501012,40000027,-1,2),(501012,40000028,-1,1),(501013,21006001,-1,1),(501013,22050003,-1,1),(501013,22051002,-1,1),(501013,40000008,-1,1),(501013,40000012,-1,1),(501013,40000027,-1,4),(501013,40000028,-1,3),(501014,21013002,-1,1),(501014,40000027,-1,2),(501014,40000028,-1,2),(501015,40000007,-1,3),(501015,40000007,1,1),(501015,40000012,-1,1),(501015,40000012,1,1),(501015,40000027,-1,3),(501015,40000027,2,1),(501015,40000028,-1,1),(501016,21002005,-1,1),(501016,21002005,1,1),(501016,22051013,-1,1),(501016,22056001,-1,1),(501016,22056001,1,1),(501016,40000007,-1,2),(501016,40000007,1,1),(501016,40000008,-1,1),(501016,40000008,1,1),(501016,40000012,-1,3),(501016,40000013,-1,3),(501016,40000013,2,1),(501016,40000027,-1,4),(501016,40000027,2,1),(501016,40000044,-1,2),(501016,40000044,1,1),(501017,21007001,-1,1),(501017,22050003,-1,1),(501017,22050003,1,1),(501017,40000007,-1,6),(501017,40000007,1,1),(501017,40000008,-1,3),(501017,40000008,2,1),(501017,40000012,-1,5),(501017,40000012,1,2),(501017,40000032,-1,1),(501017,40000047,-1,1),(501017,40000047,1,1),(501018,21006001,-1,1),(501018,22051002,-1,1),(501018,22051013,-1,2),(501018,40000007,-1,4),(501018,40000007,2,1),(501018,40000008,-1,1),(501018,40000008,1,1),(501018,40000012,-1,4),(501018,40000012,1,1),(501018,40000013,-1,3),(501018,40000013,1,2),(501018,40000047,-1,1),(501018,40000048,-1,1),(501019,21008002,-1,2),(501019,21008002,1,1),(501019,21013002,-1,3),(501019,21013002,1,1),(501019,40000007,-1,5),(501019,40000007,1,2),(501019,40000008,-1,2),(501019,40000012,-1,4),(501019,40000012,1,1),(501019,40000013,-1,1),(501019,40000048,-1,1),(501020,21004003,-1,3),(501020,21004003,1,1),(501020,22050003,-1,2),(501020,22050003,1,1),(501020,40000007,-1,1),(501020,40000007,1,1),(501020,40000008,-1,3),(501020,40000008,1,1),(501020,40000012,-1,6),(501020,40000012,2,1),(501020,40000013,-1,4),(501020,40000013,2,1),(501020,40000047,-1,2),(501021,21004005,-1,2),(501021,21004005,1,1),(501021,21006001,-1,1),(501021,21006001,1,1),(501021,22053002,-1,1),(501021,40000007,-1,3),(501021,40000008,-1,3),(501021,40000012,-1,4),(501021,40000013,-1,3),(501021,40000013,1,2),(501021,40000014,-1,1),(501021,40000014,1,1),(501021,40000048,-1,1),(502001,40000047,-1,1),(502001,40000047,1,1),(502001,40000062,-1,1),(502001,40000062,1,1),(502001,40000063,-1,1),(502001,40000063,1,1),(502002,21004003,-1,1),(502002,21004003,1,1),(502002,22050003,-1,1),(502002,22050003,1,1),(502002,22051002,-1,1),(502002,22051002,1,1),(502002,40000047,-1,1),(502002,40000047,1,1),(502003,21008002,-1,1),(502003,21008002,1,1),(502003,40000048,-1,1),(502003,40000048,1,1),(502004,21004003,-1,2),(502004,21004003,1,2),(502004,21007001,-1,1),(502004,21007001,1,1),(502004,22050003,-1,1),(502004,22050003,1,1),(502004,22053002,-1,1),(502004,22053002,1,1),(502004,40000047,-1,4),(502004,40000047,2,2),(502004,40000048,-1,1),(502004,40000048,1,1),(502004,40000062,-1,1),(502004,40000062,1,1),(502005,21006001,-1,3),(502005,21006001,1,1),(502005,21006001,2,1),(502005,22055004,-1,2),(502005,22055004,1,2),(502005,40000002,-1,2),(502005,40000002,2,1),(502005,40000037,-1,1),(502005,40000037,1,1),(502005,40000047,-1,4),(502005,40000047,2,2),(502005,40000048,-1,1),(502005,40000048,1,1),(502006,22053002,-1,1),(502006,22053002,1,1),(502006,40000002,-1,1),(502006,40000002,1,1),(502006,40000037,-1,1),(502006,40000037,1,1),(502006,40000047,-1,1),(502006,40000047,1,1),(502007,21006001,-1,1),(502007,21006001,1,1),(502007,22051013,-1,1),(502007,22051013,1,1),(502007,40000037,-1,1),(502007,40000037,1,1),(502007,40000047,-1,2),(502007,40000047,2,1),(502007,40000062,-1,1),(502007,40000062,1,1),(502008,21008002,-1,2),(502008,21008002,1,2),(502008,21013002,-1,1),(502008,21013002,1,1),(502008,22053002,-1,1),(502008,22053002,1,1),(502008,40000037,-1,2),(502008,40000037,2,1),(502008,40000047,-1,1),(502008,40000047,1,1),(502009,21004003,-1,1),(502009,21004003,1,1),(502009,21007001,-1,1),(502009,21007001,1,1),(502009,40000037,-1,1),(502009,40000037,1,1),(502009,40000047,-1,2),(502009,40000047,2,1),(502009,40000062,-1,3),(502009,40000062,1,1),(502009,40000062,2,1),(502010,21006001,-1,4),(502010,21006001,1,1),(502010,21006001,3,1),(502010,21008002,-1,1),(502010,21008002,1,1),(502010,22051013,-1,1),(502010,22051013,1,1),(502010,40000037,-1,1),(502010,40000037,1,1),(502010,40000047,-1,2),(502010,40000047,1,2),(502010,40000048,-1,2),(502010,40000048,1,2),(502011,21007001,-1,1),(502011,21007001,1,1),(502011,22050016,-1,1),(502011,22050016,1,1),(502011,22053002,-1,3),(502011,22053002,1,1),(502011,22053002,2,1),(502011,40000003,-1,1),(502011,40000003,1,1),(502011,40000047,-1,3),(502011,40000047,1,1),(502011,40000047,2,1),(502011,40000048,-1,1),(502011,40000048,1,1),(502012,22051002,-1,1),(502012,22051002,1,1),(502012,40000037,-1,2),(502012,40000037,2,1),(502012,40000038,-1,1),(502012,40000038,1,1),(502012,40000047,-1,1),(502012,40000047,1,1),(502013,21007001,-1,1),(502013,21007001,1,1),(502013,40000047,-1,1),(502013,40000047,1,1),(502013,40000048,-1,1),(502013,40000048,1,1),(502014,21004003,-1,1),(502014,21004003,1,1),(502015,21006001,-1,1),(502015,21006001,1,1),(502015,40000047,-1,4),(502015,40000047,4,1),(502015,40000048,-1,1),(502015,40000048,1,1),(502016,40000004,-1,1),(502016,40000004,1,1),(502017,22051002,-1,1),(502017,40000032,-1,1),(502017,40000037,-1,4),(502017,40000038,-1,1),(502018,21008002,-1,2),(502018,22051013,-1,1),(502018,22056001,-1,1),(502018,40000012,-1,1),(502018,40000032,-1,1),(502018,40000037,-1,4),(502018,40000047,-1,2),(502019,21004003,-1,1),(502019,21007001,-1,1),(502019,22051016,-1,3),(502019,40000033,-1,1),(502019,40000037,-1,4),(502019,40000038,-1,2),(502019,40000047,-1,6),(502019,40000048,-1,1),(502020,22051002,-1,2),(502020,40000037,-1,4),(502020,40000038,-1,1),(502020,40000047,-1,7),(502020,40000048,-1,1),(502021,40000029,-1,2),(502021,40000032,-1,2),(502021,40000033,-1,1),(502021,40000047,-1,3),(503001,40000033,-1,1),(503001,40000037,-1,1),(503001,40000038,-1,1),(503001,40000038,1,1),(503001,40000047,-1,1),(503001,40000048,-1,1),(503001,40000062,-1,3),(503002,21006001,-1,1),(503002,21008002,-1,1),(503002,22052007,-1,1),(503002,40000032,-1,1),(503002,40000033,-1,1),(503002,40000037,-1,1),(503002,40000047,-1,1),(503002,40000048,-1,1),(503002,40000048,1,1),(503002,40000062,-1,2),(503003,22053002,-1,1),(503003,40000033,-1,1),(503003,40000037,-1,2),(503003,40000037,1,1),(503003,40000047,-1,3),(503003,40000047,1,1),(503003,40000048,-1,1),(503003,40000048,1,1),(503003,40000062,-1,2),(503003,40000063,-1,2),(503003,40000063,1,1),(503004,22051013,-1,1),(503004,40000032,-1,3),(503004,40000032,2,1),(503004,40000033,-1,1),(503004,40000037,-1,1),(503004,40000038,-1,1),(503004,40000048,-1,1),(503004,40000048,1,1),(503004,40000062,-1,1),(503005,21007001,-1,1),(503005,22053002,-1,1),(503005,40000027,-1,1),(503005,40000032,-1,1),(503005,40000033,-1,1),(503005,40000038,-1,1),(503005,40000038,1,1),(503005,40000062,-1,2),(503005,40000062,1,1),(503005,40000063,-1,1),(503006,22051013,-1,2),(503006,22051013,1,1),(503006,40000028,-1,1),(503006,40000032,-1,3),(503006,40000032,2,1),(503006,40000033,-1,1),(503006,40000033,1,1),(503006,40000062,-1,3),(503007,40000032,-1,1),(503007,40000037,-1,1),(503007,40000037,1,1),(503007,40000062,-1,5),(503007,40000062,1,1),(503007,40000063,-1,1),(503007,40000063,1,1),(503008,40000037,-1,2),(503008,40000054,-1,1),(503008,40000054,1,1),(503008,40000062,-1,2),(503009,21006001,-1,3),(503009,21008002,-1,2),(503009,40000027,-1,2),(503009,40000032,-1,5),(503009,40000032,1,1),(503009,40000037,-1,3),(503010,21007001,-1,1),(503010,22050003,-1,1),(503010,22050003,1,1),(503010,40000027,-1,3),(503010,40000032,-1,2),(503010,40000033,-1,1),(503010,40000037,-1,4),(503010,40000062,-1,1),(503011,22051013,-1,1),(503011,22056001,-1,1),(503011,40000027,-1,1),(503011,40000032,-1,3),(503011,40000032,1,1),(503011,40000033,-1,1),(503011,40000037,-1,2),(503011,40000038,-1,1),(503011,40000038,1,1),(503012,21013002,-1,1),(503012,40000027,-1,1),(503012,40000032,-1,6),(503012,40000032,1,1),(503012,40000037,-1,4),(503012,40000037,1,1),(503013,21006001,-1,1),(503013,40000037,-1,1),(503013,40000037,1,1),(503013,40000038,-1,1),(503014,21013002,-1,1),(503014,21013002,1,1),(503014,22053002,-1,1),(503014,22053002,1,1),(503014,40000027,-1,1),(503014,40000032,-1,4),(503014,40000032,1,1),(503014,40000052,-1,2),(503014,40000052,1,1),(503014,40000053,-1,1),(503014,40000063,-1,2),(503014,40000063,2,1),(503015,22050003,-1,1),(503015,22051002,-1,1),(503015,40000028,-1,1),(503015,40000052,-1,5),(503015,40000052,3,1),(503015,40000053,-1,1),(503015,40000053,1,1),(503016,21006001,-1,1),(503016,22056001,-1,1),(503016,40000032,-1,8),(503016,40000032,2,1),(503016,40000033,-1,1),(503016,40000052,-1,2),(503016,40000053,-1,1),(503016,40000053,1,1),(503017,21007001,-1,2),(503017,40000032,-1,5),(503017,40000033,-1,2),(503017,40000033,1,1),(503017,40000049,-1,1),(503017,40000049,1,1),(503017,40000052,-1,5),(503017,40000052,2,1),(503017,40000053,-1,2),(503017,40000053,1,1),(504001,22051003,-1,1),(504001,22054002,-1,2),(504001,40000007,-1,5),(504001,40000007,1,2),(504001,40000008,-1,3),(504001,40000008,1,1),(504001,40000047,-1,5),(504001,40000048,-1,2),(504001,40000048,1,2),(504001,40000052,-1,8),(504001,40000052,1,2),(504001,40000053,-1,2),(504002,21001003,-1,2),(504002,21006001,-1,4),(504002,21006001,1,1),(504002,22054002,-1,1),(504002,22054002,1,1),(504002,40000007,-1,2),(504002,40000008,-1,1),(504002,40000047,-1,2),(504002,40000047,1,1),(504002,40000048,-1,1),(504002,40000048,1,1),(504002,40000052,-1,3),(504002,40000052,1,1),(504002,40000053,-1,2),(504003,21001003,-1,10),(504003,21001003,1,1),(504003,21001003,2,1),(504003,21006001,-1,10),(504003,21006001,1,1),(504003,22050006,-1,3),(504003,22051003,-1,1),(504003,22051003,1,1),(504003,22054002,-1,10),(504003,22054002,1,3),(504003,40000007,-1,12),(504003,40000007,1,1),(504003,40000008,-1,7),(504003,40000008,1,2),(504003,40000047,-1,16),(504003,40000047,1,5),(504003,40000048,-1,5),(504003,40000049,-1,15),(504003,40000049,1,3),(504003,40000052,-1,8),(504003,40000052,1,2),(504003,40000053,-1,5),(504003,40000053,1,1),(504004,21006001,-1,1),(504004,22054002,-1,1),(504004,22054002,1,1),(504004,40000002,-1,5),(504004,40000002,1,1),(504004,40000002,2,1),(504004,40000042,-1,7),(504004,40000042,1,2),(504004,40000042,2,1),(504004,40000043,-1,1),(504004,40000057,-1,3),(504004,40000057,1,1),(504004,40000058,-1,1),(504005,21006001,-1,1),(504005,21006001,1,1),(504005,40000002,-1,3),(504005,40000002,1,1),(504005,40000003,-1,2),(504005,40000003,1,2),(504005,40000057,-1,3),(504005,40000057,1,1),(504005,40000057,2,1),(504006,22054002,-1,1),(504006,22054002,1,1),(504006,40000042,-1,1),(504007,40000013,-1,1),(504007,40000013,1,1),(504007,40000048,-1,1),(504007,40000048,1,1),(504008,40000012,-1,1),(504008,40000012,1,1),(504009,21001004,-1,1),(504009,21001004,1,1),(504009,40000053,-1,1),(504009,40000053,1,1),(504012,22054002,-1,1),(504012,22054002,1,1),(504012,40000007,-1,1),(504012,40000007,1,1),(504013,21001004,-1,2),(504013,21001004,2,1),(504013,22054002,-1,1),(504013,22054002,1,1),(504013,40000058,-1,1),(504013,40000058,1,1),(504014,40000008,-1,1),(504014,40000008,1,1),(504014,40000043,-1,1),(504014,40000043,1,1),(504015,40000063,-1,1),(504017,22055003,-1,1),(504018,21001004,-1,1),(504018,21001004,1,1),(504019,40000062,-1,1),(504040,21013002,-1,1),(504041,21007001,-1,1),(504041,40000027,-1,1),(504041,40000057,-1,1),(504042,22051002,-1,1),(504042,40000027,-1,1),(504042,40000028,-1,1),(504043,21008002,-1,1),(504044,21004003,-1,1),(504044,22051002,-1,1),(504044,40000008,-1,1),(504045,21008002,-1,2),(504045,21008002,2,1),(504045,21013002,-1,2),(504045,21013002,2,1),(504045,40000058,-1,1),(504045,40000058,1,1),(504046,21007001,-1,1),(504046,21007001,1,1),(504046,40000057,-1,1),(504046,40000057,1,1),(504046,40000062,-1,1),(504046,40000062,1,1),(505001,21004002,-1,46),(505001,21004002,1,11),(505001,21004002,2,5),(505001,21004002,3,1),(505001,21007001,-1,8),(505001,21007001,1,2),(505001,21007001,2,1),(505001,22050004,-1,4),(505001,22050004,1,3),(505001,22052002,-1,4),(505001,22052002,1,2),(505001,40000002,-1,103),(505001,40000002,1,18),(505001,40000002,2,13),(505001,40000002,3,7),(505001,40000002,4,1),(505001,40000003,-1,28),(505001,40000003,1,13),(505001,40000003,2,1),(505001,40000032,-1,10),(505001,40000032,1,3),(505001,40000032,2,2),(505001,40000033,-1,10),(505001,40000033,1,8),(505001,40000037,-1,9),(505001,40000037,1,6),(505001,40000038,-1,2),(505001,40000038,1,1),(505002,21004002,-1,3),(505002,21004002,1,1),(505002,21004002,2,1),(505002,21007001,-1,1),(505002,21007001,1,1),(505002,22052002,-1,1),(505002,22052002,1,1),(505002,40000037,-1,1),(505002,40000037,1,1),(505002,40000038,-1,2),(505002,40000038,2,1),(505003,21004002,-1,4),(505003,21004002,1,1),(505003,21004002,3,1),(505003,21007001,-1,1),(505003,21007001,1,1),(505003,40000002,-1,2),(505003,40000002,2,1),(505003,40000037,-1,1),(505003,40000037,1,1),(505004,21004002,-1,6),(505004,21004002,1,4),(505004,21004002,2,1),(505004,21007001,-1,2),(505004,21007001,1,2),(505004,40000002,-1,12),(505004,40000002,1,5),(505004,40000002,2,2),(505004,40000002,3,1),(505004,40000003,-1,4),(505004,40000003,1,4),(505004,40000032,-1,1),(505004,40000032,1,1),(505004,40000037,-1,1),(505004,40000037,1,1),(505004,40000038,-1,1),(505004,40000038,1,1),(505005,21004002,-1,1),(505005,21004002,1,1),(505005,40000037,-1,3),(505005,40000037,1,1),(505005,40000037,2,1),(505005,40000054,-1,1),(505005,40000054,1,1),(505006,40000002,-1,1),(505006,40000002,1,1),(505007,40000002,-1,1),(505007,40000002,1,1),(505009,22050004,-1,1),(505009,22050004,1,1),(505009,40000047,-1,2),(505009,40000047,1,2),(505014,22053001,-1,1),(505014,22053001,1,1),(505014,40000027,-1,1),(505014,40000027,1,1),(505015,21005001,-1,1),(505015,21005001,1,1),(505015,40000002,-1,1),(505015,40000002,1,1),(505016,40000062,-1,1),(505016,40000062,1,1),(505017,22053001,-1,1),(505017,22053001,1,1),(505017,40000062,-1,2),(505017,40000062,2,1),(505017,40000063,-1,2),(505017,40000063,1,2),(505018,21005001,-1,1),(505018,21005001,1,1),(505018,40000062,-1,1),(505018,40000062,1,1),(505024,40000042,-1,1),(505024,40000042,1,1),(505024,40000052,-1,1),(505024,40000052,1,1),(505024,40000053,-1,1),(505024,40000053,1,1),(505034,40000037,-1,1),(505034,40000037,1,1),(505034,40000057,-1,1),(505034,40000057,1,1),(505035,21005003,-1,1),(505035,21005003,1,1),(506005,40000012,-1,1),(506005,40000012,1,1),(506005,40000032,-1,1),(506005,40000032,1,1),(506005,40000037,-1,1),(506005,40000037,1,1),(506006,22051013,-1,1),(506006,22051013,1,1),(506006,40000013,-1,1),(506006,40000013,1,1),(506007,21010003,-1,1),(506007,21010003,1,1),(506007,40000033,-1,1),(506007,40000033,1,1),(506008,22054001,-1,1),(506008,22054001,1,1),(506008,40000012,-1,1),(506008,40000012,1,1),(506008,40000037,-1,1),(506008,40000037,1,1),(506014,40000007,-1,2),(506014,40000007,2,1),(506016,21004003,-1,1),(506016,21004003,1,1),(506016,40000007,-1,1),(506016,40000007,1,1),(506016,40000008,-1,1),(506016,40000008,1,1),(506017,40000007,-1,1),(506017,40000007,1,1),(506017,40000028,-1,1),(506017,40000028,1,1),(506017,40000062,-1,1),(506017,40000062,1,1),(506018,21006002,-1,2),(506018,21006002,2,1),(506018,22050002,-1,1),(506018,22050002,1,1),(506018,40000027,-1,1),(506018,40000027,1,1),(506019,22050002,-1,1),(506019,22050002,1,1),(506019,40000027,-1,1),(506019,40000027,1,1),(506035,21008002,-1,4),(506035,21008002,1,1),(506035,21008002,2,1),(506035,21013002,-1,2),(506035,21013002,1,1),(506035,22053002,-1,2),(506035,22053002,1,1),(506035,40000012,-1,1),(506035,40000012,1,1),(506035,40000037,-1,11),(506035,40000037,1,2),(506035,40000037,2,1),(506035,40000038,-1,7),(506035,40000052,-1,1),(506035,40000052,1,1),(506035,40000062,-1,1),(506035,40000062,1,1),(506036,21004003,-1,14),(506036,21004003,1,5),(506036,21004003,2,1),(506036,22050003,-1,2),(506036,22050003,1,1),(506036,22051002,-1,2),(506036,40000037,-1,4),(506036,40000037,1,1),(506036,40000038,-1,1),(506036,40000053,-1,1),(506037,21006001,-1,14),(506037,21006001,1,3),(506037,21013002,-1,3),(506037,22056001,-1,1),(506037,40000012,-1,1),(506037,40000037,-1,9),(506037,40000037,1,6),(506037,40000037,2,1),(506037,40000038,-1,6),(506037,40000038,1,1),(506037,40000052,-1,3),(506037,40000052,1,1),(506038,21004003,-1,2),(506038,21004003,1,2),(506038,22053002,-1,11),(506038,22053002,1,3),(506038,40000037,-1,6),(506038,40000037,1,2),(506038,40000038,-1,3),(506038,40000038,1,1),(506038,40000062,-1,2),(506039,22051002,-1,25),(506039,22051002,1,5),(506039,22051002,2,1),(506039,22051002,3,1),(506039,40000037,-1,19),(506039,40000037,1,5),(506039,40000037,2,1),(506039,40000038,-1,4),(506039,40000038,1,1),(506040,21008002,-1,18),(506040,21008002,1,3),(506040,21008002,2,1),(506040,40000037,-1,19),(506040,40000037,1,4),(506040,40000037,2,1),(506040,40000038,-1,8),(506040,40000038,1,3),(506041,22053006,-1,14),(506041,22053006,1,11),(506041,40000064,-1,21),(506041,40000064,1,10),(506042,40000058,-1,1),(506042,40000058,1,1),(506043,21007001,-1,1),(506043,21007001,1,1),(506043,40000058,-1,1),(506043,40000058,1,1),(506044,22051013,-1,1),(506044,22051013,1,1),(506044,40000002,-1,1),(506044,40000002,1,1),(506045,21004003,-1,1),(506045,21004003,1,1),(506045,40000042,-1,2),(506045,40000042,2,1),(506046,40000027,-1,2),(506046,40000027,2,1),(506046,40000062,-1,2),(506046,40000062,2,1),(506047,21013002,-1,1),(506047,21013002,1,1),(506047,22053002,-1,1),(506047,22053002,1,1),(506047,40000027,-1,3),(506047,40000027,3,1),(506047,40000028,-1,1),(506047,40000028,1,1),(506047,40000042,-1,1),(506047,40000042,1,1),(506048,22050003,-1,2),(506048,22050003,2,1),(506049,21013002,-1,2),(506049,21013002,2,1),(506049,22056001,-1,1),(506049,22056001,1,1),(506049,40000003,-1,1),(506049,40000003,1,1),(506050,21007001,-1,1),(506050,21007001,1,1),(506050,22050003,-1,1),(506050,22050003,1,1),(506050,22051002,-1,1),(506050,22051002,1,1),(506050,40000002,-1,1),(506050,40000002,1,1),(506050,40000033,-1,2),(506050,40000033,1,2),(506051,21006001,-1,1),(506051,21006001,1,1),(506051,22051013,-1,3),(506051,22051013,1,1),(506051,22051013,2,1),(506051,40000002,-1,2),(506051,40000002,1,2),(506051,40000003,-1,2),(506051,40000003,2,1),(506051,40000032,-1,2),(506051,40000032,1,2),(506052,22050016,-1,1),(506052,22050016,1,1),(506052,40000002,-1,2),(506052,40000002,2,1),(506052,40000032,-1,1),(506052,40000032,1,1),(506052,40000039,-1,1),(506052,40000039,1,1),(506052,40000053,-1,1),(506052,40000053,1,1),(506053,40000047,-1,2),(506053,40000047,1,2),(506054,21007001,-1,1),(506054,21007001,1,1),(506054,22050003,-1,1),(506054,22050003,1,1),(506054,22053002,-1,2),(506054,22053002,2,1),(506054,40000002,-1,2),(506054,40000002,2,1),(506054,40000032,-1,2),(506054,40000032,1,2),(506054,40000033,-1,1),(506054,40000033,1,1),(506054,40000047,-1,1),(506054,40000047,1,1),(506055,21006001,-1,1),(506055,21006001,1,1),(506055,22051002,-1,1),(506055,22051002,1,1),(506055,22051013,-1,1),(506055,22051013,1,1),(506055,40000002,-1,1),(506055,40000002,1,1),(506055,40000047,-1,2),(506055,40000047,2,1),(506056,21007001,-1,1),(506056,21007001,1,1),(506056,22050003,-1,1),(506056,22050003,1,1),(506056,40000003,-1,1),(506056,40000003,1,1),(506056,40000013,-1,1),(506056,40000013,1,1),(506056,40000032,-1,2),(506056,40000032,1,2),(506056,40000034,-1,1),(506056,40000034,1,1),(506056,40000047,-1,1),(506056,40000047,1,1),(506057,22051013,-1,1),(506057,22051013,1,1),(506057,22056001,-1,4),(506057,22056001,2,2),(506057,40000032,-1,6),(506057,40000032,2,1),(506057,40000032,4,1),(506057,40000033,-1,1),(506057,40000033,1,1),(506058,21007001,-1,2),(506058,21007001,2,1),(506058,21013002,-1,1),(506058,21013002,1,1),(506058,40000032,-1,4),(506058,40000032,4,1),(506058,40000033,-1,1),(506058,40000033,1,1),(506058,40000047,-1,1),(506058,40000047,1,1),(506077,21004003,-1,2),(506077,40000042,-1,1),(506078,21007001,-1,1),(506078,40000007,-1,1),(506079,21004003,-1,1),(506079,40000032,-1,1),(506079,40000042,-1,1),(506080,40000053,-1,1),(506080,40000053,1,1),(506081,40000002,-1,1),(506081,40000002,1,1),(506082,21007001,-1,2),(506082,21007001,2,1),(506083,21002004,-1,5),(506083,40000054,-1,4),(506089,21013002,-1,3),(506089,40000002,-1,1),(506089,40000012,-1,1),(506090,22050003,-1,1),(506091,21008002,-1,2),(506091,40000012,-1,1),(506092,21005003,-1,9),(506092,21013002,-1,10),(506092,22053002,-1,6),(506092,40000002,-1,4),(506092,40000003,-1,3),(506092,40000049,-1,7),(506092,40000052,-1,10),(507001,21009003,-1,1),(507001,21009003,1,1),(507001,40000037,-1,1),(507001,40000037,1,1),(507004,40000058,-1,1),(507004,40000058,1,1),(508001,21005003,-1,1),(508001,40000027,-1,2),(508001,40000027,1,1),(508001,40000032,-1,2),(508001,40000047,-1,4),(508001,40000052,-1,1),(508001,40000053,-1,1),(508002,21006001,-1,1),(508002,22051013,-1,1),(508002,40000027,-1,4),(508002,40000027,1,1),(508002,40000032,-1,3),(508002,40000032,1,2),(508002,40000033,-1,1),(508002,40000047,-1,3),(508002,40000047,1,1),(508002,40000052,-1,4),(508002,40000052,1,1),(508002,40000053,-1,1),(508003,21007001,-1,1),(508003,21007001,1,1),(508003,21008002,-1,1),(508003,21008002,1,1),(508003,22053002,-1,1),(508003,22053002,1,1),(508003,40000032,-1,2),(508003,40000032,1,1),(508003,40000047,-1,3),(508003,40000048,-1,2),(508003,40000053,-1,1),(508004,22051002,-1,1),(508004,40000034,-1,5),(508004,40000034,1,1),(508004,40000047,-1,2),(508004,40000047,1,1),(508004,40000052,-1,3),(508004,40000052,1,1),(508005,21008002,-1,1),(508005,21013002,-1,1),(508005,22056001,-1,2),(508005,40000042,-1,2),(508005,40000047,-1,1),(508005,40000048,-1,1),(508005,40000052,-1,2),(508006,21004003,-1,1),(508006,21007001,-1,1),(508006,22050003,-1,2),(508006,22051002,-1,1),(508006,40000027,-1,3),(508006,40000048,-1,1),(508006,40000052,-1,1),(508006,40000053,-1,1),(508007,21006001,-1,1),(508007,22056001,-1,1),(508007,40000027,-1,4),(508007,40000028,-1,1),(508007,40000042,-1,2),(508007,40000047,-1,6),(508007,40000048,-1,2),(508007,40000052,-1,1),(508007,40000053,-1,1),(508008,22050003,-1,1),(508009,40000054,-1,1),(508010,40000028,-1,2),(508010,40000047,-1,3),(508010,40000048,-1,3),(508010,40000062,-1,1),(508010,40000063,-1,1),(508011,22050003,-1,1),(508011,22051002,-1,1),(508011,40000027,-1,2),(508011,40000027,1,2),(508011,40000028,-1,1),(508011,40000047,-1,1),(508011,40000048,-1,1),(508012,21008001,-1,1),(508012,40000028,-1,1),(508012,40000042,-1,1),(508012,40000047,-1,4),(508012,40000047,1,1),(508012,40000062,-1,1),(508012,40000062,1,1),(508013,22051013,-1,2),(508013,40000027,-1,1),(508013,40000044,-1,2),(508013,40000047,-1,2),(508013,40000048,-1,1),(508014,21008002,-1,1),(508014,40000027,-1,3),(508014,40000027,2,1),(508014,40000042,-1,2),(508014,40000042,2,1),(508014,40000062,-1,2),(508015,40000027,-1,1),(508015,40000042,-1,2),(508015,40000057,-1,3),(508015,40000062,-1,1),(508015,40000063,-1,1),(508016,40000028,-1,1),(508016,40000042,-1,3),(508016,40000042,1,1),(508016,40000057,-1,1),(508016,40000058,-1,1),(508016,40000058,1,1),(508016,40000062,-1,1),(508017,22053002,-1,2),(508017,40000028,-1,1),(508017,40000028,1,1),(508017,40000042,-1,1),(508017,40000043,-1,1),(508018,40000049,-1,1),(508019,21013002,-1,1),(508019,21013002,1,1),(508019,40000042,-1,1),(508019,40000057,-1,2),(508019,40000057,1,1),(508020,21004003,-1,1),(508020,40000002,-1,1),(508020,40000057,-1,1),(508020,40000057,1,1),(508020,40000058,-1,1),(508020,40000062,-1,3),(508021,21006001,-1,1),(508021,21006001,1,1),(508021,22051013,-1,1),(508021,22056001,-1,2),(508021,22056001,1,1),(508021,40000042,-1,2),(508021,40000042,1,1),(508021,40000043,-1,1),(508021,40000043,1,1),(508021,40000057,-1,2),(508021,40000058,-1,1),(508021,40000058,1,1),(508021,40000062,-1,3),(508022,21013002,-1,1),(508022,22053002,-1,1),(508022,40000043,-1,1),(508022,40000062,-1,1),(508023,40000064,-1,1),(508024,21013002,-1,1),(508024,21013002,1,1),(508024,40000002,-1,1),(508024,40000012,-1,1),(508024,40000057,-1,3),(508024,40000057,1,1),(508024,40000058,-1,2),(508024,40000058,2,1),(508025,21004003,-1,1),(508025,21004003,1,1),(508025,22050003,-1,1),(508025,40000002,-1,1),(508025,40000057,-1,2),(508025,40000057,1,1),(508025,40000062,-1,1),(508025,40000063,-1,1),(508025,40000063,1,1),(508026,21008002,-1,1),(508026,40000012,-1,1),(508026,40000013,-1,1),(508026,40000013,1,1),(508026,40000057,-1,1),(508026,40000058,-1,1),(508026,40000062,-1,3),(508026,40000062,1,1),(508027,40000057,-1,1),(508027,40000057,1,1),(508027,40000062,-1,1),(508028,21006001,-1,1),(508028,21006001,1,1),(508028,40000027,-1,2),(508028,40000027,1,1),(508028,40000032,-1,2),(508028,40000033,-1,2),(508028,40000033,1,1),(508028,40000052,-1,1),(508028,40000052,1,1),(508028,40000057,-1,2),(508028,40000057,1,1),(508029,21013002,-1,1),(508029,40000028,-1,2),(508029,40000032,-1,1),(508029,40000032,1,1),(508029,40000033,-1,1),(508029,40000052,-1,2),(508029,40000052,1,2),(508029,40000057,-1,1),(508029,40000057,1,1),(508030,21006001,-1,1),(508030,21006001,1,1),(508030,22051002,-1,1),(508030,40000027,-1,1),(508030,40000027,1,1),(508030,40000032,-1,2),(508030,40000033,-1,1),(508030,40000053,-1,2),(508031,40000027,-1,1),(508031,40000027,1,1),(508031,40000032,-1,3),(508031,40000032,1,1),(508031,40000032,2,1),(508031,40000052,-1,1),(508032,21007001,-1,1),(508032,22050003,-1,2),(508032,40000027,-1,4),(508032,40000027,1,3),(508032,40000052,-1,3),(508032,40000053,-1,1),(508032,40000057,-1,1),(508032,40000057,1,1),(508032,40000058,-1,1),(508032,40000058,1,1),(508033,21008002,-1,1),(508033,21008002,1,1),(508033,40000032,-1,3),(508033,40000052,-1,2),(508033,40000052,1,1),(508033,40000053,-1,1),(508033,40000053,1,1),(508034,21004003,-1,1),(508034,21004003,1,1),(508034,21013002,-1,1),(508034,21013002,1,1),(508034,22053002,-1,2),(508034,40000027,-1,1),(508034,40000027,1,1),(508034,40000032,-1,2),(508034,40000032,1,1),(508034,40000047,-1,1),(508035,22050003,-1,1),(508035,22051002,-1,2),(508035,22051002,1,1),(508035,40000027,-1,1),(508035,40000032,-1,1),(508035,40000032,1,1),(508035,40000052,-1,4),(508035,40000052,1,1),(508035,40000052,3,1),(508036,21007001,-1,1),(508036,21007001,1,1),(508036,40000047,-1,1),(508036,40000049,-1,1),(508036,40000052,-1,1),(508036,40000052,1,1),(510001,22053003,-1,1),(510001,22053003,1,1),(510001,40000002,-1,1),(510001,40000002,1,1),(510001,40000032,-1,1),(510001,40000032,1,1),(510002,22053003,-1,1),(510002,22053003,1,1),(510002,40000032,-1,2),(510002,40000032,2,1),(510002,40000062,-1,1),(510002,40000062,1,1),(510003,22053003,-1,1),(510003,22053003,1,1),(510003,40000029,-1,1),(510003,40000029,1,1),(510004,21010002,-1,1),(510004,21010002,1,1),(510004,40000012,-1,1),(510004,40000012,1,1),(510004,40000032,-1,1),(510004,40000032,1,1),(510005,40000032,-1,1),(510005,40000032,1,1),(510005,40000037,-1,1),(510005,40000037,1,1),(510006,40000012,-1,1),(510006,40000012,1,1),(510006,40000037,-1,1),(510006,40000037,1,1),(510007,40000008,-1,1),(510007,40000008,1,1),(510007,40000012,-1,1),(510007,40000012,1,1),(510007,40000037,-1,1),(510007,40000037,1,1),(510008,40000062,-1,1),(510008,40000062,1,1),(510009,40000013,-1,1),(510009,40000013,1,1),(510010,21004003,-1,1),(510010,21007001,-1,1),(510010,40000002,-1,3),(510010,40000002,1,1),(510010,40000003,-1,1),(510010,40000047,-1,3),(510010,40000052,-1,1),(510010,40000053,-1,2),(510011,21008002,-1,1),(510011,21008002,1,1),(510011,40000048,-1,1),(510011,40000052,-1,1),(510011,40000053,-1,1),(510012,21013002,-1,1),(510012,40000003,-1,1),(510012,40000047,-1,4),(510012,40000047,1,1),(510012,40000048,-1,1),(510012,40000052,-1,3),(510012,40000052,1,1),(510012,40000053,-1,1),(510012,40000053,1,1),(510013,22050003,-1,3),(510013,22056001,-1,1),(510013,40000047,-1,1),(510013,40000048,-1,2),(510013,40000052,-1,1),(510014,21004003,-1,1),(510014,40000047,-1,2),(510014,40000047,1,1),(513002,21004003,-1,1),(513002,21004003,1,1),(513002,40000003,-1,1),(513002,40000003,1,1),(513002,40000027,-1,1),(513002,40000027,1,1),(513003,21006001,-1,1),(513003,21006001,1,1),(513003,40000002,-1,2),(513003,40000003,-1,2),(513003,40000003,1,1),(513003,40000042,-1,1),(513003,40000057,-1,1),(513003,40000057,1,1),(513004,40000042,-1,1),(513004,40000042,1,1),(513006,21013002,-1,1),(513006,21013002,1,1),(513006,40000052,-1,1),(513006,40000058,-1,1),(513007,22051002,-1,1),(513007,40000042,-1,2),(513007,40000047,-1,1),(513007,40000047,1,1),(513007,40000052,-1,1),(513007,40000057,-1,1),(513007,40000057,1,1),(513008,40000054,-1,1),(513008,40000054,1,1),(513009,21007001,-1,1),(513009,40000047,-1,2),(513010,21008002,-1,1),(513010,21008002,1,1),(513010,40000042,-1,1),(513010,40000047,-1,1),(513010,40000053,-1,1),(513010,40000057,-1,2),(513010,40000058,-1,1),(513011,40000043,-1,1),(513011,40000043,1,1),(513011,40000047,-1,1),(513011,40000047,1,1),(513012,40000042,-1,1),(513012,40000042,1,1),(513013,21008002,-1,1),(513013,21008002,1,1),(513013,40000038,-1,1),(513013,40000042,-1,1),(513013,40000057,-1,1),(513013,40000063,-1,1),(513013,40000063,1,1),(513014,40000058,-1,1),(513015,22053002,-1,1),(513015,40000042,-1,1),(513015,40000042,1,1),(513015,40000057,-1,1),(513016,40000042,-1,1),(513016,40000042,1,1),(513016,40000044,-1,1),(513016,40000044,1,1),(513016,40000057,-1,1),(513017,40000043,-1,1),(513017,40000043,1,1),(513017,40000057,-1,1),(513017,40000057,1,1),(513017,40000062,-1,1),(513017,40000062,1,1),(513017,40000063,-1,1),(513018,40000042,-1,1),(513018,40000043,-1,1),(513018,40000043,1,1),(513018,40000062,-1,2),(513018,40000062,1,1),(513018,40000063,-1,1),(513019,40000042,-1,2),(513019,40000042,1,1),(513020,21008002,-1,1),(513020,22053002,-1,1),(513020,22053002,1,1),(513020,40000037,-1,1),(513020,40000042,-1,1),(513020,40000042,1,1),(513020,40000058,-1,2),(513020,40000064,-1,1),(705001,40000036,-1,1),(705001,40000036,1,1),(705001,40000046,-1,1),(705001,40000046,1,1),(705001,95001001,-1,9),(705001,95001001,9,1),(705002,40000011,-1,3),(705002,40000011,3,1),(705002,40000046,-1,1),(705002,40000046,1,1),(705002,95001001,-1,9),(705002,95001001,9,1),(705003,40000031,-1,1),(705003,40000031,1,1),(705003,95001001,-1,9),(705003,95001001,9,1),(705004,40000056,-1,1),(705004,40000056,1,1),(705004,95001001,-1,30),(705004,95001001,30,1),(705005,40000011,-1,3),(705005,40000011,3,1),(705005,40000046,-1,1),(705005,40000046,1,1),(705005,95001001,-1,30),(705005,95001001,30,1),(705006,40000011,-1,1),(705006,40000011,1,1),(705006,40000036,-1,1),(705006,40000036,1,1),(705006,95001001,-1,24),(705006,95001001,24,1),(705007,95001001,-1,24),(705007,95001001,24,1),(705008,40000011,-1,8),(705008,40000011,1,2),(705008,40000011,2,3),(705008,40000012,-1,1),(705008,40000012,1,1),(705008,40000036,-1,2),(705008,40000036,1,2),(705008,40000046,-1,4),(705008,40000046,1,2),(705008,40000046,2,1),(705008,40000056,-1,3),(705008,40000056,1,3),(705008,95001001,-1,516),(705008,95001001,27,1),(705008,95001001,39,1),(705008,95001001,51,1),(705008,95001001,54,1),(705008,95001001,57,1),(705008,95001001,60,1),(705008,95001001,108,1),(705008,95001001,120,1),(705009,40000011,-1,9),(705009,40000011,1,3),(705009,40000011,2,3),(705009,40000032,-1,3),(705009,40000032,1,3),(705009,40000036,-1,1),(705009,40000036,1,1),(705009,40000046,-1,1),(705009,40000046,1,1),(705009,40000047,-1,1),(705009,40000047,1,1),(705009,40000056,-1,1),(705009,40000056,1,1),(705009,95001001,-1,708),(705009,95001001,45,1),(705009,95001001,54,2),(705009,95001001,57,1),(705009,95001001,66,1),(705009,95001001,111,1),(705009,95001001,120,1),(705009,95001001,201,1),(705010,40000011,-1,17),(705010,40000011,1,1),(705010,40000011,2,2),(705010,40000011,3,2),(705010,40000011,6,1),(705010,40000012,-1,1),(705010,40000012,1,1),(705010,40000032,-1,6),(705010,40000032,1,4),(705010,40000032,2,1),(705010,40000036,-1,3),(705010,40000036,1,1),(705010,40000036,2,1),(705010,40000056,-1,3),(705010,40000056,1,3),(705010,95001001,-1,693),(705010,95001001,18,1),(705010,95001001,27,2),(705010,95001001,36,1),(705010,95001001,48,1),(705010,95001001,99,1),(705010,95001001,120,1),(705010,95001001,129,1),(705010,95001001,189,1),(705011,40000011,-1,8),(705011,40000011,1,4),(705011,40000011,2,2),(705011,40000032,-1,1),(705011,40000032,1,1),(705011,40000036,-1,1),(705011,40000036,1,1),(705011,40000046,-1,1),(705011,40000046,1,1),(705011,95001001,-1,684),(705011,95001001,42,1),(705011,95001001,51,1),(705011,95001001,60,1),(705011,95001001,66,1),(705011,95001001,69,1),(705011,95001001,126,1),(705011,95001001,135,2),(705012,40000011,-1,7),(705012,40000011,1,2),(705012,40000011,2,1),(705012,40000011,3,1),(705012,40000012,-1,1),(705012,40000012,1,1),(705012,40000032,-1,4),(705012,40000032,1,2),(705012,40000032,2,1),(705012,40000036,-1,2),(705012,40000036,1,2),(705012,40000046,-1,1),(705012,40000046,1,1),(705012,40000056,-1,3),(705012,40000056,1,3),(705012,95001001,-1,339),(705012,95001001,12,1),(705012,95001001,21,1),(705012,95001001,27,1),(705012,95001001,36,1),(705012,95001001,42,1),(705012,95001001,45,1),(705012,95001001,48,1),(705012,95001001,108,1),(705013,40000012,-1,1),(705013,40000012,1,1),(705013,40000032,-1,2),(705013,40000032,2,1),(705013,40000037,-1,1),(705013,40000037,1,1),(705013,40000047,-1,1),(705013,40000047,1,1),(705013,95001001,-1,555),(705013,95001001,54,1),(705013,95001001,81,1),(705013,95001001,420,1),(705014,40000012,-1,1),(705014,40000012,1,1),(705014,40000032,-1,1),(705014,40000032,1,1),(705014,40000058,-1,1),(705014,40000058,1,1),(705014,95001001,-1,384),(705014,95001001,69,1),(705014,95001001,105,1),(705014,95001001,210,1),(705015,40000012,-1,1),(705015,40000012,1,1),(705015,40000032,-1,1),(705015,40000032,1,1),(705015,40000037,-1,1),(705015,40000037,1,1),(705015,40000048,-1,1),(705015,40000048,1,1),(705015,95001001,-1,318),(705015,95001001,69,1),(705015,95001001,120,1),(705015,95001001,129,1),(705016,40000032,-1,3),(705016,40000032,1,3),(705016,95001001,-1,306),(705016,95001001,90,1),(705016,95001001,96,1),(705016,95001001,120,1),(705017,40000032,-1,3),(705017,40000032,1,1),(705017,40000032,2,1),(705017,40000038,-1,1),(705017,40000038,1,1),(705017,95001001,-1,261),(705017,95001001,60,1),(705017,95001001,90,1),(705017,95001001,111,1),(705018,40000012,-1,32),(705018,40000012,1,30),(705018,40000012,2,1),(705018,40000013,-1,18),(705018,40000013,1,18),(705018,40000032,-1,189),(705018,40000032,1,66),(705018,40000032,2,33),(705018,40000032,3,15),(705018,40000032,4,3),(705018,40000033,-1,8),(705018,40000033,1,8),(705018,40000037,-1,41),(705018,40000037,1,35),(705018,40000037,2,3),(705018,40000047,-1,63),(705018,40000047,1,46),(705018,40000047,2,7),(705018,40000047,3,1),(705018,40000048,-1,13),(705018,40000048,1,13),(705018,40000058,-1,57),(705018,40000058,1,38),(705018,40000058,2,8),(705018,40000058,3,1),(705018,95001001,-1,38432),(705018,95001001,3,2),(705018,95001001,4,1),(705018,95001001,5,1),(705018,95001001,8,1),(705018,95001001,39,1),(705018,95001001,48,2),(705018,95001001,57,1),(705018,95001001,72,5),(705018,95001001,81,2),(705018,95001001,87,1),(705018,95001001,96,6),(705018,95001001,102,1),(705018,95001001,105,3),(705018,95001001,111,3),(705018,95001001,114,2),(705018,95001001,120,11),(705018,95001001,129,3),(705018,95001001,135,7),(705018,95001001,138,2),(705018,95001001,144,7),(705018,95001001,147,1),(705018,95001001,150,1),(705018,95001001,153,6),(705018,95001001,159,8),(705018,95001001,168,17),(705018,95001001,174,3),(705018,95001001,177,9),(705018,95001001,183,4),(705018,95001001,186,2),(705018,95001001,192,13),(705018,95001001,198,2),(705018,95001001,201,5),(705018,95001001,207,7),(705018,95001001,210,1),(705018,95001001,216,6),(705018,95001001,219,1),(705018,95001001,222,3),(705018,95001001,225,1),(705018,95001001,231,1),(705018,95001001,240,6),(705018,95001001,246,1),(705018,95001001,249,1),(705018,95001001,255,2),(705018,95001001,303,3),(705018,95001001,327,4),(705018,95001001,342,2),(705018,95001001,351,1),(705018,95001001,360,2),(705018,95001001,366,1),(705018,95001001,375,6),(705018,95001001,384,3),(705018,95001001,390,2),(705018,95001001,393,1),(705018,95001001,399,2),(705018,95001001,408,1),(705018,95001001,414,2),(705018,95001001,423,2),(705018,95001001,543,1),(705018,95001001,582,1),(705019,40000012,-1,43),(705019,40000012,1,39),(705019,40000012,2,2),(705019,40000013,-1,17),(705019,40000013,1,17),(705019,40000032,-1,176),(705019,40000032,1,70),(705019,40000032,2,26),(705019,40000032,3,11),(705019,40000032,4,4),(705019,40000032,5,1),(705019,40000033,-1,8),(705019,40000033,1,8),(705019,40000037,-1,26),(705019,40000037,1,24),(705019,40000037,2,1),(705019,40000047,-1,55),(705019,40000047,1,39),(705019,40000047,2,5),(705019,40000047,3,2),(705019,40000048,-1,11),(705019,40000048,1,9),(705019,40000048,2,1),(705019,40000058,-1,63),(705019,40000058,1,45),(705019,40000058,2,9),(705019,95001001,-1,38597),(705019,95001001,4,1),(705019,95001001,5,2),(705019,95001001,7,1),(705019,95001001,8,1),(705019,95001001,33,1),(705019,95001001,39,1),(705019,95001001,48,3),(705019,95001001,57,1),(705019,95001001,63,1),(705019,95001001,72,2),(705019,95001001,81,2),(705019,95001001,87,1),(705019,95001001,96,5),(705019,95001001,102,1),(705019,95001001,105,5),(705019,95001001,111,3),(705019,95001001,114,1),(705019,95001001,120,8),(705019,95001001,123,1),(705019,95001001,126,1),(705019,95001001,129,4),(705019,95001001,135,6),(705019,95001001,138,4),(705019,95001001,144,7),(705019,95001001,150,1),(705019,95001001,153,7),(705019,95001001,159,12),(705019,95001001,162,3),(705019,95001001,168,12),(705019,95001001,174,2),(705019,95001001,177,6),(705019,95001001,183,3),(705019,95001001,186,1),(705019,95001001,189,1),(705019,95001001,192,10),(705019,95001001,201,7),(705019,95001001,207,5),(705019,95001001,210,1),(705019,95001001,213,1),(705019,95001001,216,15),(705019,95001001,222,1),(705019,95001001,231,1),(705019,95001001,234,1),(705019,95001001,240,3),(705019,95001001,246,1),(705019,95001001,249,2),(705019,95001001,264,1),(705019,95001001,273,1),(705019,95001001,303,2),(705019,95001001,327,2),(705019,95001001,336,1),(705019,95001001,342,2),(705019,95001001,351,7),(705019,95001001,360,2),(705019,95001001,366,6),(705019,95001001,375,3),(705019,95001001,381,1),(705019,95001001,384,2),(705019,95001001,390,1),(705019,95001001,399,1),(705019,95001001,405,1),(705019,95001001,408,1),(705019,95001001,423,1),(705019,95001001,429,1),(705019,95001001,558,1),(705019,95001001,573,1),(705020,40000012,-1,31),(705020,40000012,1,31),(705020,40000013,-1,15),(705020,40000013,1,13),(705020,40000013,2,1),(705020,40000032,-1,174),(705020,40000032,1,66),(705020,40000032,2,33),(705020,40000032,3,11),(705020,40000032,4,1),(705020,40000032,5,1),(705020,40000033,-1,16),(705020,40000033,1,16),(705020,40000037,-1,32),(705020,40000037,1,26),(705020,40000037,2,3),(705020,40000047,-1,62),(705020,40000047,1,47),(705020,40000047,2,6),(705020,40000047,3,1),(705020,40000048,-1,6),(705020,40000048,1,6),(705020,40000058,-1,58),(705020,40000058,1,38),(705020,40000058,2,10),(705020,95001001,-1,38032),(705020,95001001,3,1),(705020,95001001,4,1),(705020,95001001,6,2),(705020,95001001,63,3),(705020,95001001,66,1),(705020,95001001,72,2),(705020,95001001,81,2),(705020,95001001,87,3),(705020,95001001,96,5),(705020,95001001,99,1),(705020,95001001,105,5),(705020,95001001,111,5),(705020,95001001,114,1),(705020,95001001,120,12),(705020,95001001,129,5),(705020,95001001,135,5),(705020,95001001,138,1),(705020,95001001,141,1),(705020,95001001,144,12),(705020,95001001,150,2),(705020,95001001,153,6),(705020,95001001,159,6),(705020,95001001,162,1),(705020,95001001,165,1),(705020,95001001,168,11),(705020,95001001,174,1),(705020,95001001,177,8),(705020,95001001,183,3),(705020,95001001,186,1),(705020,95001001,192,9),(705020,95001001,198,2),(705020,95001001,201,3),(705020,95001001,207,5),(705020,95001001,210,2),(705020,95001001,216,11),(705020,95001001,225,5),(705020,95001001,231,3),(705020,95001001,234,1),(705020,95001001,240,7),(705020,95001001,264,2),(705020,95001001,303,1),(705020,95001001,318,1),(705020,95001001,327,4),(705020,95001001,333,1),(705020,95001001,336,2),(705020,95001001,351,5),(705020,95001001,366,1),(705020,95001001,369,1),(705020,95001001,375,6),(705020,95001001,399,6),(705020,95001001,414,1),(705020,95001001,423,1),(705020,95001001,534,1),(705020,95001001,558,1),(705020,95001001,582,2),(705021,40000012,-1,31),(705021,40000012,1,21),(705021,40000012,2,5),(705021,40000013,-1,18),(705021,40000013,1,12),(705021,40000013,2,3),(705021,40000032,-1,153),(705021,40000032,1,78),(705021,40000032,2,23),(705021,40000032,3,7),(705021,40000032,4,2),(705021,40000033,-1,12),(705021,40000033,1,10),(705021,40000033,2,1),(705021,40000037,-1,28),(705021,40000037,1,26),(705021,40000037,2,1),(705021,40000047,-1,57),(705021,40000047,1,33),(705021,40000047,2,12),(705021,40000048,-1,8),(705021,40000048,1,8),(705021,40000058,-1,52),(705021,40000058,1,35),(705021,40000058,2,7),(705021,40000058,3,1),(705021,95001001,-1,36501),(705021,95001001,5,3),(705021,95001001,6,1),(705021,95001001,63,1),(705021,95001001,72,3),(705021,95001001,81,1),(705021,95001001,87,2),(705021,95001001,96,6),(705021,95001001,102,1),(705021,95001001,105,6),(705021,95001001,111,4),(705021,95001001,114,1),(705021,95001001,120,10),(705021,95001001,126,1),(705021,95001001,129,4),(705021,95001001,135,12),(705021,95001001,138,1),(705021,95001001,141,1),(705021,95001001,144,6),(705021,95001001,150,1),(705021,95001001,153,2),(705021,95001001,159,6),(705021,95001001,162,2),(705021,95001001,168,14),(705021,95001001,177,4),(705021,95001001,183,11),(705021,95001001,186,3),(705021,95001001,192,13),(705021,95001001,201,8),(705021,95001001,207,2),(705021,95001001,210,1),(705021,95001001,216,12),(705021,95001001,225,1),(705021,95001001,231,2),(705021,95001001,234,1),(705021,95001001,240,3),(705021,95001001,249,2),(705021,95001001,255,2),(705021,95001001,264,2),(705021,95001001,294,1),(705021,95001001,303,3),(705021,95001001,327,3),(705021,95001001,336,1),(705021,95001001,342,1),(705021,95001001,345,1),(705021,95001001,351,2),(705021,95001001,360,1),(705021,95001001,366,2),(705021,95001001,369,1),(705021,95001001,375,4),(705021,95001001,390,2),(705021,95001001,399,4),(705021,95001001,408,1),(705021,95001001,414,2),(705021,95001001,558,1),(705021,95001001,573,1),(705022,40000012,-1,52),(705022,40000012,1,48),(705022,40000012,2,2),(705022,40000013,-1,24),(705022,40000013,1,22),(705022,40000013,2,1),(705022,40000032,-1,239),(705022,40000032,1,127),(705022,40000032,2,40),(705022,40000032,3,8),(705022,40000032,4,2),(705022,40000033,-1,331),(705022,40000033,1,305),(705022,40000033,2,13),(705022,40000034,-1,118),(705022,40000034,1,1),(705022,40000034,3,39),(705022,40000037,-1,38),(705022,40000037,1,38),(705022,40000047,-1,66),(705022,40000047,1,56),(705022,40000047,2,5),(705022,40000048,-1,14),(705022,40000048,1,14),(705022,40000054,-1,41),(705022,40000054,1,41),(705022,40000058,-1,77),(705022,40000058,1,61),(705022,40000058,2,8),(705022,95001001,-1,55155),(705022,95001001,1,1),(705022,95001001,3,1),(705022,95001001,4,2),(705022,95001001,24,9),(705022,95001001,33,3),(705022,95001001,39,5),(705022,95001001,48,10),(705022,95001001,57,9),(705022,95001001,63,4),(705022,95001001,72,25),(705022,95001001,81,16),(705022,95001001,87,9),(705022,95001001,90,2),(705022,95001001,96,39),(705022,95001001,102,1),(705022,95001001,105,18),(705022,95001001,111,19),(705022,95001001,114,3),(705022,95001001,120,43),(705022,95001001,126,4),(705022,95001001,129,14),(705022,95001001,135,22),(705022,95001001,138,4),(705022,95001001,144,36),(705022,95001001,150,1),(705022,95001001,153,6),(705022,95001001,159,5),(705022,95001001,168,15),(705022,95001001,177,1),(705022,95001001,183,4),(705022,95001001,192,5),(705022,95001001,255,3),(705022,95001001,279,8),(705022,95001001,288,4),(705022,95001001,294,7),(705022,95001001,303,10),(705022,95001001,312,4),(705022,95001001,318,3),(705022,95001001,327,8),(705022,95001001,336,2),(705022,95001001,351,7),(705022,95001001,510,3),(708001,40000006,-1,1),(708001,40000036,-1,2),(708001,40000056,-1,1),(708003,21001003,-1,1),(708003,22052002,-1,1),(708003,40000006,-1,2),(708020,40000006,-1,2),(708020,40000006,2,1),(708020,40000036,-1,1),(708020,40000036,1,1),(708020,40000056,-1,1),(708020,40000056,1,1),(708021,40000046,-1,3),(708021,40000046,3,1),(708022,21002001,-1,1),(708022,21002001,1,1),(708022,21007002,-1,1),(708022,21007002,1,1),(708022,22051003,-1,1),(708022,22051003,1,1),(708022,40000056,-1,1),(708022,40000056,1,1),(708023,21010001,-1,1),(708023,21010001,1,1),(708023,22052002,-1,1),(708023,22052002,1,1),(708023,40000046,-1,1),(708023,40000046,1,1),(708026,40000037,-1,2),(708026,40000037,2,1),(708026,40000058,-1,1),(708026,40000058,1,1),(708027,21010001,-1,2),(708027,21010001,2,1),(708027,40000048,-1,1),(708027,40000048,1,1),(708029,40000008,-1,1),(708029,40000008,1,1),(708030,21001003,-1,1),(708030,21001003,1,1),(708030,40000047,-1,2),(708030,40000047,2,1),(708031,40000008,-1,1),(708031,40000008,1,1),(708033,40000057,-1,1),(708033,40000057,1,1),(708036,22055002,-1,2),(708036,40000047,-1,1),(708037,40000047,-1,1),(708037,40000047,1,1),(708038,21002001,-1,1),(708038,21002001,1,1),(708038,21007002,-1,1),(708038,40000012,-1,2),(708038,40000013,-1,1),(708038,40000013,1,1),(708039,21001003,-1,2),(708039,22052002,-1,1),(708039,22052002,1,1),(708039,40000038,-1,1),(708039,40000048,-1,1),(708040,21004002,-1,1),(708040,22052002,-1,1),(708040,22053002,-1,1),(708040,22053002,1,1),(708040,40000037,-1,1),(708041,21002001,-1,1),(708041,21002001,1,1),(708041,22050003,-1,2),(708041,22050003,2,1),(708041,40000038,-1,1),(708041,40000047,-1,1),(708042,22055002,-1,1),(708042,40000007,-1,1),(708042,40000048,-1,1),(708043,21002001,-1,2),(708043,40000008,-1,1),(708043,40000037,-1,1),(708043,40000038,-1,1),(708044,22051003,-1,1),(708044,22055002,-1,1),(708044,40000012,-1,3),(708044,40000013,-1,1),(708045,22052002,-1,2),(708045,22053002,-1,1),(708046,21007002,-1,1),(708047,21001003,-1,1),(708047,22055002,-1,1),(708047,40000007,-1,1),(708047,40000044,-1,1),(708048,21002001,-1,2),(708048,21004002,-1,1),(708048,22050003,-1,1),(708048,40000007,-1,1),(708048,40000008,-1,1),(708048,40000037,-1,2),(708048,40000047,-1,1),(708048,40000048,-1,1),(708048,40000057,-1,1),(708049,21010001,-1,1),(708049,22051003,-1,2),(708049,22055002,-1,1),(708049,40000007,-1,3),(708049,40000008,-1,1),(708049,40000012,-1,1),(708049,40000057,-1,3),(708049,40000058,-1,1),(708050,21001003,-1,1),(708050,21004002,-1,2),(708050,22052002,-1,2),(708050,22053002,-1,1),(708050,40000007,-1,4),(708050,40000012,-1,3),(708050,40000038,-1,1),(708050,40000057,-1,1),(708051,21007002,-1,1),(708051,22050003,-1,1),(708051,40000007,-1,1),(708051,40000007,1,1),(708051,40000012,-1,1),(708051,40000013,-1,1),(708052,22055002,-1,1),(708052,40000037,-1,1),(708052,40000038,-1,1),(708052,40000047,-1,1),(708053,21004002,-1,1),(708053,40000037,-1,1),(708053,40000047,-1,1),(708054,40000008,-1,1),(708054,40000057,-1,1),(708054,40000058,-1,1),(708055,21001003,-1,1),(708055,21004002,-1,1),(708055,22052002,-1,2),(708055,22053002,-1,1),(708055,40000007,-1,5),(708055,40000007,1,1),(708055,40000008,-1,1),(708055,40000008,1,1),(708055,40000012,-1,3),(708055,40000013,-1,1),(708055,40000037,-1,3),(708055,40000037,1,1),(708055,40000038,-1,1),(708055,40000057,-1,2),(708055,40000057,1,1),(708056,21007002,-1,1),(708056,21007002,1,1),(708056,22050003,-1,2),(708056,22050003,1,1),(708056,22051003,-1,1),(708056,40000007,-1,3),(708056,40000007,1,1),(708056,40000008,-1,1),(708056,40000008,1,1),(708056,40000012,-1,1),(708056,40000012,1,1),(708056,40000013,-1,1),(708056,40000037,-1,4),(708056,40000037,1,2),(708056,40000038,-1,1),(708057,21001003,-1,2),(708057,21001003,1,2),(708057,22055002,-1,3),(708057,22055002,1,2),(708057,40000037,-1,1),(708057,40000037,1,1),(708057,40000047,-1,3),(708057,40000048,-1,1),(708057,40000058,-1,1),(708058,22053002,-1,2),(708058,22053002,1,1),(708058,40000037,-1,1),(708058,40000048,-1,1),(708058,40000057,-1,1),(708059,21010001,-1,2),(708059,21010001,2,1),(708059,22055002,-1,1),(708059,40000008,-1,2),(708059,40000037,-1,1),(708059,40000038,-1,1),(708059,40000048,-1,4),(708060,21001003,-1,1),(708060,21004002,-1,3),(708060,21004002,1,1),(708060,40000007,-1,2),(708060,40000047,-1,1),(708060,40000058,-1,1),(708061,21007002,-1,2),(708061,21007002,1,1),(708061,22050003,-1,1),(708061,22050003,1,1),(708061,40000007,-1,2),(708061,40000008,-1,3),(708061,40000012,-1,2),(708061,40000013,-1,1),(708061,40000013,1,1),(708061,40000058,-1,4),(708062,21001003,-1,1),(708062,22055002,-1,1),(708062,40000007,-1,2),(708062,40000012,-1,4),(708062,40000012,3,1),(708062,40000013,-1,2),(708062,40000037,-1,1),(708062,40000038,-1,1),(708062,40000047,-1,1),(708062,40000048,-1,1),(708062,40000048,1,1),(708063,21004002,-1,1),(708063,21004002,1,1),(708063,22053002,-1,1),(708063,40000013,-1,1),(708063,40000038,-1,1),(708063,40000048,-1,1),(708063,40000057,-1,1),(708063,40000057,1,1),(708063,40000058,-1,2),(708064,22051003,-1,3),(708064,22051003,1,1),(708064,40000007,-1,1),(708064,40000008,-1,2),(708064,40000008,1,2),(708064,40000037,-1,1),(708064,40000038,-1,1),(708064,40000047,-1,1),(708064,40000047,1,1),(708064,40000048,-1,3),(708064,40000048,1,2),(708064,40000058,-1,1),(708064,40000058,1,1),(708065,21002001,-1,2),(708065,21002001,1,1),(708065,22053002,-1,1),(708065,40000007,-1,1),(708065,40000007,1,1),(708065,40000008,-1,2),(708065,40000008,2,1),(708065,40000013,-1,2),(708065,40000047,-1,1),(708065,40000048,-1,1),(708065,40000058,-1,1),(708066,21007002,-1,2),(708066,21007002,2,1),(708066,40000007,-1,1),(708066,40000013,-1,1),(708066,40000013,1,1),(708066,40000059,-1,1),(708066,40000059,1,1),(708067,40000012,-1,1),(708067,40000012,1,1),(708067,40000013,-1,1),(708067,40000013,1,1),(713001,40000041,-1,2),(713001,40000041,1,2),(713001,40000046,-1,1),(713001,40000046,1,1),(713002,21004002,-1,1),(713002,21004002,1,1),(713003,40000056,-1,1),(713003,40000056,1,1),(713003,40000061,-1,2),(713003,40000061,1,2),(713004,22050003,-1,1),(713004,22050003,1,1),(713004,22051003,-1,1),(713004,22051003,1,1),(713004,40000041,-1,1),(713004,40000041,1,1),(713005,40000046,-1,2),(713005,40000046,1,2),(713006,21007002,-1,1),(713006,21007002,1,1),(713006,40000051,-1,3),(713006,40000051,1,3),(713006,40000052,-1,1),(713006,40000052,1,1),(713007,22052002,-1,3),(713007,22052002,1,3),(713007,40000001,-1,2),(713007,40000001,1,2),(713007,40000046,-1,1),(713007,40000046,1,1),(713007,40000061,-1,2),(713007,40000061,1,2),(713008,21010001,-1,1),(713008,21010001,1,1),(713008,40000001,-1,1),(713008,40000001,1,1),(713008,40000052,-1,2),(713008,40000052,2,1),(713008,40000056,-1,5),(713008,40000056,1,3),(713008,40000056,2,1),(713008,40000057,-1,2),(713008,40000057,1,2),(713009,21002001,-1,1),(713009,21002001,1,1),(713009,22053002,-1,1),(713009,22053002,1,1),(713009,40000046,-1,1),(713009,40000046,1,1),(713009,40000051,-1,1),(713009,40000051,1,1),(713009,40000056,-1,1),(713009,40000056,1,1),(713009,40000057,-1,1),(713009,40000057,1,1),(713010,40000042,-1,3),(713010,40000042,1,3),(713010,40000043,-1,3),(713010,40000043,1,3),(713011,22052002,-1,2),(713011,22052002,1,2),(713011,40000002,-1,1),(713011,40000002,1,1),(713011,40000003,-1,1),(713011,40000003,1,1),(713011,40000052,-1,4),(713011,40000052,1,4),(713011,40000053,-1,1),(713011,40000053,1,1),(713011,40000062,-1,2),(713011,40000062,1,2),(713012,21001003,-1,1),(713012,21001003,1,1),(713012,21010001,-1,1),(713012,21010001,1,1),(713012,22051003,-1,1),(713012,22051003,1,1),(713012,22052002,-1,1),(713012,22052002,1,1),(713012,40000002,-1,2),(713012,40000002,1,2),(713012,40000003,-1,5),(713012,40000003,1,5),(713012,40000047,-1,1),(713012,40000047,1,1),(713012,40000057,-1,2),(713012,40000057,1,2),(713012,40000062,-1,4),(713012,40000062,1,2),(713012,40000062,2,1),(713012,40000063,-1,1),(713012,40000063,1,1),(713013,21010001,-1,1),(713013,21010001,1,1),(713013,22050003,-1,1),(713013,22050003,1,1),(713013,22051003,-1,2),(713013,22051003,1,2),(713013,40000047,-1,2),(713013,40000047,1,2),(713013,40000048,-1,1),(713013,40000048,1,1),(713013,40000057,-1,3),(713013,40000057,1,1),(713013,40000057,2,1),(713013,40000062,-1,3),(713013,40000062,1,3),(713013,40000063,-1,1),(713013,40000063,1,1),(713014,21002001,-1,1),(713014,21002001,1,1),(713014,22053002,-1,2),(713014,22053002,1,2),(713014,40000002,-1,4),(713014,40000002,2,2),(713014,40000003,-1,2),(713014,40000003,2,1),(713014,40000047,-1,2),(713014,40000047,1,2),(713014,40000052,-1,2),(713014,40000052,1,2),(713014,40000057,-1,2),(713014,40000057,1,2),(713014,40000058,-1,1),(713014,40000058,1,1),(713015,21002001,-1,1),(713015,21002001,1,1),(713015,21004002,-1,1),(713015,21004002,1,1),(713015,22050003,-1,2),(713015,22050003,1,2),(713015,40000002,-1,1),(713015,40000002,1,1),(713015,40000003,-1,5),(713015,40000003,1,5),(713015,40000047,-1,5),(713015,40000047,1,3),(713015,40000047,2,1),(713015,40000052,-1,5),(713015,40000052,1,1),(713015,40000052,2,2),(713016,21007002,-1,1),(713016,21007002,1,1),(713016,21010001,-1,1),(713016,21010001,1,1),(713016,40000002,-1,1),(713016,40000002,1,1),(713016,40000047,-1,1),(713016,40000047,1,1),(713016,40000048,-1,2),(713016,40000048,1,2),(713016,40000057,-1,2),(713016,40000057,1,2),(713016,40000058,-1,3),(713016,40000058,1,3),(713016,40000062,-1,1),(713016,40000062,1,1),(713017,21004002,-1,2),(713017,21004002,1,2),(713017,40000003,-1,4),(713017,40000003,1,4),(713017,40000004,-1,2),(713017,40000004,1,2),(713018,21002001,-1,1),(713018,21002001,1,1),(713018,40000043,-1,2),(713018,40000043,1,2),(713019,21001003,-1,1),(713019,21001003,1,1),(713019,21010001,-1,1),(713019,21010001,1,1),(713019,40000043,-1,1),(713019,40000043,1,1),(713019,40000047,-1,3),(713019,40000047,1,1),(713019,40000047,2,1),(713020,40000047,-1,1),(713020,40000047,1,1),(713020,40000052,-1,3),(713020,40000052,1,1),(713020,40000052,2,1),(713021,22050003,-1,1),(713021,22050003,1,1),(713021,40000003,-1,1),(713021,40000003,1,1),(713021,40000013,-1,1),(713021,40000013,1,1),(713021,40000047,-1,1),(713021,40000047,1,1),(713022,22053002,-1,1),(713022,22053002,1,1),(713022,40000013,-1,2),(713022,40000013,1,2),(713022,40000058,-1,1),(713022,40000058,1,1),(713023,22055002,-1,1),(713023,22055002,1,1),(713023,40000053,-1,1),(713023,40000053,1,1),(713023,40000057,-1,1),(713023,40000057,1,1),(713024,40000002,-1,1),(713024,40000002,1,1),(713024,40000003,-1,1),(713024,40000003,1,1),(713024,40000063,-1,1),(713024,40000063,1,1),(713025,21001003,-1,1),(713025,21001003,1,1),(713025,40000003,-1,1),(713025,40000003,1,1),(720076,40000026,-1,3),(720076,40000026,3,1),(720076,40000052,-1,1),(720076,40000052,1,1),(720076,40000056,-1,2),(720076,40000056,2,1),(720077,40000026,-1,1),(720077,40000026,1,1),(720077,40000036,-1,3),(720077,40000036,3,1),(720077,40000051,-1,1),(720077,40000051,1,1),(720077,40000056,-1,3),(720077,40000056,1,1),(720077,40000056,2,1),(720078,40000026,-1,4),(720078,40000026,1,1),(720078,40000026,3,1),(720078,40000037,-1,1),(720078,40000037,1,1),(720078,40000051,-1,3),(720078,40000051,3,1),(720078,40000056,-1,1),(720078,40000056,1,1),(720079,40000027,-1,2),(720079,40000027,1,1),(720079,40000028,-1,1),(720079,40000037,-1,2),(720079,40000037,1,1),(720079,40000038,-1,1),(720079,40000052,-1,5),(720079,40000052,2,1),(720079,40000053,-1,1),(720079,40000057,-1,7),(720079,40000058,-1,2),(720079,40000058,1,1),(720080,40000027,-1,2),(720080,40000027,1,1),(720080,40000037,-1,3),(720080,40000037,1,1),(720080,40000052,-1,3),(720080,40000052,1,1),(720080,40000053,-1,1),(720080,40000053,1,1),(720080,40000057,-1,4),(720081,40000037,-1,7),(720081,40000037,1,1),(720081,40000052,-1,2),(720081,40000052,1,1),(720081,40000053,-1,1),(720081,40000057,-1,1),(720081,40000057,1,1),(720082,40000029,-1,1),(720082,40000038,-1,141),(720082,40000038,1,1),(720082,40000038,2,3),(720082,40000038,3,2),(720082,40000038,4,1),(720082,40000039,-1,2),(720082,40000039,1,1),(720082,40000053,-1,68),(720082,40000053,1,2),(720082,40000054,-1,2),(720082,40000054,1,1),(720082,40000058,-1,44),(720082,40000058,1,4),(720083,40000028,-1,152),(720083,40000028,1,1),(720083,40000028,2,3),(720083,40000028,3,2),(720083,40000028,4,2),(720083,40000028,6,1),(720083,40000029,-1,4),(720083,40000029,1,1),(720083,40000039,-1,1),(720083,40000053,-1,32),(720083,40000053,1,3),(720083,40000058,-1,61),(720083,40000058,1,1),(720083,40000058,2,4),(720083,40000059,-1,1),(720084,40000028,-1,8),(720084,40000028,3,1),(720084,40000038,-1,7),(720084,40000039,-1,1),(720084,40000053,-1,4),(720084,40000053,2,1),(720084,40000058,-1,5),(720084,40000059,-1,1),(720084,40000059,1,1),(720085,21001001,-1,1),(720085,21001003,-1,1),(720085,24098001,-1,2),(720086,24098001,-1,3),(720087,21002003,-1,1),(720087,24098001,-1,3),(720088,21004002,-1,1),(720088,21004002,1,1),(720088,24098001,-1,1),(720088,24098001,1,1),(720088,24098002,-1,2),(720088,24098002,1,2),(720089,24098001,-1,2),(720089,24098001,2,1),(720089,24098002,-1,3),(720089,24098002,1,1),(720089,24098002,2,1),(720090,21006001,-1,2),(720090,21006001,1,2),(720090,24098002,-1,5),(720090,24098002,2,1),(720090,24098002,3,1),(720091,21005002,-1,1),(720091,21006003,-1,3),(720091,24098002,-1,52),(720091,24098002,3,3),(720091,24098002,5,1),(720091,24098003,-1,13),(720091,24098003,1,2),(720091,24098003,2,1),(720092,21002006,-1,1),(720092,21006003,-1,3),(720092,21006003,1,1),(720092,24098002,-1,40),(720092,24098002,3,2),(720092,24098002,4,2),(720092,24098003,-1,12),(720093,21001002,-1,1),(720093,24098002,-1,42),(720093,24098002,3,2),(720093,24098002,4,1),(720093,24098003,-1,8),(720093,24098003,1,1),(720094,24098003,-1,54),(720094,24098003,3,2),(720094,24098003,4,1),(720095,24098003,-1,17),(720095,24098003,3,2),(720095,24098003,4,1),(720095,24098003,5,1),(720095,24098004,-1,2),(720095,24098004,1,1),(720096,24098003,-1,14),(720096,24098003,2,1),(720096,24098003,3,1),(720096,24098003,4,1),(720096,24098003,5,1),(720096,24098004,-1,1),(720096,24098004,1,1),(720109,40000001,-1,1),(720109,40000001,1,1),(720109,40000006,-1,2),(720109,40000006,2,1),(720109,40000011,-1,1),(720109,40000011,1,1),(720110,40000006,-1,1),(720110,40000006,1,1),(720110,40000011,-1,1),(720110,40000011,1,1),(720111,40000001,-1,2),(720111,40000001,2,1),(720111,40000006,-1,1),(720111,40000006,1,1),(720111,40000011,-1,3),(720111,40000011,3,1),(720112,40000001,-1,1),(720112,40000001,1,1),(720112,40000006,-1,7),(720112,40000006,2,2),(720112,40000006,3,1),(720112,40000008,-1,1),(720112,40000008,1,1),(720112,40000011,-1,2),(720112,40000011,2,1),(720112,40000012,-1,1),(720112,40000012,1,1),(720113,40000001,-1,1),(720113,40000001,1,1),(720113,40000002,-1,1),(720113,40000002,1,1),(720113,40000003,-1,1),(720113,40000003,1,1),(720113,40000006,-1,1),(720113,40000006,1,1),(720113,40000007,-1,1),(720113,40000007,1,1),(720113,40000011,-1,5),(720113,40000011,2,1),(720113,40000011,3,1),(720113,40000012,-1,1),(720113,40000012,1,1),(720114,40000001,-1,1),(720114,40000001,1,1),(720114,40000002,-1,2),(720114,40000002,2,1),(720114,40000006,-1,2),(720114,40000006,1,2),(720114,40000007,-1,3),(720114,40000007,1,3),(720115,40000002,-1,11),(720115,40000002,1,2),(720115,40000002,2,1),(720115,40000002,3,1),(720115,40000002,4,1),(720115,40000003,-1,3),(720115,40000003,1,3),(720115,40000007,-1,22),(720115,40000007,1,5),(720115,40000007,2,1),(720115,40000007,3,1),(720115,40000007,4,3),(720115,40000008,-1,3),(720115,40000008,1,1),(720115,40000008,2,1),(720115,40000012,-1,7),(720115,40000012,1,4),(720115,40000012,3,1),(720115,40000013,-1,1),(720115,40000013,1,1),(720116,40000002,-1,7),(720116,40000002,1,3),(720116,40000002,2,2),(720116,40000003,-1,2),(720116,40000003,1,2),(720116,40000007,-1,8),(720116,40000007,1,4),(720116,40000007,2,2),(720116,40000008,-1,4),(720116,40000008,1,4),(720116,40000012,-1,16),(720116,40000012,1,2),(720116,40000012,2,2),(720116,40000012,3,2),(720116,40000012,4,1),(720117,40000002,-1,15),(720117,40000002,1,3),(720117,40000002,2,4),(720117,40000002,4,1),(720117,40000003,-1,9),(720117,40000003,1,3),(720117,40000003,2,3),(720117,40000007,-1,5),(720117,40000007,1,3),(720117,40000007,2,1),(720117,40000008,-1,1),(720117,40000008,1,1),(720117,40000012,-1,9),(720117,40000012,2,3),(720117,40000012,3,1),(720117,40000013,-1,1),(720117,40000013,1,1),(720118,40000003,-1,106),(720118,40000003,1,28),(720118,40000003,2,17),(720118,40000003,3,12),(720118,40000003,4,2),(720118,40000004,-1,2),(720118,40000004,1,2),(720118,40000008,-1,169),(720118,40000008,1,26),(720118,40000008,2,26),(720118,40000008,3,19),(720118,40000008,4,6),(720118,40000008,5,2),(720118,40000009,-1,3),(720118,40000009,1,3),(720118,40000013,-1,44),(720118,40000013,1,30),(720118,40000013,2,7),(720118,40000014,-1,1),(720118,40000014,1,1),(720119,40000003,-1,18),(720119,40000003,1,16),(720119,40000003,2,1),(720119,40000008,-1,36),(720119,40000008,1,12),(720119,40000008,2,3),(720119,40000008,3,6),(720119,40000013,-1,63),(720119,40000013,1,8),(720119,40000013,2,11),(720119,40000013,3,5),(720119,40000013,4,2),(720119,40000013,5,2),(720119,40000014,-1,1),(720119,40000014,1,1),(720120,40000003,-1,37),(720120,40000003,1,8),(720120,40000003,2,2),(720120,40000003,3,4),(720120,40000003,4,2),(720120,40000003,5,1),(720120,40000008,-1,3),(720120,40000008,1,3),(720120,40000013,-1,30),(720120,40000013,1,5),(720120,40000013,2,6),(720120,40000013,3,3),(720120,40000013,4,1),(720121,24099001,-1,2),(720121,24099001,2,1),(720122,24099001,-1,1),(720122,24099001,1,1),(720123,22050001,-1,1),(720123,22050001,1,1),(720124,22050002,-1,2),(720124,22050002,1,2),(720124,24099001,-1,3),(720124,24099001,1,1),(720124,24099001,2,1),(720124,24099002,-1,5),(720124,24099002,1,3),(720124,24099002,2,1),(720125,22054001,-1,1),(720125,22054001,1,1),(720125,24099001,-1,3),(720125,24099001,1,1),(720125,24099001,2,1),(720125,24099002,-1,3),(720125,24099002,1,3),(720126,24099001,-1,2),(720126,24099001,1,2),(720126,24099002,-1,10),(720126,24099002,3,2),(720126,24099002,4,1),(720127,22050006,-1,2),(720127,22050006,1,2),(720127,24099002,-1,49),(720127,24099002,2,1),(720127,24099002,3,3),(720127,24099002,4,3),(720127,24099002,5,3),(720127,24099003,-1,14),(720127,24099003,1,5),(720127,24099003,2,4),(720128,22052007,-1,1),(720128,22052007,1,1),(720128,24099002,-1,35),(720128,24099002,1,1),(720128,24099002,2,1),(720128,24099002,3,4),(720128,24099002,4,3),(720128,24099002,5,1),(720128,24099003,-1,20),(720128,24099003,1,5),(720128,24099003,2,3),(720128,24099003,3,2),(720129,22050006,-1,4),(720129,22050006,1,3),(720129,24099002,-1,44),(720129,24099002,2,1),(720129,24099002,3,2),(720129,24099002,4,3),(720129,24099002,5,4),(720129,24099003,-1,9),(720129,24099003,1,6),(720129,24099003,2,1),(720130,24099003,-1,109),(720130,24099003,3,2),(720130,24099003,5,1),(720130,24099004,-1,3),(720131,24099003,-1,45),(720131,24099003,4,1),(720131,24099003,6,1),(720132,24099003,-1,32),(720132,24099003,3,1),(720132,24099003,4,1),(720133,40000031,-1,1),(720133,40000031,1,1),(720133,40000061,-1,1),(720133,40000061,1,1),(720134,40000031,-1,4),(720134,40000031,2,2),(720134,40000041,-1,1),(720134,40000041,1,1),(720134,40000046,-1,3),(720134,40000046,1,1),(720134,40000046,2,1),(720135,40000041,-1,2),(720135,40000041,2,1),(720135,40000046,-1,1),(720135,40000046,1,1),(720135,40000061,-1,1),(720135,40000061,1,1),(720139,40000032,-1,4),(720139,40000033,-1,1),(720139,40000047,-1,1),(720139,40000048,-1,2),(720139,40000062,-1,2),(720140,40000032,-1,1),(720140,40000047,-1,1),(720140,40000062,-1,2),(720141,40000032,-1,1),(720141,40000042,-1,1),(720141,40000047,-1,1),(720141,40000048,-1,1),(720141,40000062,-1,1),(720142,40000033,-1,67),(720142,40000033,1,9),(720142,40000033,2,8),(720142,40000033,3,3),(720142,40000033,4,1),(720142,40000034,-1,4),(720142,40000034,1,3),(720142,40000043,-1,51),(720142,40000043,1,11),(720142,40000043,2,5),(720142,40000043,3,1),(720142,40000044,-1,2),(720142,40000044,1,2),(720142,40000048,-1,47),(720142,40000048,1,10),(720142,40000048,2,8),(720142,40000049,-1,2),(720142,40000063,-1,27),(720142,40000063,1,7),(720142,40000063,2,1),(720142,40000064,-1,1),(720143,40000033,-1,29),(720143,40000033,1,6),(720143,40000033,2,3),(720143,40000043,-1,10),(720143,40000043,1,2),(720143,40000043,2,2),(720143,40000044,-1,1),(720143,40000044,1,1),(720143,40000048,-1,23),(720143,40000048,1,5),(720143,40000048,2,2),(720143,40000049,-1,1),(720143,40000063,-1,14),(720143,40000063,1,6),(720143,40000063,2,3),(720143,40000064,-1,2),(720143,40000064,1,1),(720144,40000033,-1,26),(720144,40000033,1,4),(720144,40000033,2,1),(720144,40000033,3,1),(720144,40000033,4,1),(720144,40000034,-1,1),(720144,40000034,1,1),(720144,40000043,-1,18),(720144,40000043,1,2),(720144,40000043,3,1),(720144,40000044,-1,1),(720144,40000044,1,1),(720144,40000048,-1,9),(720144,40000048,1,3),(720144,40000048,2,1),(720144,40000049,-1,1),(720144,40000063,-1,10),(720144,40000063,1,3),(720144,40000063,2,1);
/*!40000 ALTER TABLE `per_battle_drops` ENABLE KEYS */;
UNLOCK TABLES;

--
-- Table structure for table `per_enemy_drops`
--

DROP TABLE IF EXISTS `per_enemy_drops`;
/*!40101 SET @saved_cs_client     = @@character_set_client */;
/*!40101 SET character_set_client = utf8 */;
CREATE TABLE `per_enemy_drops` (
  `battleid` int(10) unsigned NOT NULL,
  `itemid` int(10) unsigned NOT NULL,
  `enemyid` int(10) unsigned NOT NULL,
  `histo_bucket` int(10) NOT NULL,
  `histo_value` int(10) unsigned NOT NULL,
  PRIMARY KEY (`battleid`,`itemid`,`enemyid`,`histo_bucket`),
  KEY `FK_drop_enemy_idx` (`enemyid`),
  CONSTRAINT `FK_drop_battle` FOREIGN KEY (`battleid`) REFERENCES `battles` (`id`) ON DELETE NO ACTION ON UPDATE NO ACTION,
  CONSTRAINT `FK_drop_enemy` FOREIGN KEY (`enemyid`) REFERENCES `enemies` (`id`) ON DELETE NO ACTION ON UPDATE NO ACTION
) ENGINE=InnoDB DEFAULT CHARSET=utf8;
/*!40101 SET character_set_client = @saved_cs_client */;

--
-- Dumping data for table `per_enemy_drops`
--

LOCK TABLES `per_enemy_drops` WRITE;
/*!40000 ALTER TABLE `per_enemy_drops` DISABLE KEYS */;
INSERT INTO `per_enemy_drops` VALUES (301001,21008002,301001,-1,2),(301001,21008002,301001,1,2),(301001,22053002,301003,-1,1),(301001,40000037,301002,-1,1),(301001,40000052,301001,-1,1),(301001,40000062,301003,-1,1),(301001,40000062,301003,1,1),(301002,21004003,301001,-1,1),(301002,21004003,301001,1,1),(301002,22051002,301003,-1,1),(301002,22051002,301003,1,1),(301002,40000037,301002,-1,1),(301002,40000037,301002,1,1),(301002,40000052,301001,-1,2),(301002,40000052,301001,1,2),(301003,21006001,301001,-1,2),(301003,21006001,301001,1,2),(301003,22056001,301002,-1,1),(301003,22056001,301002,1,1),(301003,40000052,301001,-1,3),(301003,40000052,301001,1,3),(301004,21004003,301003,-1,1),(301004,21004003,301003,1,1),(301004,21007001,301002,-1,1),(301004,21007001,301002,1,1),(301004,40000062,301003,-1,1),(301004,40000062,301003,1,1),(301005,22056001,301004,-1,2),(301005,22056001,301004,1,2),(301005,40000062,301003,-1,2),(301005,40000062,301003,1,2),(301006,21004003,301005,-1,1),(301006,21004003,301005,1,1),(301006,40000037,301002,-1,1),(301006,40000037,301002,1,1),(301006,40000047,301004,-1,1),(301006,40000047,301004,1,1),(301006,40000062,301003,-1,1),(301006,40000062,301003,1,1),(301007,40000033,401002,-1,1),(301007,40000033,401002,1,1),(301007,40000037,301002,-1,2),(301007,40000037,301002,1,2),(301007,40000062,301003,-1,1),(301007,40000062,301003,1,1),(301008,22050003,301004,-1,1),(301008,22050003,301004,1,1),(301008,22053002,301003,-1,1),(301008,40000012,301004,-1,5),(301008,40000032,301003,-1,7),(301008,40000032,301003,1,1),(301008,40000047,301005,-1,7),(301008,40000047,301005,1,2),(301009,21006001,301005,-1,1),(301009,22056001,301004,-1,2),(301009,40000012,301004,-1,11),(301009,40000012,301004,1,1),(301009,40000032,301003,-1,10),(301009,40000032,301003,1,2),(301009,40000033,301003,-1,1),(301009,40000047,301005,-1,7),(301010,21007001,301004,-1,4),(301010,21008002,301003,-1,3),(301010,21008002,301003,1,2),(301010,22053002,301005,-1,2),(301010,40000012,301004,-1,5),(301010,40000032,301003,-1,19),(301010,40000032,301003,1,2),(301010,40000033,301003,-1,2),(301010,40000047,301005,-1,5),(301010,40000047,301005,1,1),(301011,21004003,301003,-1,4),(301011,22051002,301005,-1,1),(301011,40000012,301004,-1,4),(301011,40000032,301003,-1,12),(301011,40000032,301003,1,1),(301011,40000033,401003,-1,1),(301011,40000047,301005,-1,3),(301012,21008002,301005,-1,1),(301012,21013002,301004,-1,1),(301012,22056001,301003,-1,5),(301012,22056001,301003,1,1),(301012,40000007,301005,-1,5),(301012,40000007,301005,1,1),(301012,40000008,301005,-1,1),(301012,40000012,301004,-1,4),(301012,40000012,301004,1,1),(301012,40000027,301003,-1,7),(301012,40000047,301006,-1,4),(301012,40000048,301006,-1,1),(301013,21007001,301003,-1,2),(301013,22050003,301004,-1,1),(301013,22051002,301006,-1,1),(301013,22051002,301006,1,1),(301013,40000007,301005,-1,6),(301013,40000007,301005,1,1),(301013,40000012,301004,-1,4),(301013,40000012,301004,1,1),(301013,40000013,301004,-1,1),(301013,40000027,301003,-1,11),(301013,40000027,301003,1,1),(301013,40000047,301006,-1,1),(301014,22051013,301003,-1,4),(301014,22056001,301004,-1,1),(301014,40000007,301005,-1,3),(301014,40000012,301004,-1,9),(301014,40000012,301004,1,2),(301014,40000027,301003,-1,10),(301014,40000027,301003,1,1),(301014,40000028,301003,-1,1),(301015,21007001,301004,-1,1),(301015,21013002,301003,-1,2),(301015,22053002,301005,-1,1),(301015,40000007,301005,-1,5),(301015,40000012,301004,-1,6),(301015,40000027,301003,-1,14),(301016,22050003,301003,-1,3),(301016,22056001,401004,-1,2),(301016,40000007,301005,-1,4),(301016,40000012,301004,-1,7),(301016,40000013,301004,-1,1),(301016,40000027,301003,-1,7),(301016,40000028,301003,-1,1),(301016,40000043,401004,-1,1),(301017,21008002,301005,-1,1),(301017,40000007,301005,-1,5),(301017,40000012,301004,-1,5),(301017,40000013,301004,-1,1),(301017,40000047,301006,-1,2),(301018,21004003,301005,-1,1),(301018,40000007,301005,-1,10),(301018,40000012,301004,-1,2),(301018,40000047,301006,-1,4),(301019,21004005,301004,-1,2),(301019,21006001,301005,-1,1),(301019,21008002,301006,-1,1),(301019,40000007,301005,-1,7),(301019,40000012,301004,-1,13),(301019,40000047,301006,-1,1),(301020,21007001,301004,-1,2),(301020,22053002,301005,-1,3),(301020,40000007,301005,-1,4),(301020,40000012,301004,-1,12),(301020,40000047,301006,-1,2),(301021,40000007,301005,-1,6),(301021,40000008,301005,-1,1),(301021,40000012,301004,-1,3),(301021,40000013,301004,-1,1),(301021,40000013,401005,-1,2),(302001,40000037,302001,-1,1),(302001,40000037,302001,1,1),(302001,40000047,302003,-1,1),(302001,40000047,302003,1,1),(302001,40000062,302002,-1,1),(302001,40000062,302002,1,1),(302002,21004003,302001,-1,1),(302002,21004003,302001,1,1),(302002,22051002,302003,-1,4),(302002,22051002,302003,1,4),(302002,40000047,302003,-1,2),(302002,40000047,302003,1,2),(302003,21006001,302001,-1,2),(302003,21006001,302001,1,2),(302003,21008002,302003,-1,3),(302003,21008002,302003,1,3),(302003,40000002,302004,-1,2),(302003,40000002,302004,1,2),(302003,40000037,302001,-1,1),(302003,40000037,302001,1,1),(302003,40000047,302003,-1,7),(302003,40000047,302003,1,7),(302003,40000062,302002,-1,2),(302003,40000062,302002,1,2),(302004,21004003,302003,-1,1),(302004,21004003,302003,1,1),(302004,22050003,302004,-1,1),(302004,22050003,302004,1,1),(302004,40000047,302003,-1,3),(302004,40000047,302003,1,3),(302004,40000062,302002,-1,2),(302004,40000062,302002,1,2),(302005,21006001,302003,-1,1),(302005,21006001,302003,1,1),(302005,40000002,302004,-1,1),(302005,40000002,302004,1,1),(302005,40000047,302003,-1,1),(302005,40000047,302003,1,1),(302006,22053002,302003,-1,1),(302006,22053002,302003,1,1),(302007,40000062,302002,-1,1),(302007,40000062,302002,1,1),(302008,21008002,302003,-1,1),(302008,21008002,302003,1,1),(302008,40000037,302005,-1,1),(302008,40000037,302005,1,1),(302010,40000047,302003,-1,1),(302010,40000047,302003,1,1),(302011,22053002,302003,-1,2),(302011,22053002,302003,1,2),(302012,40000037,302005,-1,3),(302012,40000037,302005,1,3),(302013,21008002,302003,-1,1),(302013,21008002,302003,1,1),(302013,40000037,302005,-1,1),(302013,40000037,302005,1,1),(302014,21004003,302003,-1,1),(302014,21004003,302003,1,1),(302014,40000047,302003,-1,2),(302014,40000047,302003,1,2),(302015,40000047,302003,-1,2),(302015,40000047,302003,1,2),(302016,40000003,402003,-1,1),(302016,40000003,402003,1,1),(302016,40000047,302003,-1,1),(302016,40000047,302003,1,1),(302017,21004003,302003,-1,1),(302017,21007001,302002,-1,1),(302017,21013002,302007,-1,1),(302017,22051016,302008,-1,3),(302017,40000013,302007,-1,1),(302017,40000032,302002,-1,1),(302017,40000037,302003,-1,8),(302017,40000037,302003,1,2),(302017,40000047,302008,-1,3),(302018,21006001,302003,-1,5),(302018,22051002,302008,-1,1),(302018,22051002,302008,1,1),(302018,40000012,302007,-1,1),(302018,40000032,302002,-1,1),(302018,40000037,302003,-1,14),(302018,40000037,302003,1,1),(302018,40000038,302003,-1,1),(302018,40000047,302008,-1,9),(302018,40000048,302008,-1,1),(302019,21008002,302008,-1,3),(302019,40000032,302002,-1,1),(302019,40000037,302003,-1,5),(302019,40000047,302008,-1,17),(302019,40000047,302008,1,3),(302019,40000048,302008,-1,2),(302020,21004003,302008,-1,2),(302020,21004003,302008,1,1),(302020,22050003,302002,-1,1),(302020,22051002,302003,-1,1),(302020,40000032,302002,-1,4),(302020,40000037,302003,-1,6),(302020,40000037,302003,1,2),(302020,40000047,302008,-1,8),(302020,40000047,302008,1,1),(302021,21006001,302008,-1,2),(302021,21006001,302008,1,1),(302021,22052007,302002,-1,2),(302021,40000028,402005,-1,5),(302021,40000032,302002,-1,1),(302021,40000037,302003,-1,5),(302021,40000037,302003,1,1),(302021,40000047,302008,-1,10),(302021,40000047,302008,1,1),(303001,21007001,303002,-1,2),(303001,22050003,303004,-1,2),(303001,40000032,303004,-1,2),(303001,40000047,303001,-1,2),(303001,40000047,303001,1,1),(303001,40000062,303002,-1,5),(303002,21006001,303003,-1,3),(303002,22051002,303001,-1,1),(303002,22051013,303002,-1,2),(303002,22056001,303004,-1,1),(303002,40000032,303004,-1,1),(303002,40000037,303003,-1,6),(303002,40000047,303001,-1,4),(303002,40000062,303002,-1,5),(303002,40000063,303002,-1,1),(303002,40000063,303002,1,1),(303003,21008002,303001,-1,1),(303003,21013002,303002,-1,8),(303003,21013002,303002,1,1),(303003,40000032,303004,-1,3),(303003,40000037,303003,-1,3),(303003,40000047,303001,-1,2),(303003,40000062,303002,-1,4),(303003,40000063,303002,-1,1),(303004,22050003,303002,-1,2),(303004,22051013,303004,-1,1),(303004,40000032,303004,-1,4),(303004,40000037,303003,-1,4),(303004,40000047,303001,-1,4),(303004,40000048,403001,-1,3),(303004,40000062,303002,-1,4),(303004,40000062,303002,1,2),(303005,21013002,303002,-1,2),(303005,22055004,303004,-1,1),(303005,22056001,303003,-1,1),(303005,40000027,303005,-1,2),(303005,40000032,303004,-1,2),(303005,40000032,303004,1,1),(303005,40000037,303003,-1,2),(303005,40000037,303003,1,1),(303005,40000062,303002,-1,6),(303005,40000062,303002,1,2),(303006,21004003,303004,-1,2),(303006,22050003,303002,-1,3),(303006,40000032,303004,-1,2),(303006,40000037,303003,-1,2),(303006,40000037,303003,1,1),(303006,40000038,303003,-1,1),(303006,40000062,303002,-1,7),(303006,40000062,303002,1,1),(303006,40000063,303002,-1,1),(303007,21008002,303005,-1,1),(303007,22051013,303003,-1,2),(303007,22051013,303003,1,1),(303007,40000027,303005,-1,3),(303007,40000028,303005,-1,1),(303007,40000032,303004,-1,5),(303007,40000037,303003,-1,5),(303007,40000062,303002,-1,9),(303008,21007001,303002,-1,1),(303008,21013002,303003,-1,1),(303008,22053002,303004,-1,1),(303008,40000032,303004,-1,3),(303008,40000037,303003,-1,6),(303008,40000053,403002,-1,2),(303008,40000053,403002,1,1),(303008,40000062,303002,-1,7),(303008,40000063,303002,-1,2),(303009,22051002,303003,-1,3),(303009,22051013,303004,-1,1),(303009,40000027,303006,-1,3),(303009,40000032,303004,-1,5),(303009,40000032,303004,1,1),(303009,40000033,303004,-1,1),(303009,40000037,303003,-1,5),(303009,40000038,303003,-1,1),(303009,40000062,303005,-1,2),(303010,21007001,303006,-1,3),(303010,21008002,303003,-1,4),(303010,21013002,303004,-1,2),(303010,40000027,303006,-1,4),(303010,40000027,303006,1,1),(303010,40000028,303006,-1,1),(303010,40000032,303004,-1,2),(303010,40000032,303004,1,1),(303010,40000037,303003,-1,10),(303010,40000037,303003,1,1),(303010,40000038,303003,-1,2),(303011,22050016,303004,-1,3),(303011,22050016,303004,1,2),(303011,40000027,303006,-1,3),(303011,40000027,303006,1,1),(303011,40000032,303004,-1,7),(303011,40000032,303004,1,2),(303011,40000037,303003,-1,7),(303012,21006001,303003,-1,1),(303012,21006001,303003,1,1),(303012,40000027,303006,-1,2),(303012,40000032,303004,-1,8),(303012,40000032,303004,1,2),(303012,40000033,303004,-1,1),(303012,40000033,303004,1,1),(303012,40000037,303003,-1,4),(303013,21007001,303004,-1,3),(303013,22053002,303003,-1,1),(303013,40000032,303004,-1,9),(303013,40000032,303004,1,2),(303013,40000037,303003,-1,4),(303013,40000037,303003,1,1),(303014,21006001,303005,-1,1),(303014,21008002,303007,-1,2),(303014,40000027,303005,-1,3),(303014,40000027,303005,1,1),(303014,40000032,303004,-1,11),(303014,40000032,303004,1,1),(303014,40000052,303007,-1,4),(303014,40000052,303007,1,1),(303015,21004003,303007,-1,1),(303015,21007001,303004,-1,5),(303015,21007001,303004,1,1),(303015,40000032,303004,-1,11),(303015,40000052,303007,-1,12),(303015,40000052,303007,1,2),(303015,40000053,303007,-1,1),(303016,21006001,303007,-1,1),(303016,22051013,303004,-1,1),(303016,40000027,303005,-1,2),(303016,40000032,303004,-1,8),(303016,40000033,303004,-1,2),(303016,40000052,303007,-1,6),(303016,40000052,303007,1,2),(303016,40000062,303006,-1,1),(303017,21007001,403004,-1,1),(303017,21013002,303004,-1,2),(303017,22053002,303007,-1,3),(303017,22053002,303007,1,1),(303017,40000032,303004,-1,12),(303017,40000052,303007,-1,7),(304002,40000051,304010,-1,1),(304005,22054002,304012,-1,1),(304005,22054002,304012,1,1),(304005,40000001,304012,-1,3),(304005,40000001,304012,1,3),(304005,40000041,304009,-1,1),(304005,40000041,304009,1,1),(304006,22054002,304012,-1,1),(304006,22054002,304012,1,1),(304006,40000001,304009,-1,1),(304006,40000001,304009,1,1),(304006,40000056,304012,-1,1),(304006,40000056,304012,1,1),(304015,21002001,304025,-1,1),(304015,21008019,304026,-1,1),(304015,21008019,304026,1,1),(304015,40000011,304025,-1,3),(304015,40000061,304026,-1,3),(304015,40000061,304026,1,2),(304016,21002001,304016,-1,1),(304016,21002001,304016,1,1),(304016,40000061,304016,-1,2),(304016,40000061,304016,1,2),(304017,22055003,304026,-1,2),(304017,22055003,304026,1,2),(304018,40000061,304024,-1,3),(304018,40000061,304024,1,3),(304019,22055003,304016,-1,1),(304019,22055003,304016,1,1),(304020,21001004,304025,-1,2),(304020,21001004,304025,1,2),(304020,40000011,304026,-1,3),(304020,40000011,304026,1,3),(304020,40000026,304025,-1,5),(304020,40000026,304025,1,5),(304021,21012001,404030,-1,3),(304021,21012001,404030,1,3),(304021,40000027,404030,-1,23),(304021,40000027,404030,1,23),(304033,40000056,404010,-1,1),(304034,40000012,404013,-1,1),(304037,40000027,304058,-1,1),(304037,40000027,304058,1,1),(304038,40000007,304016,-1,1),(304038,40000007,304016,1,1),(304038,40000027,304058,-1,1),(304038,40000027,304058,1,1),(304038,40000052,304018,-1,1),(304038,40000052,304018,1,1),(304040,21013002,304059,-1,1),(304040,21013002,304059,1,1),(304040,40000007,304016,-1,1),(304040,40000007,304016,1,1),(304042,22051013,304023,-1,1),(304042,22051013,304023,1,1),(304042,40000012,304023,-1,1),(304042,40000012,304023,1,1),(304042,40000027,304058,-1,1),(304042,40000027,304058,1,1),(304043,40000007,304016,-1,1),(304043,40000007,304016,1,1),(304043,40000057,304059,-1,1),(304043,40000057,304059,1,1),(304044,40000012,304023,-1,2),(304044,40000012,304023,1,2),(304045,21008002,304058,-1,1),(304045,21008002,304058,1,1),(304045,21013002,304059,-1,1),(304045,21013002,304059,1,1),(304045,22056001,304023,-1,1),(304045,22056001,304023,1,1),(304045,40000057,304059,-1,1),(304045,40000057,304059,1,1),(304046,22050003,304059,-1,1),(304046,22050003,304059,1,1),(304046,40000027,304058,-1,1),(304046,40000027,304058,1,1),(304047,21008002,304060,-1,2),(304047,21008002,304060,1,2),(304048,22050003,304061,-1,1),(304048,22050003,304061,1,1),(304048,40000027,304058,-1,1),(304048,40000027,304058,1,1),(304048,40000057,304059,-1,1),(304048,40000057,304059,1,1),(304048,40000062,304061,-1,1),(304048,40000062,304061,1,1),(304049,40000062,304061,-1,1),(304049,40000062,304061,1,1),(304052,40000062,304060,-1,1),(304052,40000062,304060,1,1),(304054,40000062,304061,-1,1),(304054,40000062,304061,1,1),(304055,21004003,304061,-1,1),(304055,21004003,304061,1,1),(304055,40000012,304062,-1,1),(304055,40000012,304062,1,1),(304056,40000057,304059,-1,1),(304056,40000057,304059,1,1),(304057,40000057,304059,-1,1),(304057,40000057,304059,1,1),(304060,22051002,304062,-1,1),(304060,22051002,304062,1,1),(304060,40000012,304062,-1,1),(304060,40000012,304062,1,1),(304060,40000062,304061,-1,1),(304060,40000062,304061,1,1),(304061,22056001,304061,-1,1),(304061,22056001,304061,1,1),(304061,40000062,304061,-1,1),(304061,40000062,304061,1,1),(304062,40000047,304063,-1,1),(304062,40000047,304063,1,1),(304062,40000062,304061,-1,3),(304062,40000062,304061,1,3),(304063,21006001,304062,-1,1),(304063,21006001,304062,1,1),(304064,21013002,304061,-1,1),(304064,21013002,304061,1,1),(304066,22056001,304061,-1,1),(304066,22056001,304061,1,1),(304068,22056001,304063,-1,1),(304068,22056001,304063,1,1),(304068,40000062,304061,-1,2),(304068,40000062,304061,1,2),(304071,40000033,404025,-1,1),(304071,40000033,404025,1,1),(304072,22051013,304064,-1,1),(304072,22051013,304064,1,1),(304072,40000047,304063,-1,1),(304072,40000047,304063,1,1),(304072,40000052,304064,-1,1),(304072,40000052,304064,1,1),(304073,21013002,304064,-1,1),(304073,21013002,304064,1,1),(304075,40000003,404028,-1,1),(304075,40000003,404028,1,1),(305001,21004002,305001,-1,2),(305001,40000031,305007,-1,2),(305002,21004002,305001,-1,1),(305002,21007001,305007,-1,1),(305002,40000001,305007,-1,1),(305002,40000036,305001,-1,2),(305003,21004002,305001,-1,1),(305003,21007001,305007,-1,1),(305003,40000031,305001,-1,2),(305004,40000001,305001,-1,2),(305004,40000001,305012,-1,1),(305005,40000032,405001,-1,1),(305005,40000036,305001,-1,1),(305006,21004002,305004,-1,1),(305007,21004002,305004,-1,1),(305007,21007001,305012,-1,1),(305007,40000046,305006,-1,1),(305008,40000051,305004,-1,1),(305009,40000052,405002,-1,1),(305010,21009001,305006,-1,1),(305010,40000031,305006,-1,1),(305010,40000036,305012,-1,2),(305012,22053001,305012,-1,1),(305012,40000006,305012,-1,1),(305012,40000036,305006,-1,1),(305013,21009001,305006,-1,1),(305013,40000007,405003,-1,1),(305014,21010002,305008,-1,1),(305014,40000061,305007,-1,2),(305014,40000061,305014,-1,1),(305015,40000001,305012,-1,1),(305016,21010002,305008,-1,1),(305016,40000001,305007,-1,1),(305016,40000026,305008,-1,1),(305016,40000061,305012,-1,1),(305017,22053001,305012,-1,1),(305017,40000026,305012,-1,1),(305017,40000061,305007,-1,1),(305017,40000061,305014,-1,1),(305018,21005001,305007,-1,1),(305018,40000061,305008,-1,2),(305018,40000062,405004,-1,1),(305019,21004003,305007,-1,1),(305019,22050003,305008,-1,1),(305019,22051002,305012,-1,1),(305019,22051013,305034,-1,1),(305019,40000027,305007,-1,2),(305019,40000027,305007,1,1),(305019,40000032,305008,-1,2),(305019,40000032,305008,1,1),(305019,40000042,305034,-1,3),(305019,40000052,305012,-1,3),(305020,21008002,305012,-1,1),(305020,22056001,305008,-1,1),(305020,40000027,305007,-1,1),(305020,40000032,305008,-1,1),(305020,40000042,305034,-1,1),(305020,40000052,305012,-1,4),(305021,21004003,305012,-1,1),(305021,40000027,305007,-1,4),(305021,40000027,305007,1,1),(305021,40000032,305008,-1,1),(305021,40000052,305012,-1,6),(305021,40000052,305012,1,2),(305022,22055004,305008,-1,1),(305022,22056001,305034,-1,2),(305022,40000027,305007,-1,1),(305022,40000032,305008,-1,1),(305022,40000033,305008,-1,1),(305022,40000042,305034,-1,2),(305022,40000043,305034,-1,1),(305022,40000052,305012,-1,4),(305022,40000053,305012,-1,2),(305023,40000027,305007,-1,1),(305023,40000032,305008,-1,3),(305023,40000033,305008,-1,1),(305023,40000038,405006,-1,3),(305023,40000038,405006,1,1),(305023,40000042,305034,-1,1),(305023,40000052,305012,-1,2),(305023,40000052,305012,1,1),(305024,22051013,305034,-1,2),(305024,40000012,305035,-1,1),(305024,40000033,305008,-1,1),(305024,40000042,305034,-1,4),(305024,40000052,305012,-1,2),(305024,40000052,305012,1,1),(305025,21013002,305034,-1,2),(305025,22056001,305008,-1,2),(305025,40000032,305008,-1,2),(305025,40000042,305034,-1,2),(305025,40000042,305034,1,1),(305025,40000043,305034,-1,1),(305025,40000052,305012,-1,1),(305026,22050003,305034,-1,1),(305026,40000012,305035,-1,1),(305026,40000012,305035,1,1),(305026,40000032,305008,-1,1),(305026,40000032,305008,1,1),(305026,40000042,305034,-1,1),(305026,40000042,305034,1,1),(305026,40000052,305012,-1,1),(305026,40000053,305012,-1,1),(305027,21013002,405007,-1,1),(305027,21013002,405007,1,1),(305027,40000008,405007,-1,3),(305027,40000012,305035,-1,1),(305027,40000013,305035,-1,1),(305027,40000032,305008,-1,1),(305027,40000033,305008,-1,1),(305027,40000042,305034,-1,1),(305027,40000052,305012,-1,2),(305028,21004003,305036,-1,1),(305028,21007001,305034,-1,2),(305028,40000037,305033,-1,1),(305028,40000042,305036,-1,2),(305028,40000047,305034,-1,1),(305029,22056001,305035,-1,1),(305029,22056001,305035,1,1),(305029,40000037,305033,-1,2),(305029,40000037,305033,1,1),(305029,40000042,305036,-1,1),(305029,40000047,305034,-1,5),(305029,40000047,305034,1,1),(305029,40000052,305035,-1,1),(305030,21008002,305033,-1,2),(305030,40000037,305033,-1,2),(305030,40000037,305033,1,1),(305030,40000052,305035,-1,2),(305031,22051002,305036,-1,1),(305031,22051013,305035,-1,2),(305031,40000037,305033,-1,4),(305031,40000037,305033,1,3),(305031,40000052,305035,-1,1),(305031,40000063,405008,-1,4),(305032,22056001,305037,-1,1),(305032,40000007,305039,-1,2),(305032,40000012,305038,-1,4),(305032,40000037,305037,-1,1),(305033,21005003,305038,-1,2),(305033,21005003,305038,1,1),(305033,22050003,305039,-1,1),(305033,22050003,305039,1,1),(305033,40000007,305039,-1,4),(305033,40000008,305039,-1,1),(305033,40000012,305038,-1,2),(305033,40000012,305038,1,1),(305033,40000037,305037,-1,2),(305033,40000057,305040,-1,1),(305034,21006001,305038,-1,3),(305034,21006001,305038,1,1),(305034,21008002,305040,-1,1),(305034,21008002,305040,1,1),(305034,22051013,305037,-1,1),(305034,22052005,305039,-1,1),(305034,40000007,305039,-1,3),(305034,40000007,305039,1,1),(305034,40000012,305038,-1,5),(305034,40000012,305038,1,1),(305034,40000037,305037,-1,4),(305034,40000037,305037,1,1),(305034,40000057,305040,-1,2),(305034,40000057,305040,1,1),(305035,21004003,305040,-1,2),(305035,40000007,305039,-1,3),(305035,40000033,405009,-1,1),(305035,40000037,305037,-1,1),(305035,40000057,305040,-1,1),(305035,40000057,305040,1,1),(305036,40000007,305039,-1,1),(305036,40000007,305039,1,1),(305036,40000012,305038,-1,2),(305036,40000012,305038,1,1),(305036,40000037,305037,-1,1),(305036,40000037,305037,1,1),(305036,40000063,405010,-1,3),(305036,40000063,405010,1,1),(306001,21002003,306001,-1,2),(306001,40000052,306007,-1,1),(306002,40000047,306001,-1,1),(306003,40000007,306002,-1,1),(306003,40000052,306001,-1,1),(306003,40000052,306003,-1,1),(306005,22051013,306002,-1,1),(306005,40000012,306003,-1,1),(306005,40000032,306002,-1,1),(306006,40000037,306001,-1,1),(306009,21004003,306011,-1,2),(306009,21004003,306011,1,1),(306009,21010003,306001,-1,31),(306009,21010003,306001,1,26),(306009,22051013,306002,-1,15),(306009,22051013,306002,1,15),(306009,22054001,306003,-1,9),(306009,22054001,306003,1,9),(306009,40000002,306001,-1,23),(306009,40000002,306001,1,16),(306009,40000002,306011,-1,3),(306009,40000002,306011,1,3),(306009,40000042,306003,-1,5),(306009,40000042,306003,1,5),(306009,40000057,306002,-1,21),(306009,40000057,306002,1,20),(306010,21010003,306001,-1,5),(306010,22051013,306002,-1,5),(306010,40000002,306003,-1,2),(306010,40000042,306002,-1,4),(306010,40000057,306001,-1,3),(306011,40000042,306001,-1,1),(306011,40000042,306011,-1,1),(306011,40000057,306003,-1,1),(306012,40000002,306001,-1,1),(306013,40000002,306003,-1,1),(306013,40000057,306001,-1,1),(306014,40000007,306003,-1,1),(306014,40000007,306003,1,1),(306014,40000027,306006,-1,2),(306014,40000027,306006,1,1),(306015,40000027,306011,-1,2),(306015,40000027,306011,1,1),(306015,40000062,306003,-1,1),(306016,21004003,306003,-1,1),(306016,21004003,306003,1,1),(306016,21006002,306011,-1,2),(306016,21006002,306011,1,1),(306016,40000027,306003,-1,1),(306017,21004003,306003,-1,2),(306017,21006002,306011,-1,1),(306017,40000007,306003,-1,1),(306017,40000007,306003,1,1),(306017,40000027,306006,-1,1),(306017,40000027,306006,1,1),(306018,40000027,306011,-1,1),(306018,40000027,306011,1,1),(306018,40000062,306013,-1,1),(306019,21004003,306003,-1,1),(306019,40000027,306003,-1,1),(306019,40000028,406006,-1,2),(306019,40000028,406006,1,1),(306035,21008002,306094,-1,2),(306035,21008002,306094,1,2),(306035,40000037,306094,-1,6),(306035,40000037,306094,1,6),(306036,21004003,306094,-1,2),(306036,21004003,306094,1,2),(306036,22050003,306095,-1,1),(306036,22050003,306095,1,1),(306036,40000037,306094,-1,5),(306036,40000037,306094,1,5),(306036,40000052,306095,-1,1),(306036,40000052,306095,1,1),(306036,40000062,306073,-1,1),(306036,40000062,306073,1,1),(306037,40000012,306096,-1,1),(306037,40000012,306096,1,1),(306037,40000037,306094,-1,7),(306037,40000037,306094,1,7),(306037,40000052,306095,-1,2),(306037,40000052,306095,1,2),(306038,22053002,306094,-1,1),(306038,22053002,306094,1,1),(306038,40000037,306094,-1,5),(306038,40000037,306094,1,5),(306039,22051002,306094,-1,5),(306039,22051002,306094,1,5),(306039,40000037,306094,-1,11),(306039,40000037,306094,1,11),(306040,21008002,306094,-1,3),(306040,21008002,306094,1,3),(306040,40000037,306094,-1,7),(306040,40000037,306094,1,7),(306041,22053006,406012,-1,7),(306041,22053006,406012,1,7),(306041,40000063,406012,-1,16),(306041,40000063,406012,1,16),(306043,22050003,306022,-1,1),(306043,22050003,306022,1,1),(306044,21008002,306074,-1,1),(306044,21008002,306074,1,1),(306044,40000057,306022,-1,1),(306044,40000057,306022,1,1),(306045,21004003,306099,-1,1),(306045,21004003,306099,1,1),(306045,40000027,306098,-1,1),(306045,40000027,306098,1,1),(306046,22051013,306098,-1,1),(306046,22051013,306098,1,1),(306046,40000027,306098,-1,3),(306046,40000027,306098,1,3),(306047,21008002,306097,-1,1),(306047,21008002,306097,1,1),(306047,21013002,306098,-1,1),(306047,21013002,306098,1,1),(306048,22050003,306098,-1,1),(306048,22050003,306098,1,1),(306048,40000027,306098,-1,1),(306048,40000027,306098,1,1),(306049,21008002,306075,-1,1),(306049,21008002,306075,1,1),(306049,21013002,306073,-1,2),(306049,21013002,306073,1,2),(306049,40000002,306001,-1,1),(306049,40000002,306001,1,1),(306049,40000032,306076,-1,2),(306049,40000032,306076,1,2),(306049,40000052,306073,-1,1),(306049,40000052,306073,1,1),(306050,21007001,306001,-1,1),(306050,21007001,306001,1,1),(306050,40000032,306076,-1,1),(306050,40000032,306076,1,1),(306051,40000002,306001,-1,1),(306051,40000002,306001,1,1),(306051,40000042,306075,-1,1),(306051,40000042,306075,1,1),(306052,21013002,306001,-1,1),(306052,21013002,306001,1,1),(306052,40000002,306001,-1,1),(306052,40000002,306001,1,1),(306052,40000052,306073,-1,1),(306052,40000052,306073,1,1),(306053,21006001,306076,-1,3),(306053,21006001,306076,1,3),(306053,22051002,306074,-1,1),(306053,22051002,306074,1,1),(306053,22051013,306075,-1,2),(306053,22051013,306075,1,2),(306053,22056001,306020,-1,3),(306053,22056001,306020,1,3),(306053,40000002,306074,-1,6),(306053,40000002,306074,1,6),(306053,40000012,306020,-1,3),(306053,40000012,306020,1,3),(306053,40000042,306075,-1,1),(306053,40000042,306075,1,1),(306053,40000047,306077,-1,1),(306053,40000047,306077,1,1),(306054,21007001,306076,-1,2),(306054,21007001,306076,1,2),(306054,21013002,306074,-1,2),(306054,21013002,306074,1,2),(306054,22050003,306077,-1,2),(306054,22050003,306077,1,2),(306054,40000002,306074,-1,1),(306054,40000002,306074,1,1),(306054,40000032,306076,-1,1),(306054,40000032,306076,1,1),(306054,40000047,306077,-1,3),(306054,40000047,306077,1,3),(306055,40000047,306077,-1,2),(306055,40000047,306077,1,2),(306057,22056001,306076,-1,1),(306057,22056001,306076,1,1),(306057,40000047,306077,-1,1),(306057,40000047,306077,1,1),(306058,21007001,306076,-1,38),(306058,21007001,306076,1,10),(306058,21013002,306077,-1,25),(306058,21013002,306077,1,3),(306058,40000032,306076,-1,77),(306058,40000032,306076,1,19),(306058,40000047,306077,-1,71),(306058,40000047,306077,1,30),(306060,21007001,306080,-1,1),(306060,21007001,306080,1,1),(306061,22051013,306080,-1,1),(306061,22051013,306080,1,1),(306061,40000047,306077,-1,4),(306061,40000047,306077,1,4),(306062,40000032,306080,-1,1),(306062,40000032,306080,1,1),(306062,40000047,306077,-1,1),(306062,40000047,306077,1,1),(306063,22051002,306079,-1,1),(306063,22051013,306080,-1,1),(306063,22051013,306080,1,1),(306063,40000002,306078,-1,3),(306063,40000002,306078,1,3),(306063,40000032,306077,-1,1),(306063,40000042,306079,-1,4),(306063,40000042,306079,1,4),(306064,21013002,306080,-1,3),(306064,21013002,306080,1,3),(306064,22053002,306077,-1,1),(306064,22053002,306077,1,1),(306064,40000032,306077,-1,4),(306064,40000032,306077,1,4),(306064,40000032,306080,-1,1),(306064,40000042,306079,-1,2),(306064,40000042,306079,1,2),(306065,21004003,306079,-1,1),(306065,21004003,306079,1,1),(306065,22050003,306080,-1,4),(306065,22050003,306080,1,3),(306065,22051002,306077,-1,2),(306065,22051002,306077,1,1),(306065,40000002,306078,-1,1),(306065,40000002,306078,1,1),(306065,40000032,306077,-1,7),(306065,40000032,306077,1,5),(306065,40000032,306080,-1,2),(306065,40000032,306080,1,2),(306065,40000042,306079,-1,1),(306065,40000042,306079,1,1),(306066,21001005,406021,-1,6),(306066,21001005,406021,1,4),(306066,21006001,306079,-1,5),(306066,21006001,306079,1,4),(306066,21008002,306077,-1,20),(306066,21008002,306077,1,16),(306066,22051013,306078,-1,4),(306066,22051013,306078,1,4),(306066,22056001,306080,-1,16),(306066,22056001,306080,1,15),(306066,40000002,306078,-1,16),(306066,40000002,306078,1,11),(306066,40000032,306077,-1,41),(306066,40000032,306077,1,31),(306066,40000032,306080,-1,39),(306066,40000032,306080,1,31),(306066,40000042,306079,-1,8),(306066,40000042,306079,1,6),(306066,40000058,406021,-1,20),(306066,40000058,406021,1,16),(306067,21004003,306079,-1,1),(306067,21004003,306079,1,1),(306068,40000027,306079,-1,2),(306068,40000027,306079,1,2),(306069,40000062,306080,-1,2),(306069,40000062,306080,1,2),(306072,21007001,306078,-1,1),(306072,21007001,306078,1,1),(306073,21013002,306078,-1,1),(306073,21013002,306078,1,1),(306073,40000032,306080,-1,1),(306073,40000032,306080,1,1),(306075,21002005,406024,-1,1),(306075,21002005,406024,1,1),(306075,40000032,306080,-1,1),(306075,40000032,306080,1,1),(306075,40000042,306078,-1,1),(306075,40000042,306078,1,1),(306076,21008002,306078,-1,1),(306076,21008002,306078,1,1),(306076,40000042,306078,-1,3),(306076,40000042,306078,1,3),(306077,21004003,306080,-1,1),(306077,21004003,306080,1,1),(306077,22050003,306078,-1,1),(306077,22050003,306078,1,1),(306077,40000032,306080,-1,1),(306077,40000032,306080,1,1),(306078,21013002,306081,-1,1),(306078,21013002,306081,1,1),(306078,22056001,306080,-1,2),(306078,22056001,306080,1,2),(306079,40000028,406025,-1,1),(306079,40000028,406025,1,1),(306079,40000032,306080,-1,1),(306079,40000032,306080,1,1),(306080,21006001,306083,-1,1),(306080,21006001,306083,1,1),(306080,22051013,306082,-1,1),(306080,22051013,306082,1,1),(306080,40000002,306082,-1,10),(306080,40000002,306082,1,10),(306080,40000052,306083,-1,9),(306080,40000052,306083,1,9),(306081,21008002,306082,-1,1),(306081,21008002,306082,1,1),(306081,40000052,306083,-1,1),(306081,40000052,306083,1,1),(306082,40000013,406026,-1,1),(306082,40000013,406026,1,1),(306082,40000052,306083,-1,2),(306082,40000052,306083,1,2),(306084,40000027,306085,-1,1),(306084,40000027,306085,1,1),(306086,40000002,306082,-1,1),(306086,40000002,306082,1,1),(306086,40000027,306085,-1,4),(306086,40000027,306085,1,4),(306087,40000027,306085,-1,3),(306087,40000027,306085,1,3),(306088,40000052,306083,-1,1),(306088,40000052,306083,1,1),(306089,22056001,306082,-1,1),(306089,22056001,306082,1,1),(306089,40000012,306087,-1,1),(306089,40000012,306087,1,1),(306089,40000027,306086,-1,4),(306089,40000027,306086,1,4),(306090,22050003,306086,-1,1),(306090,22050003,306086,1,1),(306090,40000002,306082,-1,1),(306090,40000002,306082,1,1),(306090,40000027,306086,-1,2),(306090,40000027,306086,1,2),(306091,21008002,306087,-1,1),(306091,21008002,306087,1,1),(306092,40000002,306082,-1,1),(306092,40000002,306082,1,1),(306092,40000048,406029,-1,1),(306092,40000048,406029,1,1),(306092,40000052,306083,-1,1),(306092,40000052,306083,1,1),(306093,40000002,306082,-1,1),(306093,40000002,306082,1,1),(306093,40000052,306083,-1,1),(306093,40000052,306083,1,1),(307001,21001002,407001,-1,1),(307001,21008002,307007,-1,1),(307001,21009003,307004,-1,1),(307001,22053003,307008,-1,2),(307001,40000007,407001,-1,2),(307001,40000031,307004,-1,2),(307001,40000031,307008,-1,2),(307001,40000036,307001,-1,6),(307001,40000036,307007,-1,7),(307004,21008002,307008,-1,1),(307004,40000041,307008,-1,1),(307005,21008002,307008,-1,1),(307005,40000056,307004,-1,2),(307006,40000011,307007,-1,1),(307006,40000012,407002,-1,1),(308001,40000027,308004,-1,2),(308001,40000032,308001,-1,1),(308001,40000047,308003,-1,3),(308002,21004003,308001,-1,2),(308002,40000027,308004,-1,3),(308002,40000047,308003,-1,1),(308002,40000052,308002,-1,1),(308003,21008002,308003,-1,1),(308003,22056001,308002,-1,2),(308003,40000027,308004,-1,2),(308003,40000032,308001,-1,3),(308003,40000047,308003,-1,5),(308003,40000047,308003,1,1),(308003,40000052,308002,-1,1),(308003,40000052,308002,1,1),(308004,22053002,308001,-1,1),(308004,40000027,308004,-1,1),(308004,40000027,308004,1,1),(308004,40000032,308001,-1,1),(308004,40000033,408001,-1,2),(308004,40000033,408001,1,1),(308004,40000047,308003,-1,1),(308004,40000052,308002,-1,2),(308005,21006001,308003,-1,2),(308005,22051013,308001,-1,1),(308005,40000027,308004,-1,4),(308005,40000047,308003,-1,5),(308005,40000052,308001,-1,3),(308005,40000052,308001,1,1),(308006,21004003,308006,-1,1),(308006,21007001,308004,-1,2),(308006,21013002,308001,-1,1),(308006,22053002,308003,-1,1),(308006,40000027,308004,-1,2),(308006,40000042,308006,-1,2),(308006,40000047,308003,-1,4),(308006,40000047,308003,1,1),(308006,40000052,308001,-1,2),(308007,22050003,308001,-1,2),(308007,22051002,308003,-1,2),(308007,22053006,308006,-1,2),(308007,40000027,308004,-1,1),(308007,40000042,308006,-1,1),(308007,40000047,308003,-1,3),(308007,40000052,308001,-1,2),(308008,40000003,408002,-1,3),(308009,40000053,408003,-1,2),(308010,21008002,308004,-1,1),(308010,22056001,308003,-1,1),(308010,40000027,308004,-1,4),(308010,40000047,308003,-1,3),(308011,21007001,308003,-1,1),(308011,22050003,308002,-1,1),(308011,22051002,308006,-1,1),(308011,40000042,308002,-1,3),(308012,21008002,308006,-1,1),(308012,22051013,308003,-1,1),(308012,40000042,308002,-1,1),(308012,40000047,308003,-1,2),(308012,40000062,308006,-1,1),(308013,21004003,308006,-1,1),(308013,21013002,308003,-1,1),(308013,40000027,308004,-1,1),(308013,40000043,408014,-1,2),(308013,40000062,308006,-1,3),(308014,22051002,308003,-1,1),(308014,40000042,308004,-1,3),(308014,40000057,308007,-1,3),(308014,40000062,308006,-1,3),(308015,21008002,308003,-1,2),(308015,21013002,308004,-1,1),(308015,40000027,308003,-1,2),(308015,40000042,308004,-1,1),(308015,40000057,308007,-1,2),(308016,21004003,308003,-1,1),(308016,40000042,308004,-1,2),(308016,40000062,308006,-1,2),(308017,21008002,308006,-1,1),(308017,21013002,308007,-1,1),(308017,40000027,308003,-1,2),(308017,40000042,308004,-1,4),(308017,40000057,308007,-1,3),(308017,40000062,308006,-1,2),(308018,40000048,408005,-1,4),(308019,22056001,308006,-1,1),(308019,40000002,308007,-1,1),(308019,40000042,308003,-1,2),(308019,40000057,308006,-1,2),(308019,40000062,308004,-1,1),(308020,21013002,308003,-1,2),(308020,40000042,308003,-1,1),(308020,40000057,308006,-1,4),(308020,40000062,308004,-1,1),(308021,22050003,308003,-1,1),(308021,40000042,308003,-1,3),(308021,40000057,308006,-1,2),(308021,40000062,308004,-1,2),(308022,40000042,308003,-1,1),(308022,40000057,308006,-1,6),(308023,40000063,408006,-1,2),(308024,21006001,308004,-1,2),(308024,40000012,308001,-1,1),(308024,40000057,308003,-1,3),(308025,21004003,308007,-1,1),(308025,21007001,308003,-1,1),(308025,22053002,308004,-1,1),(308025,40000002,308007,-1,1),(308025,40000057,308003,-1,2),(308025,40000062,308004,-1,1),(308026,22051002,308004,-1,1),(308026,22051013,308003,-1,2),(308026,40000002,308007,-1,2),(308026,40000012,308001,-1,2),(308026,40000057,308003,-1,3),(308026,40000062,308004,-1,2),(308027,21007001,308001,-1,1),(308027,21008002,308004,-1,2),(308027,21013002,308003,-1,1),(308027,40000028,408007,-1,2),(308027,40000057,308003,-1,5),(308027,40000062,308004,-1,1),(308028,40000032,308008,-1,2),(308028,40000052,308005,-1,6),(308028,40000057,308003,-1,2),(308029,21008002,308005,-1,1),(308029,40000032,308008,-1,2),(308029,40000052,308005,-1,1),(308029,40000053,308005,-1,1),(308029,40000057,308003,-1,2),(308030,21007001,308003,-1,2),(308030,22050003,308008,-1,1),(308030,40000027,308009,-1,2),(308030,40000032,308008,-1,1),(308030,40000052,308005,-1,1),(308030,40000057,308003,-1,1),(308030,40000058,308003,-1,1),(308031,21006001,308005,-1,1),(308031,21008002,308009,-1,1),(308031,22056001,308008,-1,4),(308031,40000027,308009,-1,1),(308031,40000032,308008,-1,2),(308031,40000033,308008,-1,1),(308031,40000052,308005,-1,5),(308031,40000053,308005,-1,2),(308031,40000057,308003,-1,3),(308032,21004003,308009,-1,2),(308032,21007001,308008,-1,2),(308032,22053002,308005,-1,1),(308032,40000032,308008,-1,1),(308032,40000052,308005,-1,4),(308032,40000057,308003,-1,2),(308032,40000058,308003,-1,1),(308033,21006001,308010,-1,1),(308033,22050003,308007,-1,1),(308033,22051013,308006,-1,1),(308033,40000032,308009,-1,4),(308033,40000033,308009,-1,1),(308033,40000047,308010,-1,1),(308033,40000052,308007,-1,5),(308034,21008002,308009,-1,3),(308034,40000027,308006,-1,1),(308034,40000032,308009,-1,2),(308034,40000033,308009,-1,1),(308034,40000047,308010,-1,1),(308034,40000052,308007,-1,2),(308035,21002004,308009,-1,2),(308035,21007001,308007,-1,3),(308035,22050003,308006,-1,1),(308035,40000027,308006,-1,3),(308035,40000032,308009,-1,6),(308035,40000033,308009,-1,1),(308035,40000047,308010,-1,2),(308035,40000052,308007,-1,3),(308036,22056001,308006,-1,1),(308036,40000027,308006,-1,2),(308036,40000032,308009,-1,1),(308036,40000047,308010,-1,1),(308036,40000048,408008,-1,5),(308036,40000052,308007,-1,3),(310001,40000001,310001,-1,4),(310001,40000031,310006,-1,2),(310002,40000036,310005,-1,1),(310002,40000061,310001,-1,1),(310003,22053003,310006,-1,1),(310003,40000002,410001,-1,1),(310004,21013002,310005,-1,1),(310004,40000011,310007,-1,1),(310004,40000031,310006,-1,2),(310004,40000036,310005,-1,1),(310005,40000011,310006,-1,3),(310005,40000031,310005,-1,1),(310006,40000031,310004,-1,1),(310007,40000011,310005,-1,2),(310008,40000061,410003,-1,1),(310009,22053003,310006,-1,1),(310009,40000031,310004,-1,1),(310009,40000036,310006,-1,1),(310010,21007001,310007,-1,1),(310010,22053002,310005,-1,1),(310010,40000002,310008,-1,1),(310010,40000047,310004,-1,3),(310010,40000048,310004,-1,1),(310010,40000052,310005,-1,5),(310010,40000052,310005,1,1),(310010,40000053,310005,-1,1),(310010,40000062,310007,-1,2),(310011,21006001,310008,-1,1),(310011,22050003,310004,-1,3),(310011,22051002,310005,-1,1),(310011,40000002,310008,-1,3),(310011,40000047,310004,-1,5),(310011,40000052,310005,-1,3),(310012,22053002,310008,-1,2),(310012,22053002,310008,1,1),(310012,22056001,310004,-1,3),(310012,40000002,310008,-1,4),(310012,40000047,310004,-1,9),(310012,40000047,310004,1,1),(310012,40000048,310004,-1,1),(310012,40000053,310005,-1,2),(310013,21004003,310005,-1,1),(310013,21007001,310004,-1,2),(310013,22051002,310008,-1,1),(310013,22051013,410006,-1,1),(310013,40000002,310008,-1,1),(310013,40000002,310008,1,1),(310013,40000047,310004,-1,4),(310013,40000048,310004,-1,2),(310013,40000048,310004,1,1),(310013,40000052,310005,-1,5),(310013,40000053,310005,-1,1),(310014,22054004,310004,-1,2),(310014,22056001,310005,-1,1),(310014,40000002,310008,-1,2),(310014,40000047,310004,-1,6),(310014,40000052,310005,-1,3),(310014,40000052,310005,1,1),(310014,40000063,410007,-1,4),(310014,40000063,410007,1,1),(310018,40000002,310008,-1,2),(310018,40000052,310005,-1,3),(310018,40000062,310007,-1,1),(310018,40000062,310007,1,1),(310019,22056001,310008,-1,1),(310019,40000002,310008,-1,5),(310019,40000003,310008,-1,1),(310019,40000037,310009,-1,2),(310019,40000038,310009,-1,1),(310019,40000052,310005,-1,2),(310019,40000052,310005,1,2),(310019,40000063,310007,-1,1),(310020,21013002,310005,-1,1),(310020,22053002,310007,-1,2),(310020,40000002,310008,-1,2),(310020,40000037,310009,-1,3),(310020,40000052,310005,-1,1),(310020,40000053,310005,-1,1),(310021,21006001,310009,-1,1),(310021,22051013,310008,-1,1),(310021,40000002,310008,-1,2),(310021,40000037,310009,-1,2),(310021,40000043,410008,-1,2),(310021,40000063,310007,-1,1),(310022,21007001,310010,-1,2),(310022,21013002,310008,-1,1),(310022,22053002,310009,-1,2),(310022,40000002,310008,-1,1),(310022,40000007,310010,-1,2),(310022,40000037,310009,-1,4),(310022,40000037,310009,1,1),(310023,22050003,310008,-1,1),(310023,40000007,310010,-1,4),(310023,40000037,310009,-1,1),(310023,40000037,310009,1,1),(310023,40000062,310007,-1,1),(310024,21006001,310007,-1,1),(310024,22056001,310008,-1,1),(310024,40000002,310008,-1,1),(310024,40000007,310010,-1,4),(310024,40000007,310010,1,1),(310024,40000008,310010,-1,1),(310024,40000037,310009,-1,2),(310025,40000002,310008,-1,1),(310025,40000007,310010,-1,1),(310025,40000037,310009,-1,4),(310025,40000048,410009,-1,4),(310025,40000062,310007,-1,1),(313001,21006001,313002,-1,2),(313001,21006001,313002,1,1),(313001,40000002,313002,-1,2),(313001,40000027,313001,-1,2),(313001,40000027,313001,1,1),(313001,40000057,313003,-1,4),(313001,40000057,313003,1,1),(313002,40000002,313002,-1,4),(313002,40000002,313002,1,1),(313002,40000042,313004,-1,1),(313002,40000042,313004,1,1),(313002,40000057,313003,-1,3),(313002,40000057,313003,1,2),(313003,21009020,313001,-1,1),(313003,21009020,313001,1,1),(313003,22051013,313003,-1,1),(313003,22051013,313003,1,1),(313003,40000002,313002,-1,3),(313003,40000002,313002,1,2),(313003,40000027,313001,-1,6),(313003,40000027,313001,1,3),(313003,40000042,313004,-1,2),(313003,40000042,313004,1,1),(313004,40000002,313002,-1,1),(313004,40000057,313003,-1,2),(313004,40000057,313003,1,1),(313005,22051002,313005,-1,1),(313005,22051013,313006,-1,1),(313005,40000042,313004,-1,4),(313005,40000042,313004,1,1),(313005,40000047,313005,-1,3),(313005,40000052,313006,-1,2),(313005,40000052,313006,1,1),(313005,40000057,313003,-1,2),(313006,21006001,313003,-1,1),(313006,22056001,313004,-1,1),(313006,40000047,313005,-1,2),(313006,40000047,313005,1,1),(313006,40000057,313003,-1,1),(313007,21007001,313004,-1,1),(313007,40000042,313004,-1,3),(313007,40000052,313006,-1,2),(313008,22051013,313004,-1,1),(313008,40000057,313003,-1,1),(313008,40000057,313003,1,1),(313009,21002002,313003,-1,3),(313009,21002002,313003,1,1),(313009,40000042,313004,-1,3),(313009,40000047,313005,-1,2),(313009,40000052,313006,-1,1),(313010,21002005,313004,-1,2),(313010,21002005,313004,1,2),(313010,22050003,313003,-1,1),(313010,22050003,313003,1,1),(313010,22051013,313005,-1,1),(313010,22051013,313005,1,1),(313010,40000042,313004,-1,5),(313010,40000042,313004,1,1),(313010,40000047,313005,-1,3),(313010,40000047,313005,1,2),(313010,40000052,313006,-1,1),(313010,40000057,313003,-1,2),(313010,40000057,313003,1,1),(313011,21008002,313004,-1,1),(313011,21008002,313004,1,1),(313011,22056001,313003,-1,1),(313011,40000042,313004,-1,4),(313011,40000042,313004,1,1),(313011,40000047,313005,-1,2),(313011,40000047,313005,1,1),(313011,40000052,313006,-1,2),(313011,40000052,313006,1,1),(313012,21007001,313003,-1,3),(313012,21007001,313003,1,1),(313012,22050003,313005,-1,1),(313012,40000038,413005,-1,2),(313012,40000042,313004,-1,2),(313012,40000052,313006,-1,1),(313012,40000057,313003,-1,1),(313013,21008002,313006,-1,1),(313013,21013002,313007,-1,1),(313013,40000037,313002,-1,1),(313013,40000042,313006,-1,4),(313013,40000057,313007,-1,3),(313013,40000057,313007,1,1),(313013,40000062,313005,-1,4),(313013,40000062,313005,1,1),(313014,21007001,313005,-1,2),(313014,40000037,313002,-1,2),(313014,40000037,313002,1,1),(313014,40000042,313006,-1,4),(313014,40000057,313007,-1,1),(313014,40000057,313007,1,1),(313014,40000062,313005,-1,4),(313015,40000003,413002,-1,4),(313015,40000003,413002,1,1),(313015,40000037,313002,-1,1),(313015,40000042,313006,-1,3),(313015,40000042,313006,1,1),(313015,40000057,313007,-1,1),(313016,40000042,313006,-1,4),(313016,40000043,413003,-1,2),(313016,40000043,413003,1,1),(313016,40000057,313007,-1,1),(313016,40000062,313005,-1,1),(313017,22051002,313002,-1,1),(313017,40000037,313002,-1,1),(313017,40000042,313006,-1,4),(313017,40000057,313007,-1,1),(313018,21007001,313007,-1,1),(313018,40000042,313006,-1,2),(313018,40000057,313007,-1,3),(313018,40000062,313005,-1,4),(313019,21004003,313002,-1,1),(313019,22051002,313006,-1,1),(313019,22051013,313007,-1,1),(313019,40000042,313006,-1,4),(313019,40000062,313005,-1,2),(313020,21006001,313002,-1,1),(313020,22056001,313005,-1,2),(313020,40000042,313006,-1,2),(313020,40000063,413010,-1,2),(501001,40000048,301004,-1,1),(501001,40000048,301004,1,1),(501001,40000062,301003,-1,1),(501001,40000062,301003,1,1),(501002,21004003,301001,-1,2),(501002,21004003,301001,1,2),(501002,22050003,301002,-1,2),(501002,22050003,301002,1,2),(501002,40000062,301003,-1,1),(501002,40000062,301003,1,1),(501003,40000009,401001,-1,1),(501003,40000009,401001,1,1),(501003,40000048,301004,-1,1),(501003,40000048,301004,1,1),(501003,40000052,301001,-1,1),(501003,40000052,301001,1,1),(501003,40000053,301001,-1,1),(501003,40000053,301001,1,1),(501004,40000062,301003,-1,1),(501004,40000062,301003,1,1),(501005,21006001,301003,-1,2),(501005,21006001,301003,1,2),(501005,21008002,301005,-1,1),(501005,21008002,301005,1,1),(501005,40000062,301003,-1,1),(501005,40000062,301003,1,1),(501006,21013002,301002,-1,3),(501006,21013002,301002,1,3),(501006,40000012,301005,-1,1),(501006,40000012,301005,1,1),(501006,40000048,301004,-1,1),(501006,40000048,301004,1,1),(501006,40000063,301003,-1,1),(501006,40000063,301003,1,1),(501007,40000062,301003,-1,1),(501007,40000062,301003,1,1),(501008,21002004,301003,-1,1),(501008,22051002,301005,-1,1),(501008,22051013,301004,-1,1),(501008,40000012,301004,-1,4),(501008,40000012,301004,1,3),(501008,40000013,301004,-1,3),(501008,40000032,301003,-1,9),(501008,40000032,301003,1,1),(501008,40000033,301003,-1,1),(501008,40000033,301003,1,1),(501008,40000047,301005,-1,2),(501009,21006001,301003,-1,1),(501009,21006001,301003,1,1),(501009,21013002,301004,-1,1),(501009,21013002,301004,1,1),(501009,40000012,301004,-1,5),(501009,40000012,301004,1,1),(501009,40000013,301004,-1,4),(501009,40000013,301004,1,1),(501009,40000032,301003,-1,7),(501009,40000032,301003,1,2),(501009,40000033,301003,-1,1),(501009,40000047,301005,-1,4),(501009,40000047,301005,1,2),(501009,40000048,301005,-1,2),(501009,40000048,301005,1,1),(501010,21004003,301005,-1,1),(501010,22050003,301004,-1,1),(501010,22050003,301004,1,1),(501010,22053002,301003,-1,4),(501010,40000012,301004,-1,5),(501010,40000012,301004,1,1),(501010,40000032,301003,-1,4),(501010,40000032,301003,1,2),(501010,40000033,301003,-1,5),(501010,40000033,301003,1,1),(501010,40000047,301005,-1,1),(501010,40000048,301005,-1,2),(501011,22051002,301003,-1,1),(501011,22051002,301003,1,1),(501011,40000012,301004,-1,5),(501011,40000012,301004,1,4),(501011,40000013,301004,-1,1),(501011,40000032,301003,-1,7),(501011,40000032,301003,1,4),(501011,40000033,301003,-1,2),(501011,40000047,301005,-1,3),(501012,21004003,301006,-1,1),(501012,40000008,301005,-1,1),(501012,40000027,301003,-1,2),(501012,40000028,301003,-1,1),(501013,21006001,301006,-1,1),(501013,22050003,301003,-1,1),(501013,22051002,301005,-1,1),(501013,40000008,301005,-1,1),(501013,40000012,301004,-1,1),(501013,40000027,301003,-1,4),(501013,40000028,301003,-1,3),(501014,21013002,301004,-1,1),(501014,40000027,301003,-1,2),(501014,40000028,301003,-1,2),(501015,40000007,301005,-1,3),(501015,40000007,301005,1,1),(501015,40000012,301004,-1,1),(501015,40000012,301004,1,1),(501015,40000027,301003,-1,3),(501015,40000027,301003,1,2),(501015,40000028,301003,-1,1),(501016,21002005,301005,-1,1),(501016,21002005,301005,1,1),(501016,22051013,301003,-1,1),(501016,22056001,301004,-1,1),(501016,22056001,301004,1,1),(501016,40000007,301005,-1,2),(501016,40000007,301005,1,1),(501016,40000008,301005,-1,1),(501016,40000008,301005,1,1),(501016,40000012,301004,-1,3),(501016,40000013,301004,-1,3),(501016,40000013,301004,1,2),(501016,40000027,301003,-1,4),(501016,40000027,301003,1,2),(501016,40000044,401004,-1,2),(501016,40000044,401004,1,1),(501017,21007001,301004,-1,1),(501017,22050003,301007,-1,1),(501017,22050003,301007,1,1),(501017,40000007,301005,-1,6),(501017,40000007,301005,1,1),(501017,40000008,301005,-1,3),(501017,40000008,301005,1,2),(501017,40000012,301004,-1,5),(501017,40000012,301004,1,2),(501017,40000032,301007,-1,1),(501017,40000047,301006,-1,1),(501017,40000047,301006,1,1),(501018,21006001,301006,-1,1),(501018,22051002,301005,-1,1),(501018,22051013,301004,-1,2),(501018,40000007,301005,-1,4),(501018,40000007,301005,1,2),(501018,40000008,301005,-1,1),(501018,40000008,301005,1,1),(501018,40000012,301004,-1,4),(501018,40000012,301004,1,1),(501018,40000013,301004,-1,3),(501018,40000013,301004,1,2),(501018,40000047,301006,-1,1),(501018,40000048,301006,-1,1),(501019,21008002,301005,-1,2),(501019,21008002,301005,1,1),(501019,21013002,301004,-1,3),(501019,21013002,301004,1,1),(501019,40000007,301005,-1,5),(501019,40000007,301005,1,2),(501019,40000008,301005,-1,2),(501019,40000012,301004,-1,4),(501019,40000012,301004,1,1),(501019,40000013,301004,-1,1),(501019,40000048,301006,-1,1),(501020,21004003,301005,-1,3),(501020,21004003,301005,1,1),(501020,22050003,301004,-1,2),(501020,22050003,301004,1,1),(501020,40000007,301005,-1,1),(501020,40000007,301005,1,1),(501020,40000008,301005,-1,3),(501020,40000008,301005,1,1),(501020,40000012,301004,-1,6),(501020,40000012,301004,1,2),(501020,40000013,301004,-1,4),(501020,40000013,301004,1,2),(501020,40000047,301006,-1,2),(501021,21004005,301004,-1,2),(501021,21004005,301004,1,1),(501021,21006001,301005,-1,1),(501021,21006001,301005,1,1),(501021,22053002,401005,-1,1),(501021,40000007,301005,-1,3),(501021,40000008,301005,-1,3),(501021,40000012,301004,-1,4),(501021,40000013,301004,-1,3),(501021,40000013,301004,1,2),(501021,40000014,401005,-1,1),(501021,40000014,401005,1,1),(501021,40000048,301006,-1,1),(502001,40000047,302003,-1,1),(502001,40000047,302003,1,1),(502001,40000062,302002,-1,1),(502001,40000062,302002,1,1),(502001,40000063,302002,-1,1),(502001,40000063,302002,1,1),(502002,21004003,302001,-1,1),(502002,21004003,302001,1,1),(502002,22050003,302002,-1,1),(502002,22050003,302002,1,1),(502002,22051002,302003,-1,1),(502002,22051002,302003,1,1),(502002,40000047,302003,-1,1),(502002,40000047,302003,1,1),(502003,21008002,302003,-1,1),(502003,21008002,302003,1,1),(502003,40000048,302003,-1,1),(502003,40000048,302003,1,1),(502004,21004003,302003,-1,2),(502004,21004003,302003,1,2),(502004,21007001,302002,-1,1),(502004,21007001,302002,1,1),(502004,22050003,302004,-1,1),(502004,22050003,302004,1,1),(502004,22053002,302001,-1,1),(502004,22053002,302001,1,1),(502004,40000047,302003,-1,4),(502004,40000047,302003,1,4),(502004,40000048,302003,-1,1),(502004,40000048,302003,1,1),(502004,40000062,302002,-1,1),(502004,40000062,302002,1,1),(502005,21006001,302003,-1,3),(502005,21006001,302003,1,3),(502005,22055004,402001,-1,2),(502005,22055004,402001,1,2),(502005,40000002,302004,-1,2),(502005,40000002,302004,1,2),(502005,40000037,302001,-1,1),(502005,40000037,302001,1,1),(502005,40000047,302003,-1,4),(502005,40000047,302003,1,4),(502005,40000048,302003,-1,1),(502005,40000048,302003,1,1),(502006,22053002,302003,-1,1),(502006,22053002,302003,1,1),(502006,40000002,302004,-1,1),(502006,40000002,302004,1,1),(502006,40000037,302005,-1,1),(502006,40000037,302005,1,1),(502006,40000047,302003,-1,1),(502006,40000047,302003,1,1),(502007,21006001,302005,-1,1),(502007,21006001,302005,1,1),(502007,22051013,302004,-1,1),(502007,22051013,302004,1,1),(502007,40000037,302005,-1,1),(502007,40000037,302005,1,1),(502007,40000047,302003,-1,2),(502007,40000047,302003,1,2),(502007,40000062,302002,-1,1),(502007,40000062,302002,1,1),(502008,21008002,302003,-1,2),(502008,21008002,302003,1,2),(502008,21013002,302004,-1,1),(502008,21013002,302004,1,1),(502008,22053002,302005,-1,1),(502008,22053002,302005,1,1),(502008,40000037,302005,-1,2),(502008,40000037,302005,1,2),(502008,40000047,302003,-1,1),(502008,40000047,302003,1,1),(502009,21004003,302003,-1,1),(502009,21004003,302003,1,1),(502009,21007001,302002,-1,1),(502009,21007001,302002,1,1),(502009,40000037,302005,-1,1),(502009,40000037,302005,1,1),(502009,40000047,302003,-1,2),(502009,40000047,302003,1,2),(502009,40000062,302002,-1,3),(502009,40000062,302002,1,3),(502010,21006001,302003,-1,4),(502010,21006001,302003,1,4),(502010,21008002,302005,-1,1),(502010,21008002,302005,1,1),(502010,22051013,302002,-1,1),(502010,22051013,302002,1,1),(502010,40000037,302005,-1,1),(502010,40000037,302005,1,1),(502010,40000047,302003,-1,2),(502010,40000047,302003,1,2),(502010,40000048,302003,-1,2),(502010,40000048,302003,1,2),(502011,21007001,302004,-1,1),(502011,21007001,302004,1,1),(502011,22050016,402002,-1,1),(502011,22050016,402002,1,1),(502011,22053002,302003,-1,3),(502011,22053002,302003,1,3),(502011,40000003,302004,-1,1),(502011,40000003,302004,1,1),(502011,40000047,302003,-1,3),(502011,40000047,302003,1,3),(502011,40000048,302003,-1,1),(502011,40000048,302003,1,1),(502012,22051002,302003,-1,1),(502012,22051002,302003,1,1),(502012,40000037,302005,-1,1),(502012,40000037,302005,1,1),(502012,40000037,302006,-1,1),(502012,40000037,302006,1,1),(502012,40000038,302006,-1,1),(502012,40000038,302006,1,1),(502012,40000047,302003,-1,1),(502012,40000047,302003,1,1),(502013,21007001,302006,-1,1),(502013,21007001,302006,1,1),(502013,40000047,302003,-1,1),(502013,40000047,302003,1,1),(502013,40000048,302003,-1,1),(502013,40000048,302003,1,1),(502014,21004003,302003,-1,1),(502014,21004003,302003,1,1),(502015,21006001,302003,-1,1),(502015,21006001,302003,1,1),(502015,40000047,302003,-1,4),(502015,40000047,302003,1,4),(502015,40000048,302003,-1,1),(502015,40000048,302003,1,1),(502016,40000004,402003,-1,1),(502016,40000004,402003,1,1),(502017,22051002,302003,-1,1),(502017,40000032,302002,-1,1),(502017,40000037,302003,-1,4),(502017,40000038,302003,-1,1),(502018,21008002,302003,-1,2),(502018,22051013,302007,-1,1),(502018,22056001,302002,-1,1),(502018,40000012,302007,-1,1),(502018,40000032,302002,-1,1),(502018,40000037,302003,-1,4),(502018,40000047,302008,-1,2),(502019,21004003,302003,-1,1),(502019,21007001,302002,-1,1),(502019,22051016,302008,-1,3),(502019,40000033,302002,-1,1),(502019,40000037,302003,-1,4),(502019,40000038,302003,-1,2),(502019,40000047,302008,-1,6),(502019,40000048,302008,-1,1),(502020,22051002,302008,-1,2),(502020,40000037,302003,-1,4),(502020,40000038,302003,-1,1),(502020,40000047,302008,-1,7),(502020,40000048,302008,-1,1),(502021,40000029,402005,-1,2),(502021,40000032,302002,-1,2),(502021,40000033,302002,-1,1),(502021,40000047,302008,-1,3),(503001,40000033,303004,-1,1),(503001,40000037,303003,-1,1),(503001,40000038,303003,-1,1),(503001,40000038,303003,1,1),(503001,40000047,303001,-1,1),(503001,40000048,303001,-1,1),(503001,40000062,303002,-1,3),(503002,21006001,303001,-1,1),(503002,21008002,303003,-1,1),(503002,22052007,303002,-1,1),(503002,40000032,303004,-1,1),(503002,40000033,303004,-1,1),(503002,40000037,303003,-1,1),(503002,40000047,303001,-1,1),(503002,40000048,303001,-1,1),(503002,40000048,303001,1,1),(503002,40000062,303002,-1,2),(503003,22053002,303001,-1,1),(503003,40000033,303004,-1,1),(503003,40000037,303003,-1,2),(503003,40000037,303003,1,1),(503003,40000047,303001,-1,3),(503003,40000047,303001,1,1),(503003,40000048,303001,-1,1),(503003,40000048,303001,1,1),(503003,40000062,303002,-1,2),(503003,40000063,303002,-1,2),(503003,40000063,303002,1,1),(503004,22051013,303002,-1,1),(503004,40000032,303004,-1,3),(503004,40000032,303004,1,2),(503004,40000033,303004,-1,1),(503004,40000037,303003,-1,1),(503004,40000038,303003,-1,1),(503004,40000048,303001,-1,1),(503004,40000048,303001,1,1),(503004,40000062,303002,-1,1),(503005,21007001,303002,-1,1),(503005,22053002,303004,-1,1),(503005,40000027,303005,-1,1),(503005,40000032,303004,-1,1),(503005,40000033,303004,-1,1),(503005,40000038,303003,-1,1),(503005,40000038,303003,1,1),(503005,40000062,303002,-1,2),(503005,40000062,303002,1,1),(503005,40000063,303002,-1,1),(503006,22051013,303002,-1,2),(503006,22051013,303002,1,1),(503006,40000028,303005,-1,1),(503006,40000032,303004,-1,3),(503006,40000032,303004,1,2),(503006,40000033,303004,-1,1),(503006,40000033,303004,1,1),(503006,40000062,303002,-1,3),(503007,40000032,303004,-1,1),(503007,40000037,303003,-1,1),(503007,40000037,303003,1,1),(503007,40000062,303002,-1,5),(503007,40000062,303002,1,1),(503007,40000063,303002,-1,1),(503007,40000063,303002,1,1),(503008,40000037,303003,-1,2),(503008,40000054,403002,-1,1),(503008,40000054,403002,1,1),(503008,40000062,303002,-1,2),(503009,21006001,303003,-1,3),(503009,21008002,303005,-1,2),(503009,40000027,303006,-1,2),(503009,40000032,303004,-1,5),(503009,40000032,303004,1,1),(503009,40000037,303003,-1,3),(503010,21007001,303004,-1,1),(503010,22050003,303006,-1,1),(503010,22050003,303006,1,1),(503010,40000027,303006,-1,3),(503010,40000032,303004,-1,2),(503010,40000033,303004,-1,1),(503010,40000037,303003,-1,4),(503010,40000062,303005,-1,1),(503011,22051013,303004,-1,1),(503011,22056001,303006,-1,1),(503011,40000027,303006,-1,1),(503011,40000032,303004,-1,3),(503011,40000032,303004,1,1),(503011,40000033,303004,-1,1),(503011,40000037,303003,-1,2),(503011,40000038,303003,-1,1),(503011,40000038,303003,1,1),(503012,21013002,303004,-1,1),(503012,40000027,303006,-1,1),(503012,40000032,303004,-1,6),(503012,40000032,303004,1,1),(503012,40000037,303003,-1,4),(503012,40000037,303003,1,1),(503013,21006001,403003,-1,1),(503013,40000037,303003,-1,1),(503013,40000037,303003,1,1),(503013,40000038,303003,-1,1),(503014,21013002,303004,-1,1),(503014,21013002,303004,1,1),(503014,22053002,303007,-1,1),(503014,22053002,303007,1,1),(503014,40000027,303005,-1,1),(503014,40000032,303004,-1,4),(503014,40000032,303004,1,1),(503014,40000052,303007,-1,2),(503014,40000052,303007,1,1),(503014,40000053,303007,-1,1),(503014,40000063,303006,-1,2),(503014,40000063,303006,1,2),(503015,22050003,303004,-1,1),(503015,22051002,303007,-1,1),(503015,40000028,303005,-1,1),(503015,40000052,303007,-1,5),(503015,40000052,303007,1,3),(503015,40000053,303007,-1,1),(503015,40000053,303007,1,1),(503016,21006001,303005,-1,1),(503016,22056001,303004,-1,1),(503016,40000032,303004,-1,8),(503016,40000032,303004,1,2),(503016,40000033,303004,-1,1),(503016,40000052,303007,-1,2),(503016,40000053,303007,-1,1),(503016,40000053,303007,1,1),(503017,21007001,303004,-1,2),(503017,40000032,303004,-1,5),(503017,40000033,303004,-1,2),(503017,40000033,303004,1,1),(503017,40000049,403004,-1,1),(503017,40000049,403004,1,1),(503017,40000052,303007,-1,5),(503017,40000052,303007,1,2),(503017,40000053,303007,-1,2),(503017,40000053,303007,1,1),(504001,22051003,304012,-1,1),(504001,22054002,304009,-1,2),(504001,40000007,304001,-1,3),(504001,40000007,304001,1,2),(504001,40000007,304012,-1,2),(504001,40000008,304001,-1,3),(504001,40000008,304001,1,1),(504001,40000047,304010,-1,5),(504001,40000048,304010,-1,2),(504001,40000048,304010,1,2),(504001,40000052,304009,-1,8),(504001,40000052,304009,1,2),(504001,40000053,304009,-1,2),(504002,21001003,304010,-1,2),(504002,21006001,304001,-1,4),(504002,21006001,304001,1,1),(504002,22054002,304009,-1,1),(504002,22054002,304009,1,1),(504002,40000007,304009,-1,2),(504002,40000008,304009,-1,1),(504002,40000047,304001,-1,1),(504002,40000047,304012,-1,1),(504002,40000047,304012,1,1),(504002,40000048,304001,-1,1),(504002,40000048,304001,1,1),(504002,40000052,304010,-1,3),(504002,40000052,304010,1,1),(504002,40000053,304010,-1,2),(504003,21001003,304010,-1,10),(504003,21001003,304010,1,3),(504003,21006001,304001,-1,10),(504003,21006001,304001,1,1),(504003,22050006,404001,-1,3),(504003,22051003,304012,-1,1),(504003,22051003,304012,1,1),(504003,22054002,304009,-1,10),(504003,22054002,304009,1,3),(504003,40000007,304010,-1,12),(504003,40000007,304010,1,1),(504003,40000008,304010,-1,7),(504003,40000008,304010,1,2),(504003,40000047,304009,-1,16),(504003,40000047,304009,1,5),(504003,40000048,304009,-1,5),(504003,40000049,404001,-1,15),(504003,40000049,404001,1,3),(504003,40000052,304001,-1,4),(504003,40000052,304001,1,2),(504003,40000052,304012,-1,4),(504003,40000053,304001,-1,4),(504003,40000053,304001,1,1),(504003,40000053,304012,-1,1),(504004,21006001,304010,-1,1),(504004,22054002,304012,-1,1),(504004,22054002,304012,1,1),(504004,40000002,304010,-1,4),(504004,40000002,304010,1,3),(504004,40000002,304011,-1,1),(504004,40000042,304012,-1,7),(504004,40000042,304012,1,4),(504004,40000043,304012,-1,1),(504004,40000057,304009,-1,3),(504004,40000057,304009,1,1),(504004,40000058,304009,-1,1),(504005,21006001,304010,-1,1),(504005,21006001,304010,1,1),(504005,40000002,304012,-1,3),(504005,40000002,304012,1,1),(504005,40000003,304012,-1,2),(504005,40000003,304012,1,2),(504005,40000057,304010,-1,3),(504005,40000057,304010,1,3),(504006,22054002,304012,-1,1),(504006,22054002,304012,1,1),(504006,40000042,304010,-1,1),(504007,40000013,304010,-1,1),(504007,40000013,304010,1,1),(504007,40000048,304012,-1,1),(504007,40000048,304012,1,1),(504008,40000012,304011,-1,1),(504008,40000012,304011,1,1),(504009,21001004,304010,-1,1),(504009,21001004,304010,1,1),(504009,40000053,304010,-1,1),(504009,40000053,304010,1,1),(504012,22054002,304011,-1,1),(504012,22054002,304011,1,1),(504012,40000007,304017,-1,1),(504012,40000007,304017,1,1),(504013,21001004,304009,-1,2),(504013,21001004,304009,1,2),(504013,22054002,304011,-1,1),(504013,22054002,304011,1,1),(504013,40000058,304009,-1,1),(504013,40000058,304009,1,1),(504014,40000008,304009,-1,1),(504014,40000008,304009,1,1),(504014,40000043,304011,-1,1),(504014,40000043,304011,1,1),(504015,40000063,304026,-1,1),(504017,22055003,304026,-1,1),(504018,21001004,304024,-1,1),(504018,21001004,304024,1,1),(504019,40000062,304016,-1,1),(504040,21013002,304059,-1,1),(504041,21007001,304023,-1,1),(504041,40000027,304058,-1,1),(504041,40000057,304059,-1,1),(504042,22051002,304016,-1,1),(504042,40000027,304058,-1,1),(504042,40000028,304058,-1,1),(504043,21008002,304016,-1,1),(504044,21004003,304016,-1,1),(504044,22051002,304058,-1,1),(504044,40000008,304016,-1,1),(504045,21008002,304058,-1,2),(504045,21008002,304058,1,2),(504045,21013002,304059,-1,2),(504045,21013002,304059,1,2),(504045,40000058,304059,-1,1),(504045,40000058,304059,1,1),(504046,21007001,304023,-1,1),(504046,21007001,304023,1,1),(504046,40000057,304059,-1,1),(504046,40000057,304059,1,1),(504046,40000062,304060,-1,1),(504046,40000062,304060,1,1),(505001,21004002,305001,-1,46),(505001,21004002,305001,1,24),(505001,21007001,305007,-1,8),(505001,21007001,305007,1,4),(505001,22050004,305004,-1,4),(505001,22050004,305004,1,3),(505001,22052002,305012,-1,4),(505001,22052002,305012,1,2),(505001,40000002,305001,-1,92),(505001,40000002,305001,1,61),(505001,40000002,305012,-1,11),(505001,40000002,305012,1,8),(505001,40000003,305001,-1,27),(505001,40000003,305001,1,15),(505001,40000003,305012,-1,1),(505001,40000032,305007,-1,10),(505001,40000032,305007,1,7),(505001,40000033,305007,-1,10),(505001,40000033,305007,1,8),(505001,40000037,305004,-1,9),(505001,40000037,305004,1,6),(505001,40000038,305004,-1,2),(505001,40000038,305004,1,1),(505002,21004002,305001,-1,3),(505002,21004002,305001,1,3),(505002,21007001,305007,-1,1),(505002,21007001,305007,1,1),(505002,22052002,305012,-1,1),(505002,22052002,305012,1,1),(505002,40000037,305001,-1,1),(505002,40000037,305001,1,1),(505002,40000038,305001,-1,2),(505002,40000038,305001,1,2),(505003,21004002,305001,-1,4),(505003,21004002,305001,1,4),(505003,21007001,305007,-1,1),(505003,21007001,305007,1,1),(505003,40000002,305004,-1,2),(505003,40000002,305004,1,2),(505003,40000037,305007,-1,1),(505003,40000037,305007,1,1),(505004,21004002,305001,-1,6),(505004,21004002,305001,1,6),(505004,21007001,305007,-1,2),(505004,21007001,305007,1,2),(505004,40000002,305001,-1,11),(505004,40000002,305001,1,11),(505004,40000002,305012,-1,1),(505004,40000002,305012,1,1),(505004,40000003,305001,-1,4),(505004,40000003,305001,1,4),(505004,40000032,305007,-1,1),(505004,40000032,305007,1,1),(505004,40000037,305004,-1,1),(505004,40000037,305004,1,1),(505004,40000038,305004,-1,1),(505004,40000038,305004,1,1),(505005,21004002,305001,-1,1),(505005,21004002,305001,1,1),(505005,40000037,305001,-1,3),(505005,40000037,305001,1,3),(505005,40000054,405001,-1,1),(505005,40000054,405001,1,1),(505006,40000002,305004,-1,1),(505006,40000002,305004,1,1),(505007,40000002,305012,-1,1),(505007,40000002,305012,1,1),(505009,22050004,305007,-1,1),(505009,22050004,305007,1,1),(505009,40000047,305006,-1,1),(505009,40000047,305006,1,1),(505009,40000047,305007,-1,1),(505009,40000047,305007,1,1),(505014,22053001,305012,-1,1),(505014,22053001,305012,1,1),(505014,40000027,305012,-1,1),(505014,40000027,305012,1,1),(505015,21005001,305007,-1,1),(505015,21005001,305007,1,1),(505015,40000002,305012,-1,1),(505015,40000002,305012,1,1),(505016,40000062,305012,-1,1),(505016,40000062,305012,1,1),(505017,22053001,305012,-1,1),(505017,22053001,305012,1,1),(505017,40000062,305007,-1,1),(505017,40000062,305007,1,1),(505017,40000062,305014,-1,1),(505017,40000062,305014,1,1),(505017,40000063,305007,-1,2),(505017,40000063,305007,1,2),(505018,21005001,305007,-1,1),(505018,21005001,305007,1,1),(505018,40000062,305008,-1,1),(505018,40000062,305008,1,1),(505024,40000042,305034,-1,1),(505024,40000042,305034,1,1),(505024,40000052,305012,-1,1),(505024,40000052,305012,1,1),(505024,40000053,305012,-1,1),(505024,40000053,305012,1,1),(505034,40000037,305037,-1,1),(505034,40000037,305037,1,1),(505034,40000057,305040,-1,1),(505034,40000057,305040,1,1),(505035,21005003,305038,-1,1),(505035,21005003,305038,1,1),(506005,40000012,306001,-1,1),(506005,40000012,306001,1,1),(506005,40000032,306002,-1,1),(506005,40000032,306002,1,1),(506005,40000037,306007,-1,1),(506005,40000037,306007,1,1),(506006,22051013,306001,-1,1),(506006,22051013,306001,1,1),(506006,40000013,306002,-1,1),(506006,40000013,306002,1,1),(506007,21010003,306007,-1,1),(506007,21010003,306007,1,1),(506007,40000033,306001,-1,1),(506007,40000033,306001,1,1),(506008,22054001,306003,-1,1),(506008,22054001,306003,1,1),(506008,40000012,306003,-1,1),(506008,40000012,306003,1,1),(506008,40000037,306007,-1,1),(506008,40000037,306007,1,1),(506014,40000007,306003,-1,2),(506014,40000007,306003,1,2),(506016,21004003,306003,-1,1),(506016,21004003,306003,1,1),(506016,40000007,306011,-1,1),(506016,40000007,306011,1,1),(506016,40000008,306011,-1,1),(506016,40000008,306011,1,1),(506017,40000007,306003,-1,1),(506017,40000007,306003,1,1),(506017,40000028,306006,-1,1),(506017,40000028,306006,1,1),(506017,40000062,306011,-1,1),(506017,40000062,306011,1,1),(506018,21006002,306011,-1,2),(506018,21006002,306011,1,2),(506018,22050002,306006,-1,1),(506018,22050002,306006,1,1),(506018,40000027,306011,-1,1),(506018,40000027,306011,1,1),(506019,22050002,306013,-1,1),(506019,22050002,306013,1,1),(506019,40000027,406006,-1,1),(506019,40000027,406006,1,1),(506035,21008002,306094,-1,4),(506035,21008002,306094,1,3),(506035,21013002,306095,-1,2),(506035,21013002,306095,1,1),(506035,22053002,306096,-1,2),(506035,22053002,306096,1,1),(506035,40000012,306096,-1,1),(506035,40000012,306096,1,1),(506035,40000037,306094,-1,11),(506035,40000037,306094,1,4),(506035,40000038,306094,-1,7),(506035,40000052,306095,-1,1),(506035,40000052,306095,1,1),(506035,40000062,306073,-1,1),(506035,40000062,306073,1,1),(506036,21004003,306094,-1,14),(506036,21004003,306094,1,7),(506036,22050003,306095,-1,2),(506036,22050003,306095,1,1),(506036,22051002,306096,-1,2),(506036,40000037,306094,-1,4),(506036,40000037,306094,1,1),(506036,40000038,306094,-1,1),(506036,40000053,306095,-1,1),(506037,21006001,306094,-1,14),(506037,21006001,306094,1,3),(506037,21013002,306073,-1,3),(506037,22056001,306095,-1,1),(506037,40000012,306096,-1,1),(506037,40000037,306094,-1,9),(506037,40000037,306094,1,8),(506037,40000038,306094,-1,6),(506037,40000038,306094,1,1),(506037,40000052,306095,-1,3),(506037,40000052,306095,1,1),(506038,21004003,306096,-1,2),(506038,21004003,306096,1,2),(506038,22053002,306094,-1,11),(506038,22053002,306094,1,3),(506038,40000037,306094,-1,6),(506038,40000037,306094,1,2),(506038,40000038,306094,-1,3),(506038,40000038,306094,1,1),(506038,40000062,306073,-1,2),(506039,22051002,306094,-1,25),(506039,22051002,306094,1,10),(506039,40000037,306094,-1,19),(506039,40000037,306094,1,7),(506039,40000038,306094,-1,4),(506039,40000038,306094,1,1),(506040,21008002,306094,-1,18),(506040,21008002,306094,1,5),(506040,40000037,306094,-1,19),(506040,40000037,306094,1,6),(506040,40000038,306094,-1,8),(506040,40000038,306094,1,3),(506041,22053006,406012,-1,14),(506041,22053006,406012,1,11),(506041,40000064,406012,-1,21),(506041,40000064,406012,1,10),(506042,40000058,306022,-1,1),(506042,40000058,306022,1,1),(506043,21007001,306028,-1,1),(506043,21007001,306028,1,1),(506043,40000058,306022,-1,1),(506043,40000058,306022,1,1),(506044,22051013,306028,-1,1),(506044,22051013,306028,1,1),(506044,40000002,306020,-1,1),(506044,40000002,306020,1,1),(506045,21004003,306099,-1,1),(506045,21004003,306099,1,1),(506045,40000042,306099,-1,2),(506045,40000042,306099,1,2),(506046,40000027,306098,-1,2),(506046,40000027,306098,1,2),(506046,40000062,306075,-1,2),(506046,40000062,306075,1,2),(506047,21013002,306098,-1,1),(506047,21013002,306098,1,1),(506047,22053002,306099,-1,1),(506047,22053002,306099,1,1),(506047,40000027,306098,-1,3),(506047,40000027,306098,1,3),(506047,40000028,306098,-1,1),(506047,40000028,306098,1,1),(506047,40000042,306099,-1,1),(506047,40000042,306099,1,1),(506048,22050003,306098,-1,2),(506048,22050003,306098,1,2),(506049,21013002,306073,-1,2),(506049,21013002,306073,1,2),(506049,22056001,306001,-1,1),(506049,22056001,306001,1,1),(506049,40000003,306001,-1,1),(506049,40000003,306001,1,1),(506050,21007001,306001,-1,1),(506050,21007001,306001,1,1),(506050,22050003,306073,-1,1),(506050,22050003,306073,1,1),(506050,22051002,306076,-1,1),(506050,22051002,306076,1,1),(506050,40000002,306001,-1,1),(506050,40000002,306001,1,1),(506050,40000033,306076,-1,2),(506050,40000033,306076,1,2),(506051,21006001,306075,-1,1),(506051,21006001,306075,1,1),(506051,22051013,306001,-1,3),(506051,22051013,306001,1,3),(506051,40000002,306001,-1,2),(506051,40000002,306001,1,2),(506051,40000003,306001,-1,2),(506051,40000003,306001,1,2),(506051,40000032,306076,-1,2),(506051,40000032,306076,1,2),(506052,22050016,406015,-1,1),(506052,22050016,406015,1,1),(506052,40000002,306001,-1,2),(506052,40000002,306001,1,2),(506052,40000032,306076,-1,1),(506052,40000032,306076,1,1),(506052,40000039,406015,-1,1),(506052,40000039,406015,1,1),(506052,40000053,306073,-1,1),(506052,40000053,306073,1,1),(506053,40000047,306077,-1,2),(506053,40000047,306077,1,2),(506054,21007001,306076,-1,1),(506054,21007001,306076,1,1),(506054,22050003,306077,-1,1),(506054,22050003,306077,1,1),(506054,22053002,306075,-1,2),(506054,22053002,306075,1,2),(506054,40000002,306074,-1,2),(506054,40000002,306074,1,2),(506054,40000032,306076,-1,2),(506054,40000032,306076,1,2),(506054,40000033,306076,-1,1),(506054,40000033,306076,1,1),(506054,40000047,306077,-1,1),(506054,40000047,306077,1,1),(506055,21006001,306076,-1,1),(506055,21006001,306076,1,1),(506055,22051002,306074,-1,1),(506055,22051002,306074,1,1),(506055,22051013,306075,-1,1),(506055,22051013,306075,1,1),(506055,40000002,306074,-1,1),(506055,40000002,306074,1,1),(506055,40000047,306077,-1,2),(506055,40000047,306077,1,2),(506056,21007001,306076,-1,1),(506056,21007001,306076,1,1),(506056,22050003,306077,-1,1),(506056,22050003,306077,1,1),(506056,40000003,306074,-1,1),(506056,40000003,306074,1,1),(506056,40000013,306020,-1,1),(506056,40000013,306020,1,1),(506056,40000032,306076,-1,2),(506056,40000032,306076,1,2),(506056,40000034,406016,-1,1),(506056,40000034,406016,1,1),(506056,40000047,306077,-1,1),(506056,40000047,306077,1,1),(506057,22051013,306077,-1,1),(506057,22051013,306077,1,1),(506057,22056001,306076,-1,4),(506057,22056001,306076,1,4),(506057,40000032,306076,-1,6),(506057,40000032,306076,1,6),(506057,40000033,306076,-1,1),(506057,40000033,306076,1,1),(506058,21007001,306076,-1,2),(506058,21007001,306076,1,2),(506058,21013002,306077,-1,1),(506058,21013002,306077,1,1),(506058,40000032,306076,-1,4),(506058,40000032,306076,1,4),(506058,40000033,306076,-1,1),(506058,40000033,306076,1,1),(506058,40000047,306077,-1,1),(506058,40000047,306077,1,1),(506077,21004003,306080,-1,2),(506077,40000042,306078,-1,1),(506078,21007001,306083,-1,1),(506078,40000007,306081,-1,1),(506079,21004003,306080,-1,1),(506079,40000032,306080,-1,1),(506079,40000042,306078,-1,1),(506080,40000053,306083,-1,1),(506080,40000053,306083,1,1),(506081,40000002,306082,-1,1),(506081,40000002,306082,1,1),(506082,21007001,306082,-1,2),(506082,21007001,306082,1,2),(506083,21002004,406027,-1,5),(506083,40000054,406027,-1,4),(506089,21013002,306086,-1,3),(506089,40000002,306082,-1,1),(506089,40000012,306087,-1,1),(506090,22050003,306086,-1,1),(506091,21008002,306087,-1,2),(506091,40000012,306087,-1,1),(506092,21005003,406029,-1,9),(506092,21013002,306082,-1,10),(506092,22053002,306083,-1,6),(506092,40000002,306082,-1,4),(506092,40000003,306082,-1,3),(506092,40000049,406029,-1,7),(506092,40000052,306083,-1,10),(507001,21009003,307004,-1,1),(507001,21009003,307004,1,1),(507001,40000037,307007,-1,1),(507001,40000037,307007,1,1),(507004,40000058,307007,-1,1),(507004,40000058,307007,1,1),(508001,21005003,308003,-1,1),(508001,40000027,308004,-1,2),(508001,40000027,308004,1,1),(508001,40000032,308001,-1,2),(508001,40000047,308003,-1,4),(508001,40000052,308002,-1,1),(508001,40000053,308002,-1,1),(508002,21006001,308002,-1,1),(508002,22051013,308001,-1,1),(508002,40000027,308004,-1,4),(508002,40000027,308004,1,1),(508002,40000032,308001,-1,3),(508002,40000032,308001,1,2),(508002,40000033,308001,-1,1),(508002,40000047,308003,-1,3),(508002,40000047,308003,1,1),(508002,40000052,308002,-1,4),(508002,40000052,308002,1,1),(508002,40000053,308002,-1,1),(508003,21007001,308004,-1,1),(508003,21007001,308004,1,1),(508003,21008002,308001,-1,1),(508003,21008002,308001,1,1),(508003,22053002,308003,-1,1),(508003,22053002,308003,1,1),(508003,40000032,308001,-1,2),(508003,40000032,308001,1,1),(508003,40000047,308003,-1,3),(508003,40000048,308003,-1,2),(508003,40000053,308002,-1,1),(508004,22051002,308003,-1,1),(508004,40000034,408001,-1,5),(508004,40000034,408001,1,1),(508004,40000047,308003,-1,2),(508004,40000047,308003,1,1),(508004,40000052,308002,-1,3),(508004,40000052,308002,1,1),(508005,21008002,308003,-1,1),(508005,21013002,308004,-1,1),(508005,22056001,308001,-1,2),(508005,40000042,308006,-1,2),(508005,40000047,308003,-1,1),(508005,40000048,308003,-1,1),(508005,40000052,308001,-1,2),(508006,21004003,308003,-1,1),(508006,21007001,308001,-1,1),(508006,22050003,308004,-1,2),(508006,22051002,308006,-1,1),(508006,40000027,308004,-1,3),(508006,40000048,308003,-1,1),(508006,40000052,308001,-1,1),(508006,40000053,308001,-1,1),(508007,21006001,308003,-1,1),(508007,22056001,308004,-1,1),(508007,40000027,308004,-1,4),(508007,40000028,308004,-1,1),(508007,40000042,308006,-1,2),(508007,40000047,308003,-1,6),(508007,40000048,308003,-1,2),(508007,40000052,308001,-1,1),(508007,40000053,308001,-1,1),(508008,22050003,408002,-1,1),(508009,40000054,408003,-1,1),(508010,40000028,308004,-1,2),(508010,40000047,308003,-1,3),(508010,40000048,308003,-1,3),(508010,40000062,308006,-1,1),(508010,40000063,308006,-1,1),(508011,22050003,308003,-1,1),(508011,22051002,308004,-1,1),(508011,40000027,308004,-1,2),(508011,40000027,308004,1,2),(508011,40000028,308004,-1,1),(508011,40000047,308003,-1,1),(508011,40000048,308003,-1,1),(508012,21008001,308002,-1,1),(508012,40000028,308004,-1,1),(508012,40000042,308002,-1,1),(508012,40000047,308003,-1,4),(508012,40000047,308003,1,1),(508012,40000062,308006,-1,1),(508012,40000062,308006,1,1),(508013,22051013,408014,-1,2),(508013,40000027,308004,-1,1),(508013,40000044,408014,-1,2),(508013,40000047,308003,-1,2),(508013,40000048,308003,-1,1),(508014,21008002,308006,-1,1),(508014,40000027,308003,-1,3),(508014,40000027,308003,1,2),(508014,40000042,308004,-1,2),(508014,40000042,308004,1,2),(508014,40000062,308006,-1,2),(508015,40000027,308003,-1,1),(508015,40000042,308004,-1,2),(508015,40000057,308007,-1,3),(508015,40000062,308006,-1,1),(508015,40000063,308006,-1,1),(508016,40000028,308003,-1,1),(508016,40000042,308004,-1,3),(508016,40000042,308004,1,1),(508016,40000057,308007,-1,1),(508016,40000058,308007,-1,1),(508016,40000058,308007,1,1),(508016,40000062,308006,-1,1),(508017,22053002,308006,-1,2),(508017,40000028,308003,-1,1),(508017,40000028,308003,1,1),(508017,40000042,308004,-1,1),(508017,40000043,308004,-1,1),(508018,40000049,408005,-1,1),(508019,21013002,308006,-1,1),(508019,21013002,308006,1,1),(508019,40000042,308003,-1,1),(508019,40000057,308006,-1,2),(508019,40000057,308006,1,1),(508020,21004003,308004,-1,1),(508020,40000002,308007,-1,1),(508020,40000057,308006,-1,1),(508020,40000057,308006,1,1),(508020,40000058,308006,-1,1),(508020,40000062,308004,-1,3),(508021,21006001,308004,-1,1),(508021,21006001,308004,1,1),(508021,22051013,308003,-1,1),(508021,22056001,308006,-1,2),(508021,22056001,308006,1,1),(508021,40000042,308003,-1,2),(508021,40000042,308003,1,1),(508021,40000043,308003,-1,1),(508021,40000043,308003,1,1),(508021,40000057,308006,-1,2),(508021,40000058,308006,-1,1),(508021,40000058,308006,1,1),(508021,40000062,308004,-1,3),(508022,21013002,308003,-1,1),(508022,22053002,308004,-1,1),(508022,40000043,308003,-1,1),(508022,40000062,308004,-1,1),(508023,40000064,408006,-1,1),(508024,21013002,308003,-1,1),(508024,21013002,308003,1,1),(508024,40000002,308007,-1,1),(508024,40000012,308001,-1,1),(508024,40000057,308003,-1,3),(508024,40000057,308003,1,1),(508024,40000058,308003,-1,2),(508024,40000058,308003,1,2),(508025,21004003,308004,-1,1),(508025,21004003,308004,1,1),(508025,22050003,308003,-1,1),(508025,40000002,308007,-1,1),(508025,40000057,308003,-1,2),(508025,40000057,308003,1,1),(508025,40000062,308004,-1,1),(508025,40000063,308004,-1,1),(508025,40000063,308004,1,1),(508026,21008002,308007,-1,1),(508026,40000012,308001,-1,1),(508026,40000013,308001,-1,1),(508026,40000013,308001,1,1),(508026,40000057,308003,-1,1),(508026,40000058,308003,-1,1),(508026,40000062,308004,-1,3),(508026,40000062,308004,1,1),(508027,40000057,308003,-1,1),(508027,40000057,308003,1,1),(508027,40000062,308004,-1,1),(508028,21006001,308005,-1,1),(508028,21006001,308005,1,1),(508028,40000027,308009,-1,2),(508028,40000027,308009,1,1),(508028,40000032,308008,-1,2),(508028,40000033,308008,-1,2),(508028,40000033,308008,1,1),(508028,40000052,308005,-1,1),(508028,40000052,308005,1,1),(508028,40000057,308003,-1,2),(508028,40000057,308003,1,1),(508029,21013002,308003,-1,1),(508029,40000028,308009,-1,2),(508029,40000032,308008,-1,1),(508029,40000032,308008,1,1),(508029,40000033,308008,-1,1),(508029,40000052,308005,-1,2),(508029,40000052,308005,1,2),(508029,40000057,308003,-1,1),(508029,40000057,308003,1,1),(508030,21006001,308009,-1,1),(508030,21006001,308009,1,1),(508030,22051002,308005,-1,1),(508030,40000027,308009,-1,1),(508030,40000027,308009,1,1),(508030,40000032,308008,-1,2),(508030,40000033,308008,-1,1),(508030,40000053,308005,-1,2),(508031,40000027,308009,-1,1),(508031,40000027,308009,1,1),(508031,40000032,308008,-1,3),(508031,40000032,308008,1,3),(508031,40000052,308005,-1,1),(508032,21007001,308003,-1,1),(508032,22050003,308008,-1,2),(508032,40000027,308009,-1,4),(508032,40000027,308009,1,3),(508032,40000052,308005,-1,3),(508032,40000053,308005,-1,1),(508032,40000057,308003,-1,1),(508032,40000057,308003,1,1),(508032,40000058,308003,-1,1),(508032,40000058,308003,1,1),(508033,21008002,308010,-1,1),(508033,21008002,308010,1,1),(508033,40000032,308009,-1,3),(508033,40000052,308007,-1,2),(508033,40000052,308007,1,1),(508033,40000053,308007,-1,1),(508033,40000053,308007,1,1),(508034,21004003,308010,-1,1),(508034,21004003,308010,1,1),(508034,21013002,308007,-1,1),(508034,21013002,308007,1,1),(508034,22053002,308009,-1,2),(508034,40000027,308006,-1,1),(508034,40000027,308006,1,1),(508034,40000032,308009,-1,2),(508034,40000032,308009,1,1),(508034,40000047,308010,-1,1),(508035,22050003,308007,-1,1),(508035,22051002,308009,-1,2),(508035,22051002,308009,1,1),(508035,40000027,308006,-1,1),(508035,40000032,308009,-1,1),(508035,40000032,308009,1,1),(508035,40000052,308007,-1,4),(508035,40000052,308007,1,4),(508036,21007001,408008,-1,1),(508036,21007001,408008,1,1),(508036,40000047,308010,-1,1),(508036,40000049,408008,-1,1),(508036,40000052,308007,-1,1),(508036,40000052,308007,1,1),(510001,22053003,310006,-1,1),(510001,22053003,310006,1,1),(510001,40000002,310001,-1,1),(510001,40000002,310001,1,1),(510001,40000032,310006,-1,1),(510001,40000032,310006,1,1),(510002,22053003,310006,-1,1),(510002,22053003,310006,1,1),(510002,40000032,310006,-1,2),(510002,40000032,310006,1,2),(510002,40000062,310001,-1,1),(510002,40000062,310001,1,1),(510003,22053003,310006,-1,1),(510003,22053003,310006,1,1),(510003,40000029,410001,-1,1),(510003,40000029,410001,1,1),(510004,21010002,310005,-1,1),(510004,21010002,310005,1,1),(510004,40000012,310004,-1,1),(510004,40000012,310004,1,1),(510004,40000032,310006,-1,1),(510004,40000032,310006,1,1),(510005,40000032,310005,-1,1),(510005,40000032,310005,1,1),(510005,40000037,310007,-1,1),(510005,40000037,310007,1,1),(510006,40000012,310005,-1,1),(510006,40000012,310005,1,1),(510006,40000037,310006,-1,1),(510006,40000037,310006,1,1),(510007,40000008,410003,-1,1),(510007,40000008,410003,1,1),(510007,40000012,310005,-1,1),(510007,40000012,310005,1,1),(510007,40000037,310006,-1,1),(510007,40000037,310006,1,1),(510008,40000062,410003,-1,1),(510008,40000062,410003,1,1),(510009,40000013,310005,-1,1),(510009,40000013,310005,1,1),(510010,21004003,310005,-1,1),(510010,21007001,310004,-1,1),(510010,40000002,310008,-1,3),(510010,40000002,310008,1,1),(510010,40000003,310008,-1,1),(510010,40000047,310004,-1,3),(510010,40000052,310005,-1,1),(510010,40000053,310005,-1,2),(510011,21008002,310008,-1,1),(510011,21008002,310008,1,1),(510011,40000048,310004,-1,1),(510011,40000052,310005,-1,1),(510011,40000053,310005,-1,1),(510012,21013002,310004,-1,1),(510012,40000003,310008,-1,1),(510012,40000047,310004,-1,4),(510012,40000047,310004,1,1),(510012,40000048,310004,-1,1),(510012,40000052,310005,-1,3),(510012,40000052,310005,1,1),(510012,40000053,310005,-1,1),(510012,40000053,310005,1,1),(510013,22050003,310004,-1,3),(510013,22056001,410006,-1,1),(510013,40000047,310004,-1,1),(510013,40000048,310004,-1,2),(510013,40000052,310005,-1,1),(510014,21004003,410007,-1,1),(510014,40000047,310004,-1,2),(510014,40000047,310004,1,1),(513002,21004003,313002,-1,1),(513002,21004003,313002,1,1),(513002,40000003,313002,-1,1),(513002,40000003,313002,1,1),(513002,40000027,313001,-1,1),(513002,40000027,313001,1,1),(513003,21006001,313002,-1,1),(513003,21006001,313002,1,1),(513003,40000002,313002,-1,2),(513003,40000003,313002,-1,2),(513003,40000003,313002,1,1),(513003,40000042,313004,-1,1),(513003,40000057,313003,-1,1),(513003,40000057,313003,1,1),(513004,40000042,313004,-1,1),(513004,40000042,313004,1,1),(513006,21013002,313004,-1,1),(513006,21013002,313004,1,1),(513006,40000052,313006,-1,1),(513006,40000058,313003,-1,1),(513007,22051002,313005,-1,1),(513007,40000042,313004,-1,2),(513007,40000047,313005,-1,1),(513007,40000047,313005,1,1),(513007,40000052,313006,-1,1),(513007,40000057,313003,-1,1),(513007,40000057,313003,1,1),(513008,40000054,413004,-1,1),(513008,40000054,413004,1,1),(513009,21007001,313003,-1,1),(513009,40000047,313005,-1,2),(513010,21008002,313006,-1,1),(513010,21008002,313006,1,1),(513010,40000042,313004,-1,1),(513010,40000047,313005,-1,1),(513010,40000053,313006,-1,1),(513010,40000057,313003,-1,2),(513010,40000058,313003,-1,1),(513011,40000043,313004,-1,1),(513011,40000043,313004,1,1),(513011,40000047,313005,-1,1),(513011,40000047,313005,1,1),(513012,40000042,313004,-1,1),(513012,40000042,313004,1,1),(513013,21008002,313002,-1,1),(513013,21008002,313002,1,1),(513013,40000038,313002,-1,1),(513013,40000042,313006,-1,1),(513013,40000057,313007,-1,1),(513013,40000063,313005,-1,1),(513013,40000063,313005,1,1),(513014,40000058,313007,-1,1),(513015,22053002,413002,-1,1),(513015,40000042,313006,-1,1),(513015,40000042,313006,1,1),(513015,40000057,313007,-1,1),(513016,40000042,313006,-1,1),(513016,40000042,313006,1,1),(513016,40000044,413003,-1,1),(513016,40000044,413003,1,1),(513016,40000057,313007,-1,1),(513017,40000043,313006,-1,1),(513017,40000043,313006,1,1),(513017,40000057,313007,-1,1),(513017,40000057,313007,1,1),(513017,40000062,313005,-1,1),(513017,40000062,313005,1,1),(513017,40000063,313005,-1,1),(513018,40000042,313006,-1,1),(513018,40000043,313006,-1,1),(513018,40000043,313006,1,1),(513018,40000062,313005,-1,2),(513018,40000062,313005,1,1),(513018,40000063,313005,-1,1),(513019,40000042,313006,-1,2),(513019,40000042,313006,1,1),(513020,21008002,313002,-1,1),(513020,22053002,313006,-1,1),(513020,22053002,313006,1,1),(513020,40000037,313002,-1,1),(513020,40000042,313006,-1,1),(513020,40000042,313006,1,1),(513020,40000058,313007,-1,2),(513020,40000064,413010,-1,1),(705001,40000036,305032,-1,1),(705001,40000036,305032,1,1),(705001,40000046,305044,-1,1),(705001,40000046,305044,1,1),(705001,95001001,305032,-1,1),(705001,95001001,305032,1,1),(705001,95001001,305045,-1,1),(705001,95001001,305045,1,1),(705001,95001001,305046,-1,1),(705001,95001001,305046,1,1),(705002,40000011,305046,-1,3),(705002,40000011,305046,1,3),(705002,40000046,305044,-1,1),(705002,40000046,305044,1,1),(705002,95001001,305045,-1,1),(705002,95001001,305045,1,1),(705002,95001001,305046,-1,2),(705002,95001001,305046,1,2),(705003,40000031,405005,-1,1),(705003,40000031,405005,1,1),(705003,95001001,305045,-1,2),(705003,95001001,305045,1,2),(705003,95001001,305046,-1,1),(705003,95001001,305046,1,1),(705004,40000056,305045,-1,1),(705004,40000056,305045,1,1),(705004,95001001,305032,-1,2),(705004,95001001,305032,1,2),(705004,95001001,305044,-1,2),(705004,95001001,305044,1,2),(705004,95001001,305046,-1,1),(705004,95001001,305046,1,1),(705005,40000011,305046,-1,3),(705005,40000011,305046,1,3),(705005,40000046,305044,-1,1),(705005,40000046,305044,1,1),(705005,95001001,305032,-1,2),(705005,95001001,305032,1,2),(705005,95001001,305046,-1,3),(705005,95001001,305046,1,3),(705006,40000011,305046,-1,1),(705006,40000011,305046,1,1),(705006,40000036,305032,-1,1),(705006,40000036,305032,1,1),(705006,95001001,305032,-1,2),(705006,95001001,305032,1,2),(705006,95001001,305046,-1,2),(705006,95001001,305046,1,2),(705007,95001001,305044,-1,1),(705007,95001001,305044,1,1),(705007,95001001,305045,-1,1),(705007,95001001,305045,1,1),(705007,95001001,305046,-1,2),(705007,95001001,305046,1,2),(705008,40000011,305046,-1,8),(705008,40000011,305046,1,8),(705008,40000012,305044,-1,1),(705008,40000012,305044,1,1),(705008,40000036,305032,-1,2),(705008,40000036,305032,1,2),(705008,40000046,305044,-1,4),(705008,40000046,305044,1,4),(705008,40000056,305045,-1,3),(705008,40000056,305045,1,3),(705008,95001001,305032,-1,7),(705008,95001001,305032,1,7),(705008,95001001,305033,-1,2),(705008,95001001,305033,1,2),(705008,95001001,305044,-1,5),(705008,95001001,305044,1,5),(705008,95001001,305045,-1,8),(705008,95001001,305045,1,8),(705008,95001001,305046,-1,15),(705008,95001001,305046,1,15),(705009,40000011,305046,-1,9),(705009,40000011,305046,1,9),(705009,40000032,305046,-1,3),(705009,40000032,305046,1,3),(705009,40000036,305032,-1,1),(705009,40000036,305032,1,1),(705009,40000046,305044,-1,1),(705009,40000046,305044,1,1),(705009,40000047,305032,-1,1),(705009,40000047,305032,1,1),(705009,40000056,305045,-1,1),(705009,40000056,305045,1,1),(705009,95001001,305032,-1,5),(705009,95001001,305032,1,5),(705009,95001001,305033,-1,4),(705009,95001001,305033,1,4),(705009,95001001,305044,-1,8),(705009,95001001,305044,1,8),(705009,95001001,305045,-1,4),(705009,95001001,305045,1,4),(705009,95001001,305046,-1,20),(705009,95001001,305046,1,20),(705010,40000011,305046,-1,17),(705010,40000011,305046,1,17),(705010,40000012,305044,-1,1),(705010,40000012,305044,1,1),(705010,40000032,305046,-1,6),(705010,40000032,305046,1,6),(705010,40000036,305032,-1,3),(705010,40000036,305032,1,3),(705010,40000056,305045,-1,3),(705010,40000056,305045,1,3),(705010,95001001,305032,-1,3),(705010,95001001,305032,1,3),(705010,95001001,305033,-1,5),(705010,95001001,305033,1,5),(705010,95001001,305044,-1,2),(705010,95001001,305044,1,2),(705010,95001001,305045,-1,3),(705010,95001001,305045,1,3),(705010,95001001,305046,-1,18),(705010,95001001,305046,1,18),(705011,40000011,305046,-1,8),(705011,40000011,305046,1,8),(705011,40000032,305046,-1,1),(705011,40000032,305046,1,1),(705011,40000036,305032,-1,1),(705011,40000036,305032,1,1),(705011,40000046,305044,-1,1),(705011,40000046,305044,1,1),(705011,95001001,305032,-1,9),(705011,95001001,305032,1,9),(705011,95001001,305033,-1,3),(705011,95001001,305033,1,3),(705011,95001001,305044,-1,5),(705011,95001001,305044,1,5),(705011,95001001,305045,-1,10),(705011,95001001,305045,1,10),(705011,95001001,305046,-1,19),(705011,95001001,305046,1,19),(705012,40000011,305046,-1,7),(705012,40000011,305046,1,7),(705012,40000012,305044,-1,1),(705012,40000012,305044,1,1),(705012,40000032,305046,-1,2),(705012,40000032,305046,1,2),(705012,40000032,405005,-1,2),(705012,40000032,405005,1,2),(705012,40000036,305032,-1,2),(705012,40000036,305032,1,2),(705012,40000046,305044,-1,1),(705012,40000046,305044,1,1),(705012,40000056,305045,-1,3),(705012,40000056,305045,1,3),(705012,95001001,305032,-1,5),(705012,95001001,305032,1,5),(705012,95001001,305033,-1,1),(705012,95001001,305033,1,1),(705012,95001001,305044,-1,1),(705012,95001001,305044,1,1),(705012,95001001,305045,-1,1),(705012,95001001,305045,1,1),(705012,95001001,305046,-1,19),(705012,95001001,305046,1,19),(705013,40000012,305044,-1,1),(705013,40000012,305044,1,1),(705013,40000032,305046,-1,2),(705013,40000032,305046,1,2),(705013,40000037,305045,-1,1),(705013,40000037,305045,1,1),(705013,40000047,305032,-1,1),(705013,40000047,305032,1,1),(705013,95001001,305032,-1,3),(705013,95001001,305032,1,3),(705013,95001001,305033,-1,2),(705013,95001001,305033,1,2),(705013,95001001,305044,-1,1),(705013,95001001,305044,1,1),(705013,95001001,305045,-1,1),(705013,95001001,305045,1,1),(705013,95001001,305046,-1,4),(705013,95001001,305046,1,4),(705014,40000012,305044,-1,1),(705014,40000012,305044,1,1),(705014,40000032,305046,-1,1),(705014,40000032,305046,1,1),(705014,40000058,305046,-1,1),(705014,40000058,305046,1,1),(705014,95001001,305032,-1,2),(705014,95001001,305032,1,2),(705014,95001001,305033,-1,1),(705014,95001001,305033,1,1),(705014,95001001,305044,-1,1),(705014,95001001,305044,1,1),(705014,95001001,305045,-1,2),(705014,95001001,305045,1,2),(705014,95001001,305046,-1,5),(705014,95001001,305046,1,5),(705015,40000012,305044,-1,1),(705015,40000012,305044,1,1),(705015,40000032,305046,-1,1),(705015,40000032,305046,1,1),(705015,40000037,305045,-1,1),(705015,40000037,305045,1,1),(705015,40000048,305045,-1,1),(705015,40000048,305045,1,1),(705015,95001001,305032,-1,4),(705015,95001001,305032,1,4),(705015,95001001,305044,-1,1),(705015,95001001,305044,1,1),(705015,95001001,305045,-1,3),(705015,95001001,305045,1,3),(705015,95001001,305046,-1,7),(705015,95001001,305046,1,7),(705016,40000032,305046,-1,3),(705016,40000032,305046,1,3),(705016,95001001,305032,-1,3),(705016,95001001,305032,1,3),(705016,95001001,305044,-1,2),(705016,95001001,305044,1,2),(705016,95001001,305045,-1,1),(705016,95001001,305045,1,1),(705016,95001001,305046,-1,10),(705016,95001001,305046,1,10),(705017,40000032,305046,-1,1),(705017,40000032,305046,1,1),(705017,40000032,405005,-1,2),(705017,40000032,405005,1,2),(705017,40000038,405005,-1,1),(705017,40000038,405005,1,1),(705017,95001001,305032,-1,3),(705017,95001001,305032,1,3),(705017,95001001,305044,-1,2),(705017,95001001,305044,1,2),(705017,95001001,305045,-1,1),(705017,95001001,305045,1,1),(705017,95001001,305046,-1,7),(705017,95001001,305046,1,7),(705018,40000012,305044,-1,32),(705018,40000012,305044,1,32),(705018,40000013,305032,-1,18),(705018,40000013,305032,1,18),(705018,40000032,305046,-1,189),(705018,40000032,305046,1,189),(705018,40000033,305044,-1,8),(705018,40000033,305044,1,8),(705018,40000037,305045,-1,41),(705018,40000037,305045,1,41),(705018,40000047,305032,-1,63),(705018,40000047,305032,1,63),(705018,40000048,305045,-1,13),(705018,40000048,305045,1,13),(705018,40000058,305046,-1,57),(705018,40000058,305046,1,57),(705018,95001001,305032,-1,190),(705018,95001001,305032,1,190),(705018,95001001,305033,-1,36),(705018,95001001,305033,1,36),(705018,95001001,305044,-1,122),(705018,95001001,305044,1,122),(705018,95001001,305045,-1,124),(705018,95001001,305045,1,124),(705018,95001001,305046,-1,498),(705018,95001001,305046,1,498),(705019,40000012,305044,-1,43),(705019,40000012,305044,1,43),(705019,40000013,305032,-1,17),(705019,40000013,305032,1,17),(705019,40000032,305046,-1,176),(705019,40000032,305046,1,176),(705019,40000033,305044,-1,8),(705019,40000033,305044,1,8),(705019,40000037,305045,-1,26),(705019,40000037,305045,1,26),(705019,40000047,305032,-1,55),(705019,40000047,305032,1,55),(705019,40000048,305045,-1,11),(705019,40000048,305045,1,11),(705019,40000058,305046,-1,63),(705019,40000058,305046,1,63),(705019,95001001,305032,-1,192),(705019,95001001,305032,1,192),(705019,95001001,305033,-1,39),(705019,95001001,305033,1,39),(705019,95001001,305044,-1,134),(705019,95001001,305044,1,134),(705019,95001001,305045,-1,134),(705019,95001001,305045,1,134),(705019,95001001,305046,-1,451),(705019,95001001,305046,1,451),(705020,40000012,305044,-1,31),(705020,40000012,305044,1,31),(705020,40000013,305032,-1,15),(705020,40000013,305032,1,15),(705020,40000032,305046,-1,174),(705020,40000032,305046,1,174),(705020,40000033,305044,-1,16),(705020,40000033,305044,1,16),(705020,40000037,305045,-1,32),(705020,40000037,305045,1,32),(705020,40000047,305032,-1,62),(705020,40000047,305032,1,62),(705020,40000048,305045,-1,6),(705020,40000048,305045,1,6),(705020,40000058,305046,-1,58),(705020,40000058,305046,1,58),(705020,95001001,305032,-1,176),(705020,95001001,305032,1,176),(705020,95001001,305033,-1,39),(705020,95001001,305033,1,39),(705020,95001001,305044,-1,126),(705020,95001001,305044,1,126),(705020,95001001,305045,-1,121),(705020,95001001,305045,1,121),(705020,95001001,305046,-1,483),(705020,95001001,305046,1,483),(705021,40000012,305044,-1,31),(705021,40000012,305044,1,31),(705021,40000013,305032,-1,18),(705021,40000013,305032,1,18),(705021,40000032,305046,-1,153),(705021,40000032,305046,1,153),(705021,40000033,305044,-1,12),(705021,40000033,305044,1,12),(705021,40000037,305045,-1,28),(705021,40000037,305045,1,28),(705021,40000047,305032,-1,57),(705021,40000047,305032,1,57),(705021,40000048,305045,-1,8),(705021,40000048,305045,1,8),(705021,40000058,305046,-1,52),(705021,40000058,305046,1,52),(705021,95001001,305032,-1,180),(705021,95001001,305032,1,180),(705021,95001001,305033,-1,33),(705021,95001001,305033,1,33),(705021,95001001,305044,-1,131),(705021,95001001,305044,1,131),(705021,95001001,305045,-1,136),(705021,95001001,305045,1,136),(705021,95001001,305046,-1,437),(705021,95001001,305046,1,437),(705022,40000012,305044,-1,52),(705022,40000012,305044,1,52),(705022,40000013,305032,-1,24),(705022,40000013,305032,1,24),(705022,40000032,305046,-1,239),(705022,40000032,305046,1,239),(705022,40000033,305044,-1,16),(705022,40000033,305044,1,16),(705022,40000033,405005,-1,315),(705022,40000033,405005,1,315),(705022,40000034,405005,-1,40),(705022,40000034,405005,1,40),(705022,40000037,305045,-1,38),(705022,40000037,305045,1,38),(705022,40000047,305032,-1,66),(705022,40000047,305032,1,66),(705022,40000048,305045,-1,14),(705022,40000048,305045,1,14),(705022,40000054,405005,-1,41),(705022,40000054,405005,1,41),(705022,40000058,305046,-1,77),(705022,40000058,305046,1,77),(705022,95001001,305032,-1,256),(705022,95001001,305032,1,256),(705022,95001001,305033,-1,63),(705022,95001001,305033,1,63),(705022,95001001,305044,-1,175),(705022,95001001,305044,1,175),(705022,95001001,305045,-1,169),(705022,95001001,305045,1,169),(705022,95001001,305046,-1,626),(705022,95001001,305046,1,626),(708001,40000006,308011,-1,1),(708001,40000036,308007,-1,2),(708001,40000056,308010,-1,1),(708003,21001003,308009,-1,1),(708003,22052002,308007,-1,1),(708003,40000006,308009,-1,2),(708020,40000006,308009,-1,2),(708020,40000006,308009,1,2),(708020,40000036,308011,-1,1),(708020,40000036,308011,1,1),(708020,40000056,308007,-1,1),(708020,40000056,308007,1,1),(708021,40000046,308011,-1,3),(708021,40000046,308011,1,3),(708022,21002001,308011,-1,1),(708022,21002001,308011,1,1),(708022,21007002,308009,-1,1),(708022,21007002,308009,1,1),(708022,22051003,308007,-1,1),(708022,22051003,308007,1,1),(708022,40000056,308011,-1,1),(708022,40000056,308011,1,1),(708023,21010001,308011,-1,1),(708023,21010001,308011,1,1),(708023,22052002,408015,-1,1),(708023,22052002,408015,1,1),(708023,40000046,308009,-1,1),(708023,40000046,308009,1,1),(708026,40000037,308011,-1,2),(708026,40000037,308011,1,2),(708026,40000058,308007,-1,1),(708026,40000058,308007,1,1),(708027,21010001,308009,-1,1),(708027,21010001,308009,1,1),(708027,21010001,308011,-1,1),(708027,21010001,308011,1,1),(708027,40000048,308011,-1,1),(708027,40000048,308011,1,1),(708029,40000008,308011,-1,1),(708029,40000008,308011,1,1),(708030,21001003,308009,-1,1),(708030,21001003,308009,1,1),(708030,40000047,308007,-1,2),(708030,40000047,308007,1,2),(708031,40000008,408009,-1,1),(708031,40000008,408009,1,1),(708033,40000057,308010,-1,1),(708033,40000057,308010,1,1),(708036,22055002,308012,-1,2),(708036,40000047,308013,-1,1),(708037,40000047,308012,-1,1),(708037,40000047,308012,1,1),(708038,21002001,308015,-1,1),(708038,21002001,308015,1,1),(708038,21007002,308013,-1,1),(708038,40000012,308014,-1,2),(708038,40000013,308014,-1,1),(708038,40000013,308014,1,1),(708039,21001003,308013,-1,2),(708039,22052002,308012,-1,1),(708039,22052002,308012,1,1),(708039,40000038,308014,-1,1),(708039,40000048,308015,-1,1),(708040,21004002,308013,-1,1),(708040,22052002,308014,-1,1),(708040,22053002,308012,-1,1),(708040,22053002,308012,1,1),(708040,40000037,308013,-1,1),(708041,21002001,308015,-1,1),(708041,21002001,308015,1,1),(708041,22050003,308014,-1,2),(708041,22050003,308014,1,2),(708041,40000038,308012,-1,1),(708041,40000047,308013,-1,1),(708042,22055002,308014,-1,1),(708042,40000007,308014,-1,1),(708042,40000048,308012,-1,1),(708043,21002001,308013,-1,2),(708043,40000008,308013,-1,1),(708043,40000037,308015,-1,1),(708043,40000038,308015,-1,1),(708044,22051003,308014,-1,1),(708044,22055002,308012,-1,1),(708044,40000012,308013,-1,3),(708044,40000013,308013,-1,1),(708045,22052002,308014,-1,2),(708045,22053002,308012,-1,1),(708046,21007002,308013,-1,1),(708047,21001003,308013,-1,1),(708047,22055002,308014,-1,1),(708047,40000007,308014,-1,1),(708047,40000044,408011,-1,1),(708048,21002001,308013,-1,2),(708048,21004002,308015,-1,1),(708048,22050003,308012,-1,1),(708048,40000007,308015,-1,1),(708048,40000008,308015,-1,1),(708048,40000037,308012,-1,2),(708048,40000047,308013,-1,1),(708048,40000048,308013,-1,1),(708048,40000057,308014,-1,1),(708049,21010001,308013,-1,1),(708049,22051003,308014,-1,2),(708049,22055002,308012,-1,1),(708049,40000007,308014,-1,3),(708049,40000008,308014,-1,1),(708049,40000012,308015,-1,1),(708049,40000057,308013,-1,3),(708049,40000058,308013,-1,1),(708050,21001003,308015,-1,1),(708050,21004002,308013,-1,2),(708050,22052002,308014,-1,2),(708050,22053002,308012,-1,1),(708050,40000007,308013,-1,4),(708050,40000012,308014,-1,3),(708050,40000038,308015,-1,1),(708050,40000057,308012,-1,1),(708051,21007002,308013,-1,1),(708051,22050003,308014,-1,1),(708051,40000007,308012,-1,1),(708051,40000007,308012,1,1),(708051,40000012,308013,-1,1),(708051,40000013,308013,-1,1),(708052,22055002,308014,-1,1),(708052,40000037,308013,-1,1),(708052,40000038,308013,-1,1),(708052,40000047,308014,-1,1),(708053,21004002,308015,-1,1),(708053,40000037,308012,-1,1),(708053,40000047,308013,-1,1),(708054,40000008,308014,-1,1),(708054,40000057,308013,-1,1),(708054,40000058,308013,-1,1),(708055,21001003,308015,-1,1),(708055,21004002,308013,-1,1),(708055,22052002,308014,-1,2),(708055,22053002,308012,-1,1),(708055,40000007,308013,-1,5),(708055,40000007,308013,1,1),(708055,40000008,308013,-1,1),(708055,40000008,308013,1,1),(708055,40000012,308014,-1,3),(708055,40000013,308014,-1,1),(708055,40000037,308015,-1,3),(708055,40000037,308015,1,1),(708055,40000038,308015,-1,1),(708055,40000057,308012,-1,2),(708055,40000057,308012,1,1),(708056,21007002,308013,-1,1),(708056,21007002,308013,1,1),(708056,22050003,308014,-1,2),(708056,22050003,308014,1,1),(708056,22051003,308012,-1,1),(708056,40000007,308012,-1,3),(708056,40000007,308012,1,1),(708056,40000008,308012,-1,1),(708056,40000008,308012,1,1),(708056,40000012,308013,-1,1),(708056,40000012,308013,1,1),(708056,40000013,308013,-1,1),(708056,40000037,308014,-1,4),(708056,40000037,308014,1,2),(708056,40000038,308014,-1,1),(708057,21001003,308013,-1,2),(708057,21001003,308013,1,2),(708057,22055002,308014,-1,3),(708057,22055002,308014,1,2),(708057,40000037,308013,-1,1),(708057,40000037,308013,1,1),(708057,40000047,308014,-1,3),(708057,40000048,308014,-1,1),(708057,40000058,308015,-1,1),(708058,22053002,308014,-1,2),(708058,22053002,308014,1,1),(708058,40000037,308012,-1,1),(708058,40000048,308013,-1,1),(708058,40000057,308014,-1,1),(708059,21010001,308013,-1,2),(708059,21010001,308013,1,2),(708059,22055002,308012,-1,1),(708059,40000008,308015,-1,2),(708059,40000037,308012,-1,1),(708059,40000038,308012,-1,1),(708059,40000048,308013,-1,4),(708060,21001003,308015,-1,1),(708060,21004002,308013,-1,3),(708060,21004002,308013,1,1),(708060,40000007,308014,-1,2),(708060,40000047,308012,-1,1),(708060,40000058,308013,-1,1),(708061,21007002,308013,-1,2),(708061,21007002,308013,1,1),(708061,22050003,308014,-1,1),(708061,22050003,308014,1,1),(708061,40000007,308013,-1,2),(708061,40000008,308013,-1,3),(708061,40000012,308014,-1,2),(708061,40000013,308014,-1,1),(708061,40000013,308014,1,1),(708061,40000058,308012,-1,4),(708062,21001003,308013,-1,1),(708062,22055002,308014,-1,1),(708062,40000007,308012,-1,2),(708062,40000012,308013,-1,4),(708062,40000012,308013,1,3),(708062,40000013,308013,-1,2),(708062,40000037,308014,-1,1),(708062,40000038,308014,-1,1),(708062,40000047,308015,-1,1),(708062,40000048,308015,-1,1),(708062,40000048,308015,1,1),(708063,21004002,308015,-1,1),(708063,21004002,308015,1,1),(708063,22053002,308014,-1,1),(708063,40000013,308012,-1,1),(708063,40000038,308013,-1,1),(708063,40000048,308014,-1,1),(708063,40000057,308015,-1,1),(708063,40000057,308015,1,1),(708063,40000058,308015,-1,2),(708064,22051003,308014,-1,3),(708064,22051003,308014,1,1),(708064,40000007,308015,-1,1),(708064,40000008,308015,-1,2),(708064,40000008,308015,1,2),(708064,40000037,308012,-1,1),(708064,40000038,308012,-1,1),(708064,40000047,308013,-1,1),(708064,40000047,308013,1,1),(708064,40000048,308013,-1,3),(708064,40000048,308013,1,2),(708064,40000058,308014,-1,1),(708064,40000058,308014,1,1),(708065,21002001,308012,-1,2),(708065,21002001,308012,1,1),(708065,22053002,308013,-1,1),(708065,40000007,308014,-1,1),(708065,40000007,308014,1,1),(708065,40000008,308014,-1,2),(708065,40000008,308014,1,2),(708065,40000013,308015,-1,2),(708065,40000047,308012,-1,1),(708065,40000048,308012,-1,1),(708065,40000058,308013,-1,1),(708066,21007002,308014,-1,2),(708066,21007002,308014,1,2),(708066,40000007,308013,-1,1),(708066,40000013,308014,-1,1),(708066,40000013,308014,1,1),(708066,40000059,408009,-1,1),(708066,40000059,408009,1,1),(708067,40000012,308013,-1,1),(708067,40000012,308013,1,1),(708067,40000013,308013,-1,1),(708067,40000013,308013,1,1),(713001,40000041,413009,-1,2),(713001,40000041,413009,1,2),(713001,40000046,313013,-1,1),(713001,40000046,313013,1,1),(713002,21004002,313010,-1,1),(713002,21004002,313010,1,1),(713003,40000056,313010,-1,1),(713003,40000056,313010,1,1),(713003,40000061,413021,-1,2),(713003,40000061,413021,1,2),(713004,22050003,413020,-1,1),(713004,22050003,413020,1,1),(713004,22051003,313009,-1,1),(713004,22051003,313009,1,1),(713004,40000041,413021,-1,1),(713004,40000041,413021,1,1),(713005,40000046,413006,-1,2),(713005,40000046,413006,1,2),(713006,21007002,413009,-1,1),(713006,21007002,413009,1,1),(713006,40000051,413009,-1,3),(713006,40000051,413009,1,3),(713006,40000052,413009,-1,1),(713006,40000052,413009,1,1),(713007,22052002,313011,-1,3),(713007,22052002,313011,1,3),(713007,40000001,413020,-1,2),(713007,40000001,413020,1,2),(713007,40000046,313010,-1,1),(713007,40000046,313010,1,1),(713007,40000061,313011,-1,2),(713007,40000061,313011,1,2),(713008,21010001,313010,-1,1),(713008,21010001,313010,1,1),(713008,40000001,313009,-1,1),(713008,40000001,313009,1,1),(713008,40000052,313011,-1,2),(713008,40000052,313011,1,2),(713008,40000056,313010,-1,5),(713008,40000056,313010,1,5),(713008,40000057,313010,-1,2),(713008,40000057,313010,1,2),(713009,21002001,413021,-1,1),(713009,21002001,413021,1,1),(713009,22053002,413020,-1,1),(713009,22053002,413020,1,1),(713009,40000046,313009,-1,1),(713009,40000046,313009,1,1),(713009,40000051,413021,-1,1),(713009,40000051,413021,1,1),(713009,40000056,413020,-1,1),(713009,40000056,413020,1,1),(713009,40000057,413020,-1,1),(713009,40000057,413020,1,1),(713010,40000042,413006,-1,3),(713010,40000042,413006,1,3),(713010,40000043,413006,-1,3),(713010,40000043,413006,1,3),(713011,22052002,313009,-1,2),(713011,22052002,313009,1,2),(713011,40000002,313010,-1,1),(713011,40000002,313010,1,1),(713011,40000003,313010,-1,1),(713011,40000003,313010,1,1),(713011,40000052,413009,-1,4),(713011,40000052,413009,1,4),(713011,40000053,413009,-1,1),(713011,40000053,413009,1,1),(713011,40000062,313009,-1,2),(713011,40000062,313009,1,2),(713012,21001003,313010,-1,1),(713012,21001003,313010,1,1),(713012,21010001,413021,-1,1),(713012,21010001,413021,1,1),(713012,22051003,413020,-1,1),(713012,22051003,413020,1,1),(713012,22052002,313011,-1,1),(713012,22052002,313011,1,1),(713012,40000002,413009,-1,2),(713012,40000002,413009,1,2),(713012,40000003,413009,-1,5),(713012,40000003,413009,1,5),(713012,40000047,313010,-1,1),(713012,40000047,313010,1,1),(713012,40000057,413021,-1,2),(713012,40000057,413021,1,2),(713012,40000062,313011,-1,4),(713012,40000062,313011,1,4),(713012,40000063,313011,-1,1),(713012,40000063,313011,1,1),(713013,21010001,313010,-1,1),(713013,21010001,313010,1,1),(713013,22050003,413020,-1,1),(713013,22050003,413020,1,1),(713013,22051003,313009,-1,2),(713013,22051003,313009,1,2),(713013,40000047,413020,-1,2),(713013,40000047,413020,1,2),(713013,40000048,413020,-1,1),(713013,40000048,413020,1,1),(713013,40000057,313010,-1,3),(713013,40000057,313010,1,3),(713013,40000062,413021,-1,3),(713013,40000062,413021,1,3),(713013,40000063,413021,-1,1),(713013,40000063,413021,1,1),(713014,21002001,413021,-1,1),(713014,21002001,413021,1,1),(713014,22053002,413020,-1,2),(713014,22053002,413020,1,2),(713014,40000002,313011,-1,4),(713014,40000002,313011,1,4),(713014,40000003,313011,-1,2),(713014,40000003,313011,1,2),(713014,40000047,313009,-1,2),(713014,40000047,313009,1,2),(713014,40000052,413021,-1,2),(713014,40000052,413021,1,2),(713014,40000057,413020,-1,2),(713014,40000057,413020,1,2),(713014,40000058,413020,-1,1),(713014,40000058,413020,1,1),(713015,21002001,313010,-1,1),(713015,21002001,313010,1,1),(713015,21004002,413021,-1,1),(713015,21004002,413021,1,1),(713015,22050003,313011,-1,2),(713015,22050003,313011,1,2),(713015,40000002,413021,-1,1),(713015,40000002,413021,1,1),(713015,40000003,413021,-1,5),(713015,40000003,413021,1,5),(713015,40000047,313011,-1,5),(713015,40000047,313011,1,5),(713015,40000052,313010,-1,5),(713015,40000052,313010,1,5),(713016,21007002,413021,-1,1),(713016,21007002,413021,1,1),(713016,21010001,313010,-1,1),(713016,21010001,313010,1,1),(713016,40000002,313009,-1,1),(713016,40000002,313009,1,1),(713016,40000047,413020,-1,1),(713016,40000047,413020,1,1),(713016,40000048,413020,-1,2),(713016,40000048,413020,1,2),(713016,40000057,313010,-1,2),(713016,40000057,313010,1,2),(713016,40000058,313010,-1,3),(713016,40000058,313010,1,3),(713016,40000062,413021,-1,1),(713016,40000062,413021,1,1),(713017,21004002,413006,-1,2),(713017,21004002,413006,1,2),(713017,40000003,413006,-1,4),(713017,40000003,413006,1,4),(713017,40000004,413006,-1,2),(713017,40000004,413006,1,2),(713018,21002001,413009,-1,1),(713018,21002001,413009,1,1),(713018,40000043,413020,-1,2),(713018,40000043,413020,1,2),(713019,21001003,313010,-1,1),(713019,21001003,313010,1,1),(713019,21010001,413021,-1,1),(713019,21010001,413021,1,1),(713019,40000043,413020,-1,1),(713019,40000043,413020,1,1),(713019,40000047,313010,-1,3),(713019,40000047,313010,1,3),(713020,40000047,413009,-1,1),(713020,40000047,413009,1,1),(713020,40000052,313011,-1,3),(713020,40000052,313011,1,3),(713021,22050003,313009,-1,1),(713021,22050003,313009,1,1),(713021,40000003,413006,-1,1),(713021,40000003,413006,1,1),(713021,40000013,413021,-1,1),(713021,40000013,413021,1,1),(713021,40000047,313009,-1,1),(713021,40000047,313009,1,1),(713022,22053002,313009,-1,1),(713022,22053002,313009,1,1),(713022,40000013,413021,-1,2),(713022,40000013,413021,1,2),(713022,40000058,313009,-1,1),(713022,40000058,313009,1,1),(713023,22055002,313011,-1,1),(713023,22055002,313011,1,1),(713023,40000053,313011,-1,1),(713023,40000053,313011,1,1),(713023,40000057,313010,-1,1),(713023,40000057,313010,1,1),(713024,40000002,313011,-1,1),(713024,40000002,313011,1,1),(713024,40000003,313011,-1,1),(713024,40000003,313011,1,1),(713024,40000063,313010,-1,1),(713024,40000063,313010,1,1),(713025,21001003,413006,-1,1),(713025,21001003,413006,1,1),(713025,40000003,413006,-1,1),(713025,40000003,413006,1,1),(720076,40000026,310004,-1,1),(720076,40000026,310004,1,1),(720076,40000026,310009,-1,2),(720076,40000026,310009,1,2),(720076,40000052,310009,-1,1),(720076,40000052,310009,1,1),(720076,40000056,310004,-1,1),(720076,40000056,310004,1,1),(720076,40000056,310009,-1,1),(720076,40000056,310009,1,1),(720077,40000026,310009,-1,1),(720077,40000026,310009,1,1),(720077,40000036,310017,-1,3),(720077,40000036,310017,1,3),(720077,40000051,310017,-1,1),(720077,40000051,310017,1,1),(720077,40000056,310009,-1,3),(720077,40000056,310009,1,3),(720078,40000026,310004,-1,1),(720078,40000026,310004,1,1),(720078,40000026,310009,-1,3),(720078,40000026,310009,1,3),(720078,40000037,310017,-1,1),(720078,40000037,310017,1,1),(720078,40000051,310017,-1,2),(720078,40000051,310017,1,2),(720078,40000051,310018,-1,1),(720078,40000051,310018,1,1),(720078,40000056,310009,-1,1),(720078,40000056,310009,1,1),(720079,40000027,310007,-1,2),(720079,40000027,310007,1,1),(720079,40000028,310007,-1,1),(720079,40000037,310011,-1,2),(720079,40000037,310011,1,1),(720079,40000038,310011,-1,1),(720079,40000052,310013,-1,5),(720079,40000052,310013,1,2),(720079,40000053,310013,-1,1),(720079,40000057,310012,-1,7),(720079,40000058,310012,-1,2),(720079,40000058,310012,1,1),(720080,40000027,310007,-1,2),(720080,40000027,310007,1,1),(720080,40000037,310011,-1,3),(720080,40000037,310011,1,1),(720080,40000052,310013,-1,3),(720080,40000052,310013,1,1),(720080,40000053,310013,-1,1),(720080,40000053,310013,1,1),(720080,40000057,310012,-1,4),(720081,40000037,310011,-1,7),(720081,40000037,310011,1,1),(720081,40000052,310013,-1,2),(720081,40000052,310013,1,1),(720081,40000053,310013,-1,1),(720081,40000057,310012,-1,1),(720081,40000057,310012,1,1),(720082,40000029,310016,-1,1),(720082,40000038,310011,-1,93),(720082,40000038,310011,1,11),(720082,40000038,310016,-1,48),(720082,40000038,310016,1,6),(720082,40000039,310011,-1,1),(720082,40000039,310011,1,1),(720082,40000039,310016,-1,1),(720082,40000053,310015,-1,68),(720082,40000053,310015,1,2),(720082,40000054,310014,-1,1),(720082,40000054,310015,-1,1),(720082,40000054,310015,1,1),(720082,40000058,310014,-1,44),(720082,40000058,310014,1,4),(720083,40000028,310011,-1,103),(720083,40000028,310011,1,20),(720083,40000028,310016,-1,49),(720083,40000028,310016,1,7),(720083,40000029,310011,-1,2),(720083,40000029,310011,1,1),(720083,40000029,310016,-1,2),(720083,40000039,310016,-1,1),(720083,40000053,310014,-1,32),(720083,40000053,310014,1,3),(720083,40000058,310015,-1,61),(720083,40000058,310015,1,9),(720083,40000059,310015,-1,1),(720084,40000028,310016,-1,8),(720084,40000028,310016,1,3),(720084,40000038,310014,-1,7),(720084,40000039,310016,-1,1),(720084,40000053,310015,-1,4),(720084,40000053,310015,1,2),(720084,40000058,310011,-1,5),(720084,40000059,310011,-1,1),(720084,40000059,310011,1,1),(720085,21001001,306022,-1,1),(720085,21001003,306050,-1,1),(720085,24098001,306016,-1,1),(720085,24098001,306050,-1,1),(720086,24098001,306016,-1,1),(720086,24098001,306050,-1,1),(720086,24098001,306091,-1,1),(720087,21002003,306016,-1,1),(720087,24098001,306016,-1,1),(720087,24098001,306050,-1,1),(720087,24098001,306091,-1,1),(720088,21004002,306107,-1,1),(720088,21004002,306107,1,1),(720088,24098001,306045,-1,1),(720088,24098001,306045,1,1),(720088,24098002,306105,-1,1),(720088,24098002,306105,1,1),(720088,24098002,306109,-1,1),(720088,24098002,306109,1,1),(720089,24098001,306107,-1,2),(720089,24098001,306107,1,2),(720089,24098002,306045,-1,2),(720089,24098002,306045,1,2),(720089,24098002,306109,-1,1),(720089,24098002,306109,1,1),(720090,21006001,306045,-1,2),(720090,21006001,306045,1,2),(720090,24098002,306045,-1,3),(720090,24098002,306045,1,3),(720090,24098002,306105,-1,2),(720090,24098002,306105,1,2),(720091,21005002,306110,-1,1),(720091,21006003,306052,-1,3),(720091,24098002,306052,-1,24),(720091,24098002,306052,1,6),(720091,24098002,306104,-1,8),(720091,24098002,306104,1,1),(720091,24098002,306110,-1,6),(720091,24098002,306110,1,2),(720091,24098002,306124,-1,14),(720091,24098002,306124,1,5),(720091,24098003,306052,-1,3),(720091,24098003,306052,1,2),(720091,24098003,306104,-1,3),(720091,24098003,306104,1,1),(720091,24098003,306110,-1,2),(720091,24098003,306110,1,1),(720091,24098003,306124,-1,5),(720092,21002006,306104,-1,1),(720092,21006003,306052,-1,3),(720092,21006003,306052,1,1),(720092,24098002,306052,-1,17),(720092,24098002,306052,1,5),(720092,24098002,306104,-1,8),(720092,24098002,306104,1,2),(720092,24098002,306110,-1,6),(720092,24098002,306110,1,1),(720092,24098002,306124,-1,9),(720092,24098002,306124,1,6),(720092,24098003,306052,-1,5),(720092,24098003,306104,-1,1),(720092,24098003,306110,-1,2),(720092,24098003,306124,-1,4),(720093,21001002,306124,-1,1),(720093,24098002,306052,-1,18),(720093,24098002,306052,1,3),(720093,24098002,306104,-1,4),(720093,24098002,306104,1,1),(720093,24098002,306110,-1,10),(720093,24098002,306110,1,2),(720093,24098002,306124,-1,10),(720093,24098002,306124,1,4),(720093,24098003,306052,-1,5),(720093,24098003,306052,1,1),(720093,24098003,306110,-1,1),(720093,24098003,306124,-1,2),(720094,24098003,306100,-1,6),(720094,24098003,306100,1,1),(720094,24098003,306101,-1,11),(720094,24098003,306106,-1,24),(720094,24098003,306106,1,5),(720094,24098003,306108,-1,13),(720094,24098003,306108,1,4),(720095,24098003,306100,-1,3),(720095,24098003,306100,1,2),(720095,24098003,306101,-1,3),(720095,24098003,306101,1,2),(720095,24098003,306106,-1,9),(720095,24098003,306106,1,9),(720095,24098003,306108,-1,2),(720095,24098003,306108,1,2),(720095,24098004,306101,-1,2),(720095,24098004,306101,1,1),(720096,24098003,306100,-1,2),(720096,24098003,306100,1,2),(720096,24098003,306101,-1,3),(720096,24098003,306101,1,3),(720096,24098003,306106,-1,5),(720096,24098003,306106,1,5),(720096,24098003,306108,-1,4),(720096,24098003,306108,1,4),(720096,24098004,306100,-1,1),(720096,24098004,306100,1,1),(720109,40000001,302001,-1,1),(720109,40000001,302001,1,1),(720109,40000006,302003,-1,1),(720109,40000006,302003,1,1),(720109,40000006,302012,-1,1),(720109,40000006,302012,1,1),(720109,40000011,302010,-1,1),(720109,40000011,302010,1,1),(720110,40000006,302001,-1,1),(720110,40000006,302001,1,1),(720110,40000011,302003,-1,1),(720110,40000011,302003,1,1),(720111,40000001,302003,-1,2),(720111,40000001,302003,1,2),(720111,40000006,302010,-1,1),(720111,40000006,302010,1,1),(720111,40000011,302001,-1,3),(720111,40000011,302001,1,3),(720112,40000001,302002,-1,1),(720112,40000001,302002,1,1),(720112,40000006,302009,-1,4),(720112,40000006,302009,1,4),(720112,40000006,302015,-1,3),(720112,40000006,302015,1,3),(720112,40000008,302015,-1,1),(720112,40000008,302015,1,1),(720112,40000011,302013,-1,2),(720112,40000011,302013,1,2),(720112,40000012,302013,-1,1),(720112,40000012,302013,1,1),(720113,40000001,302013,-1,1),(720113,40000001,302013,1,1),(720113,40000002,302013,-1,1),(720113,40000002,302013,1,1),(720113,40000003,302013,-1,1),(720113,40000003,302013,1,1),(720113,40000006,302002,-1,1),(720113,40000006,302002,1,1),(720113,40000007,302002,-1,1),(720113,40000007,302002,1,1),(720113,40000011,302009,-1,4),(720113,40000011,302009,1,4),(720113,40000011,302015,-1,1),(720113,40000011,302015,1,1),(720113,40000012,302009,-1,1),(720113,40000012,302009,1,1),(720114,40000001,302009,-1,1),(720114,40000001,302009,1,1),(720114,40000002,302009,-1,2),(720114,40000002,302009,1,2),(720114,40000006,302013,-1,2),(720114,40000006,302013,1,2),(720114,40000007,302013,-1,3),(720114,40000007,302013,1,3),(720115,40000002,302017,-1,11),(720115,40000002,302017,1,11),(720115,40000003,302017,-1,3),(720115,40000003,302017,1,3),(720115,40000007,302016,-1,12),(720115,40000007,302016,1,12),(720115,40000007,302018,-1,10),(720115,40000007,302018,1,10),(720115,40000008,302016,-1,1),(720115,40000008,302016,1,1),(720115,40000008,302018,-1,2),(720115,40000008,302018,1,2),(720115,40000012,302007,-1,7),(720115,40000012,302007,1,7),(720115,40000013,302007,-1,1),(720115,40000013,302007,1,1),(720116,40000002,302007,-1,7),(720116,40000002,302007,1,7),(720116,40000003,302007,-1,2),(720116,40000003,302007,1,2),(720116,40000007,302017,-1,8),(720116,40000007,302017,1,8),(720116,40000008,302017,-1,4),(720116,40000008,302017,1,4),(720116,40000012,302016,-1,9),(720116,40000012,302016,1,9),(720116,40000012,302018,-1,7),(720116,40000012,302018,1,7),(720117,40000002,302016,-1,11),(720117,40000002,302016,1,11),(720117,40000002,302018,-1,4),(720117,40000002,302018,1,4),(720117,40000003,302016,-1,4),(720117,40000003,302016,1,4),(720117,40000003,302018,-1,5),(720117,40000003,302018,1,5),(720117,40000007,302007,-1,5),(720117,40000007,302007,1,5),(720117,40000008,302007,-1,1),(720117,40000008,302007,1,1),(720117,40000012,302017,-1,9),(720117,40000012,302017,1,9),(720117,40000013,302017,-1,1),(720117,40000013,302017,1,1),(720118,40000003,302021,-1,106),(720118,40000003,302021,1,106),(720118,40000004,302021,-1,2),(720118,40000004,302021,1,2),(720118,40000008,302019,-1,64),(720118,40000008,302019,1,64),(720118,40000008,302022,-1,105),(720118,40000008,302022,1,105),(720118,40000009,302020,-1,1),(720118,40000009,302020,1,1),(720118,40000009,302022,-1,2),(720118,40000009,302022,1,2),(720118,40000013,302020,-1,44),(720118,40000013,302020,1,44),(720118,40000014,302020,-1,1),(720118,40000014,302020,1,1),(720119,40000003,302020,-1,18),(720119,40000003,302020,1,18),(720119,40000008,302021,-1,36),(720119,40000008,302021,1,36),(720119,40000013,302019,-1,27),(720119,40000013,302019,1,27),(720119,40000013,302022,-1,36),(720119,40000013,302022,1,36),(720119,40000014,302022,-1,1),(720119,40000014,302022,1,1),(720120,40000003,302019,-1,16),(720120,40000003,302019,1,16),(720120,40000003,302022,-1,21),(720120,40000003,302022,1,21),(720120,40000008,302020,-1,3),(720120,40000008,302020,1,3),(720120,40000013,302021,-1,30),(720120,40000013,302021,1,30),(720121,24099001,307001,-1,1),(720121,24099001,307001,1,1),(720121,24099001,307008,-1,1),(720121,24099001,307008,1,1),(720122,24099001,307004,-1,1),(720122,24099001,307004,1,1),(720123,22050001,307001,-1,1),(720123,22050001,307001,1,1),(720124,22050002,307008,-1,2),(720124,22050002,307008,1,2),(720124,24099001,307008,-1,1),(720124,24099001,307008,1,1),(720124,24099001,307009,-1,1),(720124,24099001,307009,1,1),(720124,24099001,307016,-1,1),(720124,24099001,307016,1,1),(720124,24099002,307008,-1,2),(720124,24099002,307008,1,2),(720124,24099002,307009,-1,3),(720124,24099002,307009,1,3),(720125,22054001,307007,-1,1),(720125,22054001,307007,1,1),(720125,24099001,307007,-1,1),(720125,24099001,307007,1,1),(720125,24099001,307009,-1,2),(720125,24099001,307009,1,2),(720125,24099002,307008,-1,2),(720125,24099002,307008,1,2),(720125,24099002,307009,-1,1),(720125,24099002,307009,1,1),(720126,24099001,307016,-1,2),(720126,24099001,307016,1,2),(720126,24099002,307007,-1,3),(720126,24099002,307007,1,3),(720126,24099002,307008,-1,5),(720126,24099002,307008,1,5),(720126,24099002,307009,-1,2),(720126,24099002,307009,1,2),(720127,22050006,307007,-1,1),(720127,22050006,307007,1,1),(720127,22050006,307050,-1,1),(720127,22050006,307050,1,1),(720127,24099002,307007,-1,9),(720127,24099002,307007,1,6),(720127,24099002,307015,-1,16),(720127,24099002,307015,1,14),(720127,24099002,307016,-1,16),(720127,24099002,307016,1,13),(720127,24099002,307050,-1,8),(720127,24099002,307050,1,5),(720127,24099003,307007,-1,4),(720127,24099003,307007,1,3),(720127,24099003,307015,-1,2),(720127,24099003,307015,1,2),(720127,24099003,307016,-1,5),(720127,24099003,307016,1,5),(720127,24099003,307050,-1,3),(720127,24099003,307050,1,3),(720128,22052007,307016,-1,1),(720128,22052007,307016,1,1),(720128,24099002,307007,-1,6),(720128,24099002,307007,1,5),(720128,24099002,307015,-1,10),(720128,24099002,307015,1,9),(720128,24099002,307016,-1,14),(720128,24099002,307016,1,13),(720128,24099002,307050,-1,5),(720128,24099002,307050,1,5),(720128,24099003,307007,-1,4),(720128,24099003,307007,1,2),(720128,24099003,307015,-1,6),(720128,24099003,307015,1,6),(720128,24099003,307016,-1,8),(720128,24099003,307016,1,7),(720128,24099003,307050,-1,2),(720128,24099003,307050,1,2),(720129,22050006,307007,-1,3),(720129,22050006,307007,1,2),(720129,22050006,307050,-1,1),(720129,22050006,307050,1,1),(720129,24099002,307007,-1,11),(720129,24099002,307007,1,10),(720129,24099002,307015,-1,18),(720129,24099002,307015,1,17),(720129,24099002,307016,-1,10),(720129,24099002,307016,1,9),(720129,24099002,307050,-1,5),(720129,24099002,307050,1,4),(720129,24099003,307007,-1,2),(720129,24099003,307007,1,2),(720129,24099003,307016,-1,4),(720129,24099003,307016,1,3),(720129,24099003,307050,-1,3),(720129,24099003,307050,1,3),(720130,24099003,307047,-1,37),(720130,24099003,307047,1,4),(720130,24099003,307048,-1,35),(720130,24099003,307049,-1,37),(720130,24099003,307049,1,7),(720130,24099004,307048,-1,1),(720130,24099004,307049,-1,2),(720131,24099003,307047,-1,20),(720131,24099003,307047,1,4),(720131,24099003,307048,-1,19),(720131,24099003,307048,1,6),(720131,24099003,307049,-1,6),(720132,24099003,307047,-1,11),(720132,24099003,307047,1,1),(720132,24099003,307048,-1,14),(720132,24099003,307048,1,3),(720132,24099003,307049,-1,7),(720132,24099003,307049,1,3),(720133,40000031,304010,-1,1),(720133,40000031,304010,1,1),(720133,40000061,304049,-1,1),(720133,40000061,304049,1,1),(720134,40000031,304010,-1,2),(720134,40000031,304010,1,2),(720134,40000031,304068,-1,2),(720134,40000031,304068,1,2),(720134,40000041,304049,-1,1),(720134,40000041,304049,1,1),(720134,40000046,304010,-1,3),(720134,40000046,304010,1,3),(720135,40000041,304049,-1,2),(720135,40000041,304049,1,2),(720135,40000046,304010,-1,1),(720135,40000046,304010,1,1),(720135,40000061,304009,-1,1),(720135,40000061,304009,1,1),(720139,40000032,304053,-1,4),(720139,40000033,304053,-1,1),(720139,40000047,304069,-1,1),(720139,40000048,304069,-1,2),(720139,40000062,304072,-1,2),(720140,40000032,304053,-1,1),(720140,40000047,304069,-1,1),(720140,40000062,304072,-1,2),(720141,40000032,304053,-1,1),(720141,40000042,304065,-1,1),(720141,40000047,304069,-1,1),(720141,40000048,304069,-1,1),(720141,40000062,304072,-1,1),(720142,40000033,304073,-1,67),(720142,40000033,304073,1,38),(720142,40000034,304073,-1,3),(720142,40000034,304073,1,3),(720142,40000034,304075,-1,1),(720142,40000043,304076,-1,51),(720142,40000043,304076,1,24),(720142,40000044,304076,-1,2),(720142,40000044,304076,1,2),(720142,40000048,304075,-1,47),(720142,40000048,304075,1,26),(720142,40000049,304075,-1,2),(720142,40000063,304074,-1,27),(720142,40000063,304074,1,9),(720142,40000064,304074,-1,1),(720143,40000033,304073,-1,29),(720143,40000033,304073,1,12),(720143,40000043,304076,-1,10),(720143,40000043,304076,1,6),(720143,40000044,304074,-1,1),(720143,40000044,304074,1,1),(720143,40000048,304075,-1,23),(720143,40000048,304075,1,9),(720143,40000049,304075,-1,1),(720143,40000063,304074,-1,14),(720143,40000063,304074,1,12),(720143,40000064,304073,-1,1),(720143,40000064,304073,1,1),(720143,40000064,304074,-1,1),(720144,40000033,304073,-1,26),(720144,40000033,304073,1,13),(720144,40000034,304073,-1,1),(720144,40000034,304073,1,1),(720144,40000043,304076,-1,18),(720144,40000043,304076,1,5),(720144,40000044,304074,-1,1),(720144,40000044,304074,1,1),(720144,40000048,304075,-1,9),(720144,40000048,304075,1,5),(720144,40000049,304075,-1,1),(720144,40000063,304074,-1,10),(720144,40000063,304074,1,5);
/*!40000 ALTER TABLE `per_enemy_drops` ENABLE KEYS */;
UNLOCK TABLES;

--
-- Table structure for table `schema_version`
--

DROP TABLE IF EXISTS `schema_version`;
/*!40101 SET @saved_cs_client     = @@character_set_client */;
/*!40101 SET character_set_client = utf8 */;
CREATE TABLE `schema_version` (
  `version` int(10) unsigned NOT NULL,
  `breaking` tinyint(1) NOT NULL DEFAULT '0',
  PRIMARY KEY (`version`),
  UNIQUE KEY `version_UNIQUE` (`version`)
) ENGINE=InnoDB DEFAULT CHARSET=latin1;
/*!40101 SET character_set_client = @saved_cs_client */;

--
-- Dumping data for table `schema_version`
--

LOCK TABLES `schema_version` WRITE;
/*!40000 ALTER TABLE `schema_version` DISABLE KEYS */;
INSERT INTO `schema_version` VALUES (1,0),(2,0),(3,0),(4,0),(5,0),(6,0),(7,0),(8,0),(9,0),(10,0),(11,0),(12,0),(13,1),(14,1),(15,1),(16,1),(17,1),(18,1);
/*!40000 ALTER TABLE `schema_version` ENABLE KEYS */;
UNLOCK TABLES;

--
-- Table structure for table `series`
--

DROP TABLE IF EXISTS `series`;
/*!40101 SET @saved_cs_client     = @@character_set_client */;
/*!40101 SET character_set_client = utf8 */;
CREATE TABLE `series` (
  `id` int(10) unsigned NOT NULL,
  `name` varchar(45) DEFAULT NULL,
  PRIMARY KEY (`id`),
  UNIQUE KEY `id_UNIQUE` (`id`)
) ENGINE=InnoDB DEFAULT CHARSET=latin1;
/*!40101 SET character_set_client = @saved_cs_client */;

--
-- Dumping data for table `series`
--

LOCK TABLES `series` WRITE;
/*!40000 ALTER TABLE `series` DISABLE KEYS */;
INSERT INTO `series` VALUES (1,'None'),(101001,'FF1'),(102001,'FF2'),(103001,'FF3'),(104001,'FF4'),(105001,'FF5'),(106001,'FF6'),(107001,'FF7'),(108001,'FF8'),(109001,'FF9'),(110001,'FF10'),(111001,'FF11'),(112001,'FF12'),(113001,'FF13'),(200001,'Core'),(300001,'Variable');
/*!40000 ALTER TABLE `series` ENABLE KEYS */;
UNLOCK TABLES;

--
-- Table structure for table `worlds`
--

DROP TABLE IF EXISTS `worlds`;
/*!40101 SET @saved_cs_client     = @@character_set_client */;
/*!40101 SET character_set_client = utf8 */;
CREATE TABLE `worlds` (
  `id` int(10) unsigned NOT NULL,
  `series` int(10) unsigned NOT NULL,
  `type` smallint(5) unsigned NOT NULL,
  `name` varchar(100) DEFAULT NULL,
  PRIMARY KEY (`id`),
  UNIQUE KEY `id_UNIQUE` (`id`),
  KEY `FK_world_series_idx` (`series`),
  CONSTRAINT `FK_world_series` FOREIGN KEY (`series`) REFERENCES `series` (`id`) ON DELETE NO ACTION ON UPDATE NO ACTION
) ENGINE=InnoDB DEFAULT CHARSET=utf8;
/*!40101 SET character_set_client = @saved_cs_client */;

--
-- Dumping data for table `worlds`
--

LOCK TABLES `worlds` WRITE;
/*!40000 ALTER TABLE `worlds` DISABLE KEYS */;
INSERT INTO `worlds` VALUES (101001,101001,1,'FF I'),(102001,102001,1,'FF II'),(103001,103001,1,'FF III'),(104001,104001,1,'FF IV'),(105001,105001,1,'FF V'),(105002,105001,2,'The Fire Crystal Awakens'),(106001,106001,1,'FF VI'),(107001,107001,1,'FF VII'),(108001,108001,1,'FF VIII'),(108002,108001,2,'To Slay a Sorceress'),(110001,110001,1,'FF X'),(113001,113001,1,'FF XIII'),(113002,113001,2,'The Fal\'Cie of Pulse'),(800001,300001,2,'Daily Dungeon');
/*!40000 ALTER TABLE `worlds` ENABLE KEYS */;
UNLOCK TABLES;

--
-- Dumping events for database 'ffrki'
--

--
-- Dumping routines for database 'ffrki'
--
/*!50003 DROP PROCEDURE IF EXISTS `insert_battle_entry` */;
/*!50003 SET @saved_cs_client      = @@character_set_client */ ;
/*!50003 SET @saved_cs_results     = @@character_set_results */ ;
/*!50003 SET @saved_col_connection = @@collation_connection */ ;
/*!50003 SET character_set_client  = utf8 */ ;
/*!50003 SET character_set_results = utf8 */ ;
/*!50003 SET collation_connection  = utf8_general_ci */ ;
/*!50003 SET @saved_sql_mode       = @@sql_mode */ ;
/*!50003 SET sql_mode              = 'NO_ENGINE_SUBSTITUTION' */ ;
DELIMITER ;;
CREATE DEFINER=`ffrk`@`%` PROCEDURE `insert_battle_entry`(
	IN bid INT,
    IN did INT,
    IN bname VARCHAR(100),
    IN bstam SMALLINT)
BEGIN
	# If it fails, it's because there is already an entry with this battle id.
    # Ignore the insertion, as well as this entire operation.
    
    # Even though `stdev_times_run` has a default value, for some reason we
    # still need to explicitly specify it as 0 here.
	INSERT IGNORE INTO battles VALUES (bid, did, bname, bstam, 0, 0);
END ;;
DELIMITER ;
/*!50003 SET sql_mode              = @saved_sql_mode */ ;
/*!50003 SET character_set_client  = @saved_cs_client */ ;
/*!50003 SET character_set_results = @saved_cs_results */ ;
/*!50003 SET collation_connection  = @saved_col_connection */ ;
/*!50003 DROP PROCEDURE IF EXISTS `insert_dungeon_entry` */;
/*!50003 SET @saved_cs_client      = @@character_set_client */ ;
/*!50003 SET @saved_cs_results     = @@character_set_results */ ;
/*!50003 SET @saved_col_connection = @@collation_connection */ ;
/*!50003 SET character_set_client  = utf8 */ ;
/*!50003 SET character_set_results = utf8 */ ;
/*!50003 SET collation_connection  = utf8_general_ci */ ;
/*!50003 SET @saved_sql_mode       = @@sql_mode */ ;
/*!50003 SET sql_mode              = 'NO_ENGINE_SUBSTITUTION' */ ;
DELIMITER ;;
CREATE DEFINER=`ffrk`@`%` PROCEDURE `insert_dungeon_entry`(
	IN did INT,
    IN world_id INT,
    IN series_id INT,
    IN dname VARCHAR(100),
    IN dtype TINYINT,
    IN ddiff SMALLINT)
BEGIN
	# If it fails, it's because there is already an entry with this dungeon id.
    # Ignore the insertion, as well as this entire operation.
	INSERT IGNORE INTO dungeons VALUES (did, world_id, series_id, dname, dtype, ddiff);
END ;;
DELIMITER ;
/*!50003 SET sql_mode              = @saved_sql_mode */ ;
/*!50003 SET character_set_client  = @saved_cs_client */ ;
/*!50003 SET character_set_results = @saved_cs_results */ ;
/*!50003 SET collation_connection  = @saved_col_connection */ ;
/*!50003 DROP PROCEDURE IF EXISTS `insert_enemy_entry` */;
/*!50003 SET @saved_cs_client      = @@character_set_client */ ;
/*!50003 SET @saved_cs_results     = @@character_set_results */ ;
/*!50003 SET @saved_col_connection = @@collation_connection */ ;
/*!50003 SET character_set_client  = utf8 */ ;
/*!50003 SET character_set_results = utf8 */ ;
/*!50003 SET collation_connection  = utf8_general_ci */ ;
/*!50003 SET @saved_sql_mode       = @@sql_mode */ ;
/*!50003 SET sql_mode              = 'NO_ENGINE_SUBSTITUTION' */ ;
DELIMITER ;;
CREATE DEFINER=`ffrk`@`%` PROCEDURE `insert_enemy_entry`(
	IN enemy_id INT,
    IN enemy_name VARCHAR(45))
BEGIN
	# If it fails, it's because there is already an entry with this battle id.
    # Ignore the insertion, as well as this entire operation.
	INSERT IGNORE INTO enemies (id, name) VALUES (enemy_id, enemy_name);
END ;;
DELIMITER ;
/*!50003 SET sql_mode              = @saved_sql_mode */ ;
/*!50003 SET character_set_client  = @saved_cs_client */ ;
/*!50003 SET character_set_results = @saved_cs_results */ ;
/*!50003 SET collation_connection  = @saved_col_connection */ ;
/*!50003 DROP PROCEDURE IF EXISTS `insert_item_entry` */;
/*!50003 SET @saved_cs_client      = @@character_set_client */ ;
/*!50003 SET @saved_cs_results     = @@character_set_results */ ;
/*!50003 SET @saved_col_connection = @@collation_connection */ ;
/*!50003 SET character_set_client  = utf8 */ ;
/*!50003 SET character_set_results = utf8 */ ;
/*!50003 SET collation_connection  = utf8_general_ci */ ;
/*!50003 SET @saved_sql_mode       = @@sql_mode */ ;
/*!50003 SET sql_mode              = 'NO_ENGINE_SUBSTITUTION' */ ;
DELIMITER ;;
CREATE DEFINER=`ffrk`@`%` PROCEDURE `insert_item_entry`(
	IN iid INT,
    IN iname VARCHAR(100),
    IN irarity TINYINT,
    IN iseries INT,
    IN itype TINYINT,
    IN isubtype TINYINT)
BEGIN
	INSERT IGNORE INTO items (id, name, rarity, series, type, subtype) VALUES (iid, iname, irarity, iseries, itype, isubtype)
		ON DUPLICATE KEY UPDATE name=iname, subtype=isubtype;
END ;;
DELIMITER ;
/*!50003 SET sql_mode              = @saved_sql_mode */ ;
/*!50003 SET character_set_client  = @saved_cs_client */ ;
/*!50003 SET character_set_results = @saved_cs_results */ ;
/*!50003 SET collation_connection  = @saved_col_connection */ ;
/*!50003 DROP PROCEDURE IF EXISTS `insert_world_entry` */;
/*!50003 SET @saved_cs_client      = @@character_set_client */ ;
/*!50003 SET @saved_cs_results     = @@character_set_results */ ;
/*!50003 SET @saved_col_connection = @@collation_connection */ ;
/*!50003 SET character_set_client  = utf8 */ ;
/*!50003 SET character_set_results = utf8 */ ;
/*!50003 SET collation_connection  = utf8_general_ci */ ;
/*!50003 SET @saved_sql_mode       = @@sql_mode */ ;
/*!50003 SET sql_mode              = 'NO_ENGINE_SUBSTITUTION' */ ;
DELIMITER ;;
CREATE DEFINER=`ffrk`@`%` PROCEDURE `insert_world_entry`(
	IN wid INT,
    IN series INT,
    IN type SMALLINT,
    IN name VARCHAR(100))
BEGIN
	# If it fails, it's because there is already an entry with this battle id.
    # Ignore the insertion, as well as this entire operation.
	INSERT IGNORE INTO worlds VALUES (wid, series, type, name);
END ;;
DELIMITER ;
/*!50003 SET sql_mode              = @saved_sql_mode */ ;
/*!50003 SET character_set_client  = @saved_cs_client */ ;
/*!50003 SET character_set_results = @saved_cs_results */ ;
/*!50003 SET collation_connection  = @saved_col_connection */ ;
/*!50003 DROP PROCEDURE IF EXISTS `record_battle_encounter` */;
/*!50003 SET @saved_cs_client      = @@character_set_client */ ;
/*!50003 SET @saved_cs_results     = @@character_set_results */ ;
/*!50003 SET @saved_col_connection = @@collation_connection */ ;
/*!50003 SET character_set_client  = utf8 */ ;
/*!50003 SET character_set_results = utf8 */ ;
/*!50003 SET collation_connection  = utf8_general_ci */ ;
/*!50003 SET @saved_sql_mode       = @@sql_mode */ ;
/*!50003 SET sql_mode              = 'NO_ENGINE_SUBSTITUTION' */ ;
DELIMITER ;;
CREATE DEFINER=`ffrk`@`%` PROCEDURE `record_battle_encounter`(
	IN battle_id INT)
BEGIN
	UPDATE battles SET samples=samples+1, histo_samples=histo_samples+1 WHERE id=battle_id;
END ;;
DELIMITER ;
/*!50003 SET sql_mode              = @saved_sql_mode */ ;
/*!50003 SET character_set_client  = @saved_cs_client */ ;
/*!50003 SET character_set_results = @saved_cs_results */ ;
/*!50003 SET collation_connection  = @saved_col_connection */ ;
/*!50003 DROP PROCEDURE IF EXISTS `record_drops_for_battle` */;
/*!50003 SET @saved_cs_client      = @@character_set_client */ ;
/*!50003 SET @saved_cs_results     = @@character_set_results */ ;
/*!50003 SET @saved_col_connection = @@collation_connection */ ;
/*!50003 SET character_set_client  = utf8 */ ;
/*!50003 SET character_set_results = utf8 */ ;
/*!50003 SET collation_connection  = utf8_general_ci */ ;
/*!50003 SET @saved_sql_mode       = @@sql_mode */ ;
/*!50003 SET sql_mode              = 'NO_ENGINE_SUBSTITUTION' */ ;
DELIMITER ;;
CREATE DEFINER=`ffrk`@`%` PROCEDURE `record_drops_for_battle`(
	IN battle_id INT,
    IN item_id INT,
    IN item_count INT)
BEGIN
	# If it fails, it's probably due to a foreign key violation (There is no record
    # of this battle).  Ignore the error as well as this entire operation.
	INSERT IGNORE INTO per_battle_drops (battleid, itemid, histo_bucket, histo_value)
					  VALUES (battle_id, item_id, -1, item_count),  # The "global" bucket is the total number of drops received.
							 (battle_id, item_id, item_count, 1)    # The count-specific bucket goes up by 1 each time that many drops is observed.
		ON DUPLICATE KEY UPDATE histo_value = histo_value+VALUES(histo_value);
END ;;
DELIMITER ;
/*!50003 SET sql_mode              = @saved_sql_mode */ ;
/*!50003 SET character_set_client  = @saved_cs_client */ ;
/*!50003 SET character_set_results = @saved_cs_results */ ;
/*!50003 SET collation_connection  = @saved_col_connection */ ;
/*!50003 DROP PROCEDURE IF EXISTS `record_drops_for_battle_and_enemy` */;
/*!50003 SET @saved_cs_client      = @@character_set_client */ ;
/*!50003 SET @saved_cs_results     = @@character_set_results */ ;
/*!50003 SET @saved_col_connection = @@collation_connection */ ;
/*!50003 SET character_set_client  = utf8 */ ;
/*!50003 SET character_set_results = utf8 */ ;
/*!50003 SET collation_connection  = utf8_general_ci */ ;
/*!50003 SET @saved_sql_mode       = @@sql_mode */ ;
/*!50003 SET sql_mode              = 'NO_ENGINE_SUBSTITUTION' */ ;
DELIMITER ;;
CREATE DEFINER=`ffrk`@`%` PROCEDURE `record_drops_for_battle_and_enemy`(
	IN battle_id INT,
    IN item_id INT,
    IN enemy_id INT,
    IN item_count INT)
BEGIN
	# If it fails, it's probably due to a foreign key violation (There is no record
    # of this battle).  Ignore the error as well as this entire operation.
	INSERT IGNORE INTO per_enemy_drops (battleid,  itemid,  enemyid,  histo_bucket, histo_value)
					  VALUES (battle_id, item_id, enemy_id, -1, item_count),    # The "global" bucket is the total number of drops received.
							 (battle_id, item_id, enemy_id, item_count, 1)      # The count-specific bucket goes up by 1 each time that many drops is observed.
		ON DUPLICATE KEY UPDATE histo_value=histo_value+VALUES(histo_value);
END ;;
DELIMITER ;
/*!50003 SET sql_mode              = @saved_sql_mode */ ;
/*!50003 SET character_set_client  = @saved_cs_client */ ;
/*!50003 SET character_set_results = @saved_cs_results */ ;
/*!50003 SET collation_connection  = @saved_col_connection */ ;

--
-- Final view structure for view `dungeon_drops`
--

/*!50001 DROP VIEW IF EXISTS `dungeon_drops`*/;
/*!50001 SET @saved_cs_client          = @@character_set_client */;
/*!50001 SET @saved_cs_results         = @@character_set_results */;
/*!50001 SET @saved_col_connection     = @@collation_connection */;
/*!50001 SET character_set_client      = utf8 */;
/*!50001 SET character_set_results     = utf8 */;
/*!50001 SET collation_connection      = utf8_general_ci */;
/*!50001 CREATE ALGORITHM=UNDEFINED */
/*!50013 DEFINER=`ffrk`@`%` SQL SECURITY DEFINER */
/*!50001 VIEW `dungeon_drops` AS select `battles`.`id` AS `battleid`,`items`.`id` AS `itemid`,`dungeons`.`id` AS `dungeon_id`,`dungeons`.`name` AS `dungeon_name`,`dungeons`.`type` AS `dungeon_type`,`battles`.`name` AS `battle_name`,`battles`.`samples` AS `times_run`,`battles`.`stamina` AS `battle_stamina`,`battles`.`histo_samples` AS `times_run_with_histogram`,`items`.`name` AS `item_name`,`items`.`rarity` AS `item_rarity`,`items`.`series` AS `item_series`,`items`.`type` AS `item_type`,`items`.`subtype` AS `item_subtype`,`per_battle_drops`.`histo_bucket` AS `histo_bucket`,`per_battle_drops`.`histo_value` AS `histo_value` from (((`dungeons` join `battles`) join `items`) join `per_battle_drops`) where ((`dungeons`.`id` = `battles`.`dungeon`) and (`battles`.`id` = `per_battle_drops`.`battleid`) and (`items`.`id` = `per_battle_drops`.`itemid`)) */;
/*!50001 SET character_set_client      = @saved_cs_client */;
/*!50001 SET character_set_results     = @saved_cs_results */;
/*!50001 SET collation_connection      = @saved_col_connection */;
/*!40103 SET TIME_ZONE=@OLD_TIME_ZONE */;

/*!40101 SET SQL_MODE=@OLD_SQL_MODE */;
/*!40014 SET FOREIGN_KEY_CHECKS=@OLD_FOREIGN_KEY_CHECKS */;
/*!40014 SET UNIQUE_CHECKS=@OLD_UNIQUE_CHECKS */;
/*!40101 SET CHARACTER_SET_CLIENT=@OLD_CHARACTER_SET_CLIENT */;
/*!40101 SET CHARACTER_SET_RESULTS=@OLD_CHARACTER_SET_RESULTS */;
/*!40101 SET COLLATION_CONNECTION=@OLD_COLLATION_CONNECTION */;
/*!40111 SET SQL_NOTES=@OLD_SQL_NOTES */;

-- Dump completed on 2015-05-30 14:00:24
